record_id,standard_code,record_type,title,machine_extraction_status,excerpt_count,reference_labels,extracted_text,issues,reviewer_decision,reviewer_notes
GB22239-FW-001,GB/T 22239—2019,requirement-control,跨边界流量经受控接口通信,Extracted,4,6.1.3.1 | 7.1.3.1 | 8.1.3.1 a | 9.1.3.1 a,"6 . 1 . 3 . 1      边界防护
应保证跨越边界的访问和数据流通过边界设备提供的受控接口进行通信。

--- EXCERPT ---

7 . 1 . 3 . 1      边界防护
应保证跨越边界的访问和数据流通过边界设备提供的受控接口进行通信。

--- EXCERPT ---

8 . 1 . 3 . 1      边界防护
a)   应保证跨越边界的访问和数据流通过边界设备提供的受控接口进行通信 ;

--- EXCERPT ---

9 . 1 . 3 . 1    边界防护
a)   应保证跨越边界的访问和数据流通过边界设备提供的受控接口进行通信 ;",,,
GB22239-FW-002,GB/T 22239—2019,requirement-control,边界访问控制默认拒绝,Extracted,4,6.1.3.2 a | 7.1.3.2 a | 8.1.3.2 a | 9.1.3.2 a,"6 . 1 . 3 . 2    访问控制
a)   应在网络边界根据访问控制策略设置访问控制规则 , 默认情况下除允许通信外受控接口拒绝所有通信 ;

--- EXCERPT ---

7 . 1 . 3 . 2    访问控制
a)   应在网络边界或区域之间根据访问控制策略设置访问控制规则 , 默认情况下除允许通信外受控接口拒绝所有通信 ;

--- EXCERPT ---

8 . 1 . 3 . 2    访问控制
a)   应在网络边界或区域之间根据访问控制策略设置访问控制规则 , 默认情况下除允许通信外受控接口拒绝所有通信 ;

--- EXCERPT ---

9 . 1 . 3 . 2     访问控制
a)   应在网络边界或区域之间根据访问控制策略设置访问控制规则 , 默认情况下除允许通信外受控接口拒绝所有通信 ;",,,
GB22239-FW-003,GB/T 22239—2019,requirement-control,删除多余或无效访问控制规则,Extracted,4,6.1.3.2 b | 7.1.3.2 b | 8.1.3.2 b | 9.1.3.2 b,"6 . 1 . 3 . 2    访问控制
b)   应删除多余或无效的访问控制规则 , 优化访问控制列表 , 并保证访问控制规则数量最小化 ;

--- EXCERPT ---

7 . 1 . 3 . 2    访问控制
b)   应删除多余或无效的访问控制规则 , 优化访问控制列表 , 并保证访问控制规则数量最小化 ;

--- EXCERPT ---

8 . 1 . 3 . 2    访问控制
b)   应删除多余或无效的访问控制规则 , 优化访问控制列表 , 并保证访问控制规则数量最小化 ;

--- EXCERPT ---

9 . 1 . 3 . 2     访问控制
b)   应删除多余或无效的访问控制规则 , 优化访问控制列表 , 并保证访问控制规则数量最小化 ;",,,
GB22239-FW-004,GB/T 22239—2019,requirement-control,基于五元组检查数据包,Extracted,4,6.1.3.2 c | 7.1.3.2 c | 8.1.3.2 c | 9.1.3.2 c,"6 . 1 . 3 . 2    访问控制
c)    应对源地址、目的地址、源端口、目的端口和协议等进行检查 , 以允许/拒绝数据包进出。

--- EXCERPT ---

7 . 1 . 3 . 2    访问控制
c)    应对源地址、目的地址、源端口、目的端口和协议等进行检查 , 以允许/拒绝数据包进出 ;

--- EXCERPT ---

8 . 1 . 3 . 2    访问控制
c)    应对源地址、目的地址、源端口、目的端口和协议等进行检查 , 以允许/拒绝数据包进出 ;

--- EXCERPT ---

9 . 1 . 3 . 2     访问控制
c)    应对源地址、目的地址、源端口、目的端口和协议等进行检查 , 以允许/拒绝数据包进出 ;",,,
GB22239-FW-005,GB/T 22239—2019,requirement-control,基于会话状态进行访问控制,Extracted,3,7.1.3.2 d | 8.1.3.2 d | 9.1.3.2 d,"7 . 1 . 3 . 2    访问控制
d)   应能根据会话状态信息为进出数据流提供明确的允许/拒绝访问的能力。

--- EXCERPT ---

8 . 1 . 3 . 2    访问控制
d)   应能根据会话状态信息为进出数据流提供明确的允许/拒绝访问的能力 ;

--- EXCERPT ---

9 . 1 . 3 . 2     访问控制
d)   应能根据会话状态信息为进出数据流提供明确的允许/拒绝访问的能力 ;",,,
GB22239-FW-006,GB/T 22239—2019,requirement-control,应用协议、应用内容或协议隔离控制,Extracted,2,8.1.3.2 e | 9.1.3.2 e,"8 . 1 . 3 . 2    访问控制
e)   应对进出网络的数据流实现基于应用协议和应用内容的访问控制。

--- EXCERPT ---

9 . 1 . 3 . 2     访问控制
e)   应在网络边界通过通信协议转换或通信协议隔离等方式进行数据交换。",,,
GB22239-FW-007,GB/T 22239—2019,requirement-control,网络分区与重要区域隔离,Extracted,3,7.1.2.1 a-b | 8.1.2.1 c-d | 9.1.2.1 c-d,"7 . 1 . 2 . 1     网络架构
a)   应划分不同的网络区域 , 并按照方便管理和控制的原则为各网络区域分配地址 ;
b)   应避免将重要网络区域部署在边界处 , 重要网络区域与其他网络区域之间应采取可靠的技术隔离手段。

--- EXCERPT ---

8 . 1 . 2 . 1     网络架构
c)   应划分不同的网络区域,并按照方便管理和控制的原则为各网络区域分配地址 ;
d)   应避免将重要网络区域部署在边界处,重要网络区域与其他网络区域之间应采取可靠的技术隔离手段 ;

--- EXCERPT ---

9 . 1 . 2 . 1     网络架构
c)   应划分不同的网络区域,并按照方便管理和控制的原则为各网络区域分配地址 ;
d)   应避免将重要网络区域部署在边界处,重要网络区域与其他网络区域之间应采取可靠的技术隔离手段 ;",,,
GB22239-FW-008,GB/T 22239—2019,requirement-control,关键网络设备容量与硬件冗余,Extracted,2,"8.1.2.1 a,e | 9.1.2.1 a,e","8 . 1 . 2 . 1     网络架构
a)   应保证网络设备的业务处理能力满足业务高峰期需要 ;
e)   应提供通信线路、关键网络设备和关键计算设备的硬件冗余,保证系统的可用性。

--- EXCERPT ---

9 . 1 . 2 . 1     网络架构
a)   应保证网络设备的业务处理能力满足业务高峰期需要 ;
e)   应提供通信线路、关键网络设备和关键计算设备的硬件冗余,保证系统的可用性 ;",,,
GB22239-FW-009,GB/T 22239—2019,requirement-control,网络攻击检测、防止或限制,Extracted,3,7.1.3.3 | 8.1.3.3 a-c | 9.1.3.3 a-c,"7 . 1 . 3 . 3    入侵防范
应在关键网络节点处监视网络攻击行为。

--- EXCERPT ---

8 . 1 . 3 . 3    入侵防范
a)   应在关键网络节点处检测、防止或限制从外部发起的网络攻击行为 ;
b)   应在关键网络节点处检测、防止或限制从内部发起的网络攻击行为 ;
c)   应采取技术措施对网络行为进行分析 , 实现对网络攻击特别是新型网络攻击行为的分析 ;

--- EXCERPT ---

9 . 1 . 3 . 3     入侵防范
a)   应在关键网络节点处检测、防止或限制从外部发起的网络攻击行为 ;
b)   应在关键网络节点处检测、防止或限制从内部发起的网络攻击行为 ;
c)   应采取技术措施对网络行为进行分析 , 实现对网络攻击特别是新型网络攻击行为的分析 ;",,,
GB22239-FW-010,GB/T 22239—2019,requirement-control,攻击事件记录与严重事件告警,Extracted,2,8.1.3.3 d | 9.1.3.3 d,"8 . 1 . 3 . 3    入侵防范
d)    当检测到攻击行为时 , 记录攻击源 IP、攻击类型、攻击目标、攻击时间 , 在发生严重入侵事件时应提供报警。

--- EXCERPT ---

9 . 1 . 3 . 3     入侵防范
d)   当检测到攻击行为时 , 记录攻击源 IP、攻击类型、攻击目标、攻击时间 , 在发生严重入侵事件时应提供报警。",,,
GB22239-FW-011,GB/T 22239—2019,requirement-control,网络恶意代码检测、清除和更新,Extracted,3,7.1.3.4 | 8.1.3.4 a | 9.1.3.4 a,"7 . 1 . 3 . 4     恶意代码防范
应在关键网络节点处对恶意代码进行检测和清除 , 并维护恶意代码防护机制的升级和更新。

--- EXCERPT ---

8 . 1 . 3 . 4    恶意代码和垃圾邮件防范
a)   应在关键网络节点处对恶意代码进行检测和清除 , 并维护恶意代码防护机制的升级和更新 ;

--- EXCERPT ---

9 . 1 . 3 . 4    恶意代码和垃圾邮件防范
a)   应在关键网络节点处对恶意代码进行检测和清除 , 并维护恶意代码防护机制的升级和更新 ;",,,
GB22239-FW-012,GB/T 22239—2019,requirement-control,网络边界安全审计覆盖,Extracted,3,7.1.3.5 a | 8.1.3.5 a | 9.1.3.5 a,"7 . 1 . 3 . 5    安全审计
a)   应在网络边界、重要网络节点进行安全审计 , 审计覆盖到每个用户 , 对重要的用户行为和重要安全事件进行审计 ;

--- EXCERPT ---

8 . 1 . 3 . 5    安全审计
a)   应在网络边界、重要网络节点进行安全审计 , 审计覆盖到每个用户 , 对重要的用户行为和重要安全事件进行审计 ;

--- EXCERPT ---

9 . 1 . 3 . 5    安全审计
a)   应在网络边界、重要网络节点进行安全审计,审计覆盖到每个用户,对重要的用户行为和重要安全事件进行审计 ;",,,
GB22239-FW-013,GB/T 22239—2019,requirement-control,审计记录字段完整,Extracted,3,7.1.3.5 b | 8.1.3.5 b | 9.1.3.5 b,"7 . 1 . 3 . 5    安全审计
b)   审计记录应包括事件的日期和时间、用户、事件类型、事件是否成功及其他与审计相关的信息 ;

--- EXCERPT ---

8 . 1 . 3 . 5    安全审计
b)   审计记录应包括事件的 日期和时间、用户、事件类型、事件是否成功及其他与审计相关的信息 ;

--- EXCERPT ---

9 . 1 . 3 . 5    安全审计
b)   审计记录应包括事件的 日期和时间、用户、事件类型、事件是否成功及其他与审计相关的信息 ;",,,
GB22239-FW-014,GB/T 22239—2019,requirement-control,审计记录保护与定期备份,Extracted,3,7.1.3.5 c | 8.1.3.5 c | 9.1.3.5 c,"7 . 1 . 3 . 5    安全审计
c)   应对审计记录进行保护,定期备份,避免受到未预期的删除、修改或覆盖等。

--- EXCERPT ---

8 . 1 . 3 . 5    安全审计
c)    应对审计记录进行保护 , 定期备份 , 避免受到未预期的删除、修改或覆盖等 ;

--- EXCERPT ---

9 . 1 . 3 . 5    安全审计
c)   应对审计记录进行保护,定期备份,避免受到未预期的删除、修改或覆盖等。",,,
GB22239-FW-015,GB/T 22239—2019,requirement-control,远程访问及互联网访问行为单独审计,Extracted,1,8.1.3.5 d,"8 . 1 . 3 . 5    安全审计
d)   应能对远程访问的用户行为、访问互联网的用户行为等单独进行行为审计和数据分析。",,,
GB22239-FW-016,GB/T 22239—2019,requirement-control,管理登录身份唯一、鉴别信息复杂并定期更换,Extracted,4,6.1.4.1 a | 7.1.4.1 a | 8.1.4.1 a | 9.1.4.1 a,"6 . 1 . 4 . 1      身份鉴别
a)   应对登录的用户进行身份标识和鉴别,身份标识具有唯一性,身份鉴别信息具有复杂度要求并定期更换 ;

--- EXCERPT ---

7 . 1 . 4 . 1      身份鉴别
a)   应对登录的用户进行身份标识和鉴别,身份标识具有唯一性,身份鉴别信息具有复杂度要求并定期更换 ;

--- EXCERPT ---

8 . 1 . 4 . 1      身份鉴别
a)   应对登录的用户进行身份标识和鉴别,身份标识具有唯一性,身份鉴别信息具有复杂度要求并定期更换 ;

--- EXCERPT ---

9 . 1 . 4 . 1      身份鉴别
a)   应对登录的用户进行身份标识和鉴别,身份标识具有唯一性,身份鉴别信息具有复杂度要求并定期更换 ;",,,
GB22239-FW-017,GB/T 22239—2019,requirement-control,登录失败处理和会话超时,Extracted,4,6.1.4.1 b | 7.1.4.1 b | 8.1.4.1 b | 9.1.4.1 b,"6 . 1 . 4 . 1      身份鉴别
b)   应具有登录失败处理功能,应配置并启用结束会话、限制非法登录次数和当登录连接超时自动退出等相关措施。

--- EXCERPT ---

7 . 1 . 4 . 1      身份鉴别
b)   应具有登录失败处理功能,应配置并启用结束会话、限制非法登录次数和当登录连接超时自动退出等相关措施 ;

--- EXCERPT ---

8 . 1 . 4 . 1      身份鉴别
b)   应具有登录失败处理功能,应配置并启用结束会话、限制非法登录次数和当登录连接超时自动退出等相关措施 ;

--- EXCERPT ---

9 . 1 . 4 . 1      身份鉴别
b)   应具有登录失败处理功能,应配置并启用结束会话、限制非法登录次数和当登录连接超时自动退出等相关措施 ;",,,
GB22239-FW-018,GB/T 22239—2019,requirement-control,管理用户多因素身份鉴别,Extracted,2,8.1.4.1 d | 9.1.4.1 d,"8 . 1 . 4 . 1      身份鉴别
d)   应采用口令、密码技术、生物技术等两种或两种以上组合的鉴别技术对用户进行身份鉴别,且其中一种鉴别技术至少应使用密码技术来实现。

--- EXCERPT ---

9 . 1 . 4 . 1      身份鉴别
d)   应采用口令、密码技术、生物技术等两种或两种以上组合的鉴别技术对用户进行身份鉴别,且其中一种鉴别技术至少应使用密码技术来实现。",,,
GB22239-FW-019,GB/T 22239—2019,requirement-control,远程管理鉴别信息传输保护,Extracted,3,7.1.4.1 c | 8.1.4.1 c | 9.1.4.1 c,"7 . 1 . 4 . 1      身份鉴别
c)    当进行远程管理时,应采取必要措施防止鉴别信息在网络传输过程中被窃听。

--- EXCERPT ---

8 . 1 . 4 . 1      身份鉴别
c)    当进行远程管理时,应采取必要措施防止鉴别信息在网络传输过程中被窃听 ;

--- EXCERPT ---

9 . 1 . 4 . 1      身份鉴别
c)    当进行远程管理时,应采取必要措施防止鉴别信息在网络传输过程中被窃听 ;",,,
GB22239-FW-020,GB/T 22239—2019,requirement-control,默认、过期、多余和共享账户治理,Extracted,4,6.1.4.2 b-c | 7.1.4.2 b-c | 8.1.4.2 b-c | 9.1.4.2 b-c,"6 . 1 . 4 . 2    访问控制
b)   应重命名或删除默认账户,修改默认账户的默认口令 ;
c)    应及时删除或停用多余的、过期的账户,避免共享账户的存在。

--- EXCERPT ---

7 . 1 . 4 . 2    访问控制
b)   应重命名或删除默认账户,修改默认账户的默认口令 ;
c)    应及时删除或停用多余的、过期的账户,避免共享账户的存在 ;

--- EXCERPT ---

8 . 1 . 4 . 2    访问控制
b)   应重命名或删除默认账户,修改默认账户的默认口令 ;
c)    应及时删除或停用多余的、过期的账户,避免共享账户的存在 ;

--- EXCERPT ---

9 . 1 . 4 . 2    访问控制
b)   应重命名或删除默认账户,修改默认账户的默认口令 ;
c)    应及时删除或停用多余的、过期的账户,避免共享账户的存在 ;",,,
GB22239-FW-021,GB/T 22239—2019,requirement-control,管理用户最小权限和权限分离,Extracted,3,7.1.4.2 d | 8.1.4.2 d | 9.1.4.2 d,"7 . 1 . 4 . 2    访问控制
d)   应授予管理用户所需的最小权限,实现管理用户的权限分离。

--- EXCERPT ---

8 . 1 . 4 . 2    访问控制
d)   应授予管理用户所需的最小权限,实现管理用户的权限分离 ;

--- EXCERPT ---

9 . 1 . 4 . 2    访问控制
d)   应授予管理用户所需的最小权限,实现管理用户的权限分离 ;",,,
GB22239-FW-022,GB/T 22239—2019,requirement-control,限制远程管理终端来源,Extracted,3,7.1.4.4 c | 8.1.4.4 c | 9.1.4.4 c,"7 . 1 . 4 . 4    入侵防范
c)   应通过设定终端接入方式或网络地址范围对通过网络进行管理的管理终端进行限制 ;

--- EXCERPT ---

8 . 1 . 4 . 4    入侵防范
c)   应通过设定终端接入方式或网络地址范围对通过网络进行管理的管理终端进行限制 ;

--- EXCERPT ---

9 . 1 . 4 . 4    入侵防范
c)   应通过设定终端接入方式或网络地址范围对通过网络进行管理的管理终端进行限制 ;",,,
GB22239-FW-023,GB/T 22239—2019,requirement-control,关闭不需要的服务和高危端口,Extracted,4,6.1.4.3 a-b | 7.1.4.4 a-b | 8.1.4.4 a-b | 9.1.4.4 a-b,"6 . 1 . 4 . 3    入侵防范
a)   应遵循最小安装的原则,仅安装需要的组件和应用程序 ;
b)   应关闭不需要的系统服务、默认共享和高危端口。

--- EXCERPT ---

7 . 1 . 4 . 4    入侵防范
a)   应遵循最小安装的原则,仅安装需要的组件和应用程序 ;
b)   应关闭不需要的系统服务、默认共享和高危端口 ;

--- EXCERPT ---

8 . 1 . 4 . 4    入侵防范
a)   应遵循最小安装的原则,仅安装需要的组件和应用程序 ;
b)   应关闭不需要的系统服务、默认共享和高危端口 ;

--- EXCERPT ---

9 . 1 . 4 . 4    入侵防范
a)   应遵循最小安装的原则,仅安装需要的组件和应用程序 ;
b)   应关闭不需要的系统服务、默认共享和高危端口 ;",,,
GB22239-FW-024,GB/T 22239—2019,requirement-control,已知漏洞发现和修补,Extracted,3,7.1.4.4 e | 8.1.4.4 e | 9.1.4.4 e,"7 . 1 . 4 . 4    入侵防范
e)   应能发现可能存在的已知漏洞,并在经过充分测试评估后,及时修补漏洞。

--- EXCERPT ---

8 . 1 . 4 . 4    入侵防范
e)   应能发现可能存在的已知漏洞,并在经过充分测试评估后,及时修补漏洞 ;

--- EXCERPT ---

9 . 1 . 4 . 4    入侵防范
e)   应能发现可能存在的已知漏洞,并在经过充分测试评估后,及时修补漏洞 ;",,,
GB22239-FW-025,GB/T 22239—2019,requirement-control,重要配置和数据备份恢复,Extracted,4,6.1.4.7 | 7.1.4.8 a-b | 8.1.4.9 a-b | 9.1.4.9 a-b,"6 . 1 . 4 . 7    数据备份恢复
应提供重要数据的本地数据备份与恢复功能。

--- EXCERPT ---

7 . 1 . 4 . 8    数据备份恢复
a)   应提供重要数据的本地数据备份与恢复功能 ;
b)   应提供异地数据备份功能,利用通信网络将重要数据定时批量传送至备用场地。

--- EXCERPT ---

8 . 1 . 4 . 9    数据备份恢复
a)   应提供重要数据的本地数据备份与恢复功能 ;
b)   应提供异地实时备份功能,利用通信网络将重要数据实时备份至备份场地 ;

--- EXCERPT ---

9 . 1 . 4 . 9    数据备份恢复
a)   应提供重要数据的本地数据备份与恢复功能 ;
b)   应提供异地实时备份功能,利用通信网络将重要数据实时备份至备份场地 ;",,,
GB22239-FW-026,GB/T 22239—2019,requirement-control,设备安全审计功能及审计进程保护,Extracted,3,7.1.4.3 a-c | 8.1.4.3 a-d | 9.1.4.3 a-d,"7 . 1 . 4 . 3    安全审计
a)   应启用安全审计功能,审计覆盖到每个用户,对重要的用户行为和重要安全事件进行审计 ;
b)   审计记录应包括事件的日期和时间、用户、事件类型、事件是否成功及其他与审计相关的信息 ;
c)   应对审计记录进行保护,定期备份,避免受到未预期的删除、修改或覆盖等。

--- EXCERPT ---

8 . 1 . 4 . 3    安全审计
a)   应启用安全审计功能,审计覆盖到每个用户,对重要的用户行为和重要安全事件进行审计 ;
b)   审计记录应包括事件的 日期和时间、用户、事件类型、事件是否成功及其他与审计相关的信息 ;
c)   应对审计记录进行保护,定期备份,避免受到未预期的删除、修改或覆盖等 ;
d)   应对审计进程进行保护,防止未经授权的中断。

--- EXCERPT ---

9 . 1 . 4 . 3    安全审计
a)   应启用安全审计功能,审计覆盖到每个用户,对重要的用户行为和重要安全事件进行审计 ;
b)   审计记录应包括事件的 日期和时间、事件类型、主体标识、客体标识和结果等 ;
c)   应对审计记录进行保护,定期备份,避免受到未预期的删除、修改或覆盖等 ;
d)   应对审计进程进行保护,防止未经授权的中断。",,,
GB22239-FW-027,GB/T 22239—2019,requirement-control,系统管理员身份鉴别、受限操作界面和操作审计,Extracted,3,7.1.5.1 a | 8.1.5.1 a | 9.1.5.1 a,"7 . 1 . 5 . 1     系统管理
a)   应对系统管理员进行身份鉴别,只允许其通过特定的命令或操作界面进行系统管理操作,并对这些操作进行审计 ;

--- EXCERPT ---

8 . 1 . 5 . 1     系统管理
a)   应对系统管理员进行身份鉴别,只允许其通过特定的命令或操作界面进行系统管理操作,并对这些操作进行审计 ;

--- EXCERPT ---

9 . 1 . 5 . 1     系统管理
a)   应对系统管理员进行身份鉴别,只允许其通过特定的命令或操作界面进行系统管理操作,并对这些操作进行审计 ;",,,
GB22239-FW-028,GB/T 22239—2019,requirement-control,审计管理员身份鉴别、受限操作界面和操作审计,Extracted,3,7.1.5.2 a | 8.1.5.2 a | 9.1.5.2 a,"7 . 1 . 5 . 2    审计管理
a)   应对审计管理员进行身份鉴别,只允许其通过特定的命令或操作界面进行安全审计操作,并对这些操作进行审计 ;

--- EXCERPT ---

8 . 1 . 5 . 2    审计管理
a)   应对审计管理员进行身份鉴别,只允许其通过特定的命令或操作界面进行安全审计操作,并对这些操作进行审计 ;

--- EXCERPT ---

9 . 1 . 5 . 2    审计管理
a)   应对审计管理员进行身份鉴别,只允许其通过特定的命令或操作界面进行安全审计操作,并对这些操作进行审计 ;",,,
GB22239-FW-029,GB/T 22239—2019,requirement-control,安全管理员身份鉴别、受限操作界面和操作审计,Extracted,2,8.1.5.3 a-b | 9.1.5.3 a-b,"8 . 1 . 5 . 3    安全管理
a)   应对安全管理员进行身份鉴别,只允许其通过特定的命令或操作界面进行安全管理操作,并对这些操作进行审计 ;
b)   应通过安全管理员对系统中的安全策略进行配置,包括安全参数的设置,主体、客体进行统 一安全标记,对主体进行授权,配置可信验证策略等。

--- EXCERPT ---

9 . 1 . 5 . 3    安全管理
a)   应对安全管理员进行身份鉴别,只允许其通过特定的命令或操作界面进行安全管理操作,并对这些操作进行审计 ;
b)   应通过安全管理员对系统中的安全策略进行配置,包括安全参数的设置,主体、客体进行统 一安全标记,对主体进行授权,配置可信验证策略等。",,,
GB22239-FW-030,GB/T 22239—2019,requirement-control,安全设备集中管控区域和安全管理路径,Extracted,2,8.1.5.4 a-b | 9.1.5.4 a-b,"8 . 1 . 5 . 4    集中管控
a)   应划分出特定的管理区域,对分布在网络中的安全设备或安全组件进行管控 ;
b)   应能够建立一条安全的信息传输路径,对网络中的安全设备或安全组件进行管理 ;

--- EXCERPT ---

9 . 1 . 5 . 4    集中管控
a)   应划分出特定的管理区域,对分布在网络中的安全设备或安全组件进行管控 ;
b)   应能够建立一条安全的信息传输路径,对网络中的安全设备或安全组件进行管理 ;",,,
GB22239-FW-031,GB/T 22239—2019,requirement-control,设备运行状态集中监测,Extracted,2,8.1.5.4 c | 9.1.5.4 c,"8 . 1 . 5 . 4    集中管控
c)    应对网络链路、安全设备、网络设备和服务器等的运行状况进行集中监测 ;

--- EXCERPT ---

9 . 1 . 5 . 4    集中管控
c)    应对网络链路、安全设备、网络设备和服务器等的运行状况进行集中监测 ;",,,
GB22239-FW-032,GB/T 22239—2019,requirement-control,审计数据集中收集和留存,Extracted,2,8.1.5.4 d | 9.1.5.4 d,"8 . 1 . 5 . 4    集中管控
d)   应对分散在各个设备上的审计数据进行收集汇总和集中分析,并保证审计记录的留存时间符合法律法规要求 ;

--- EXCERPT ---

9 . 1 . 5 . 4    集中管控
d)   应对分散在各个设备上的审计数据进行收集汇总和集中分析,并保证审计记录的留存时间符合法律法规要求 ;",,,
GB22239-FW-033,GB/T 22239—2019,requirement-control,安全策略、恶意代码和补丁升级集中管理,Extracted,2,8.1.5.4 e | 9.1.5.4 e,"8 . 1 . 5 . 4    集中管控
e)   应对安全策略、恶意代码、补丁升级等安全相关事项进行集中管理 ;

--- EXCERPT ---

9 . 1 . 5 . 4    集中管控
e)   应对安全策略、恶意代码、补丁升级等安全相关事项进行集中管理 ;",,,
GB22239-FW-034,GB/T 22239—2019,requirement-control,安全事件集中识别、报警和分析,Extracted,2,8.1.5.4 f | 9.1.5.4 f,"8 . 1 . 5 . 4    集中管控
f)    应能对网络中发生的各类安全事件进行识别、报警和分析。

--- EXCERPT ---

9 . 1 . 5 . 4    集中管控
f)    应能对网络中发生的各类安全事件进行识别、报警和分析 ;",,,
GB22239-FW-035,GB/T 22239—2019,requirement-control,系统范围统一时钟,Extracted,1,9.1.5.4 g,"9 . 1 . 5 . 4    集中管控
g)   应保证系统范围内的时间由唯一确定的时钟产生,以保证各种数据的管理和分析在时间上的一致性。",,,
GB22239-FW-036,GB/T 22239—2019,requirement-control,通信数据完整性和保密性,Extracted,5,6.1.2.1 | 7.1.2.2 | 8.1.2.2 a-b | 9.1.2.2 a | 9.1.2.2 b-d,"6 . 1 . 2 . 1    通信传输
应采用校验技术保证通信过程中数据的完整性。

--- EXCERPT ---

7 . 1 . 2 . 2    通信传输
应采用校验技术保证通信过程中数据的完整性。

--- EXCERPT ---

8 . 1 . 2 . 2    通信传输
a)   应采用校验技术或密码技术保证通信过程中数据的完整性 ;
b)   应采用密码技术保证通信过程中数据的保密性。

--- EXCERPT ---

9 . 1 . 2 . 2    通信传输
a)   应采用密码技术保证通信过程中数据的完整性 ;

--- EXCERPT ---

9 . 1 . 2 . 2    通信传输
b)   应采用密码技术保证通信过程中数据的保密性 ;
c)    应在通信前基于密码技术对通信的双方进行验证或认证 ;
d)   应基于硬件密码模块对重要通信过程进行密码运算和密钥管理。",,,
GB22239-FW-CLOUD-001,GB/T 22239—2019,requirement-control,云服务客户虚拟网络隔离,Extracted,4,6.2.2.1 b | 7.2.2.1 b | 8.2.2.1 b | 9.2.2.1 b,"6 . 2 . 2 . 1      网络架构
b)   应实现不同云服务客户虚拟网络之间的隔离。

--- EXCERPT ---

7 . 2 . 2 . 1      网络架构
b)   应实现不同云服务客户虚拟网络之间的隔离 ;

--- EXCERPT ---

8 . 2 . 2 . 1      网络架构
b)   应实现不同云服务客户虚拟网络之间的隔离 ;

--- EXCERPT ---

9 . 2 . 2 . 1     网络架构
b)   应实现不同云服务客户虚拟网络之间的隔离 ;",,,
GB22239-FW-CLOUD-002,GB/T 22239—2019,requirement-control,虚拟化边界访问控制机制和规则,Extracted,4,6.2.3.1 | 7.2.3.1 a-b | 8.2.3.1 a-b | 9.2.3.1 a-b,"6 . 2 . 3 . 1    访问控制
应在虚拟化网络边界部署访问控制机制,并设置访问控制规则。

--- EXCERPT ---

7 . 2 . 3 . 1    访问控制
a)   应在虚拟化网络边界部署访问控制机制,并设置访问控制规则 ;
b)   应在不同等级的网络区域边界部署访问控制机制,设置访问控制规则。

--- EXCERPT ---

8 . 2 . 3 . 1    访问控制
a)   应在虚拟化网络边界部署访问控制机制,并设置访问控制规则 ;
b)   应在不同等级的网络区域边界部署访问控制机制,设置访问控制规则。

--- EXCERPT ---

9 . 2 . 3 . 1    访问控制
a)   应在虚拟化网络边界部署访问控制机制,并设置访问控制规则 ;
b)   应在不同等级的网络区域边界部署访问控制机制,设置访问控制规则。",,,
GB22239-FW-CLOUD-003,GB/T 22239—2019,requirement-control,云环境攻击和异常流量检测告警,Extracted,3,7.2.3.2 a-c | 8.2.3.2 a-d | 9.2.3.2 a-d,"7 . 2 . 3 . 2    入侵防范
a)   应能检测到云服务客户发起的网络攻击行为,并能记录攻击类型、攻击时间、攻击流量等 ;
b)   应能检测到对虚拟网络节点的网络攻击行为,并能记录攻击类型、攻击时间、攻击流量等 ;
c)    应能检测到虚拟机与宿主机、虚拟机与虚拟机之间的异常流量。

--- EXCERPT ---

8 . 2 . 3 . 2    入侵防范
a)   应能检测到云服务客户发起的网络攻击行为,并能记录攻击类型、攻击时间、攻击流量等 ;
b)   应能检测到对虚拟网络节点的网络攻击行为,并能记录攻击类型、攻击时间、攻击流量等 ;
c)    应能检测到虚拟机与宿主机、虚拟机与虚拟机之间的异常流量 ;
d)   应在检测到网络攻击行为、异常流量情况时进行告警。

--- EXCERPT ---

9 . 2 . 3 . 2    入侵防范
a)   应能检测到云服务客户发起的网络攻击行为,并能记录攻击类型、攻击时间、攻击流量等 ;
b)   应能检测到对虚拟网络节点的网络攻击行为,并能记录攻击类型、攻击时间、攻击流量等 ;
c)    应能检测到虚拟机与宿主机、虚拟机与虚拟机之间的异常流量 ;
d)   应在检测到网络攻击行为、异常流量情况时进行告警。",,,
GB22239-FW-CLOUD-004,GB/T 22239—2019,requirement-control,云平台远程特权命令审计,Extracted,3,7.2.3.3 a-b | 8.2.3.3 a-b | 9.2.3.3 a-b,"7 . 2 . 3 . 3     安全审计
a)   应对云服务商和云服务客户在远程管理时执行的特权命令进行审计,至少包括虚拟机删除、虚拟机重启 ;
b)   应保证云服务商对云服务客户系统和数据的操作可被云服务客户审计。

--- EXCERPT ---

8 . 2 . 3 . 3     安全审计
a)   应对云服务商和云服务客户在远程管理时执行的特权命令进行审计,至少包括虚拟机删除、虚拟机重启 ;
b)   应保证云服务商对云服务客户系统和数据的操作可被云服务客户审计。

--- EXCERPT ---

9 . 2 . 3 . 3     安全审计
a)   应对云服务商和云服务客户在远程管理时执行的特权命令进行审计,至少包括虚拟机删除、虚拟机重启 ;
b)   应保证云服务商对云服务客户系统和数据的操作可被云服务客户审计。",,,
GB22239-FW-CLOUD-005,GB/T 22239—2019,requirement-control,远程管理云设备双向身份验证,Extracted,2,8.2.4.1 | 9.2.4.1,"8 . 2 . 4 . 1    身份鉴别
当远程管理云计算平台中设备时,管理终端和云计算平台之间应建立双向身份验证机制。

--- EXCERPT ---

9 . 2 . 4 . 1    身份鉴别
当远程管理云计算平台中设备时,管理终端和云计算平台之间应建立双向身份验证机制。",,,
GB22239-FW-MOBILE-001,GB/T 22239—2019,requirement-control,有线与无线网络边界经无线接入网关,Extracted,4,6.3.2.1 | 7.3.2.1 | 8.3.2.1 | 9.3.2.1,"6 . 3 . 2 . 1    边界防护
应保证有线网络与无线网络边界之间的访问和数据流通过无线接入安全网关设备。

--- EXCERPT ---

7 . 3 . 2 . 1    边界防护
应保证有线网络与无线网络边界之间的访问和数据流通过无线接入网关设备。

--- EXCERPT ---

8 . 3 . 2 . 1    边界防护
应保证有线网络与无线网络边界之间的访问和数据流通过无线接入网关设备。

--- EXCERPT ---

9 . 3 . 2 . 1    边界防护
应保证有线网络与无线网络边界之间的访问和数据流通过无线接入网关设备。",,,
GB22239-FW-IOT-001,GB/T 22239—2019,requirement-control,限制感知节点和网关节点通信目标地址,Extracted,3,7.4.2.2 a-b | 8.4.2.2 a-b | 9.4.2.2 a-b,"7 . 4 . 2 . 2    入侵防范
a)   应能够限制与感知节点通信的目标地址,以避免对陌生地址的攻击行为 ;
b)   应能够限制与网关节点通信的目标地址,以避免对陌生地址的攻击行为。

--- EXCERPT ---

8 . 4 . 2 . 2    入侵防范
a)   应能够限制与感知节点通信的目标地址,以避免对陌生地址的攻击行为 ;
b)   应能够限制与网关节点通信的目标地址,以避免对陌生地址的攻击行为。

--- EXCERPT ---

9 . 4 . 2 . 2    入侵防范
a)   应能够限制与感知节点通信的目标地址,以避免对陌生地址的攻击行为 ;
b)   应能够限制与网关节点通信的目标地址,以避免对陌生地址的攻击行为。",,,
GB22239-FW-ICS-001,GB/T 22239—2019,requirement-control,工业控制系统分区和技术隔离,Extracted,4,6.5.2.1 a-b | 7.5.2.1 a-c | 8.5.2.1 a-c | 9.5.2.1 a-c,"6 . 5 . 2 . 1      网络架构
a)   工业控制系统与企业其他系统之间应划分为两个区域,区域间应采用技术隔离手段 ;
b)   工业控制系统内部应根据业务特点划分为不同的安全域,安全域之间应采用技术隔离手段。

--- EXCERPT ---

7 . 5 . 2 . 1      网络架构
a)   工业控制系统与企业其他系统之间应划分为两个区域,区域间应采用技术隔离手段 ;
b)   工业控制系统内部应根据业务特点划分为不同的安全域,安全域之间应采用技术隔离手段 ;
c)    涉及实时控制和数据传输的工业控制系统,应使用独立的网络设备组网,在物理层面上实现与其他数据网及外部公共信息网的安全隔离。

--- EXCERPT ---

8 . 5 . 2 . 1      网络架构
a)   工业控制系统与企业其他系统之间应划分为两个区域,区域间应采用单向的技术隔离手段 ;
b)   工业控制系统内部应根据业务特点划分为不同的安全域,安全域之间应采用技术隔离手段 ;
c)   涉及实时控制和数据传输的工业控制系统,应使用独立的网络设备组网,在物理层面上实现与其他数据网及外部公共信息网的安全隔离。

--- EXCERPT ---

9 . 5 . 2 . 1      网络架构
a)   工业控制系统与企业其他系统之间应划分为两个区域,区域间应采用符合国家或行业规定的专用产品实现单向安全隔离 ;
b)   工业控制系统内部应根据业务特点划分为不同的安全域,安全域之间应采用技术隔离手段 ;
c)   涉及实时控制和数据传输的工业控制系统,应使用独立的网络设备组网,在物理层面上实现与其他数据网及外部公共信息网的安全隔离。",,,
GB22239-FW-ICS-002,GB/T 22239—2019,requirement-control,工控边界部署访问控制并禁止通用网络服务,Extracted,4,6.5.3.1 | 7.5.3.1 a | 8.5.3.1 a | 9.5.3.1 a,"6 . 5 . 3 . 1    访问控制
应在工业控制系统与企业其他系统之间部署访问控制设备,配置访问控制策略,禁止任何穿越区域边界的 E-Mail、Web、Telnet、Rlogin、FTP等通用网络服务。

--- EXCERPT ---

7 . 5 . 3 . 1    访问控制
a)   应在工业控制系统与企业其他系统之间部署访问控制设备,配置访问控制策略,禁止任何穿越区域边界的 E-Mail、Web、Telnet、Rlogin、FTP等通用网络服务 ;

--- EXCERPT ---

8 . 5 . 3 . 1    访问控制
a)   应在工业控制系统与企业其他系统之间部署访问控制设备,配置访问控制策略,禁止任何穿越区域边界的 E-Mail、Web、Telnet、Rlogin、FTP等通用网络服务 ;

--- EXCERPT ---

9 . 5 . 3 . 1    访问控制
a)   应在工业控制系统与企业其他系统之间部署访问控制设备,配置访问控制策略,禁止任何穿越区域边界的 E-Mail、Web、Telnet、Rlogin、FTP等通用网络服务 ;",,,
GB22239-FW-ICS-003,GB/T 22239—2019,requirement-control,工控安全域边界防护失效告警,Extracted,3,7.5.3.1 b | 8.5.3.1 b | 9.5.3.1 b,"7 . 5 . 3 . 1    访问控制
b)   应在工业控制系统内安全域和安全域之间的边界防护机制失效时,及时进行报警。

--- EXCERPT ---

8 . 5 . 3 . 1    访问控制
b)   应在工业控制系统内安全域和安全域之间的边界防护机制失效时,及时进行报警。

--- EXCERPT ---

9 . 5 . 3 . 1    访问控制
b)   应在工业控制系统内安全域和安全域之间的边界防护机制失效时,及时进行报警。",,,
GB22239-FW-ICS-004,GB/T 22239—2019,requirement-control,工控广域网通信加密认证和访问控制,Extracted,3,7.5.2.2 | 8.5.2.2 | 9.5.2.2,"7 . 5 . 2 . 2    通信传输
在工业控制系统内使用广域网进行控制指令或相关数据交换的应采用加密认证技术手段实现身份认证、访问控制和数据加密传输。

--- EXCERPT ---

8 . 5 . 2 . 2    通信传输
在工业控制系统内使用广域网进行控制指令或相关数据交换的应采用加密认证技术手段实现身份认证、访问控制和数据加密传输。

--- EXCERPT ---

9 . 5 . 2 . 2    通信传输
在工业控制系统内使用广域网进行控制指令或相关数据交换的应采用加密认证技术手段实现身份认证、访问控制和数据加密传输。",,,
GB20281-FW-001,GB/T 20281—2020,product-control,部署模式,Extracted,2,6.1.1.1 | 7.2.1.1,"6.1.1.1     部署模式
产品应支持以下部署模式：
a)  透明传输模式；
b)   路由转发模式；
c)  反向代理模式。

--- EXCERPT ---

7.2.1.1      部署模式
部署模式的测评方法如下：
a)  测评方法：
1)   将产品配置为透明传输模式，并配置相关安全策略；
2)   将产品配置为路由转发模式，并配置相关安全策略；
3)   将产品配置为反向代理模式，并配置相关安全策略。
b)   预期结果：
1)    透明传输模式下，安全策略生效；
2)   路由转发模式下，安全策略生效；
3)   反向代理模式下，安全策略生效。
c)  结果判定：
实际测评结果与相关预期结果一致则判定为符合，其他情况判定为不符合。",,,
GB20281-FW-002,GB/T 20281—2020,product-control,静态路由,Extracted,2,6.1.1.2.1 | 7.2.1.2.1,"6.1.1.2.1     静态路由
产品应支持静态路由功能，且能配置静态路由。

--- EXCERPT ---

7.2.1.2.1      静态路由
静态路由的测评方法如下：
a)  测评方法：
1)   在产品设置一条静态路由；
2)    向产品发送匹配上述路由策略的数据包。
b)   预期结果：
1)   产品支持设置静态路由；
2)   产品将匹配策略的数据包按照路由策略转发。
c)  结果判定：
实际测评结果与相关预期结果一致则判定为符合，其他情况判定为不符合。",,,
GB20281-FW-003,GB/T 20281—2020,product-control,策略路由,Extracted,2,6.1.1.2.2 | 7.2.1.2.2,"6.1.1.2.2    策略路由
具有多个相同属性网络接口（多个外部网络接 口、多个内部网络接口或多个 DMZ 网络接口）的产品，应支持策略路由功能，包括但不限于：
a)    基于源、目的 IP 策略路由；
b)   基于接口的策略路由；
c)   基于协议和端口的策略路由；
d)   基于应用类型的策略路由；
e)   基于多链路负载情况自动选择路由。

--- EXCERPT ---

7.2.1.2.2    策略路由
策略路由的测评方法如下：
a)  测评方法：
1)   在产品设置一条基于源、目 的 IP 的策略路由，向产品发送匹配上述路由策略的数据包；
2)   在产品设置一条基于接口的策略路由，向产品发送匹配上述路由策略的数据包；
3)   在产品设置一条基于协议和端口的策略路由，向产品发送匹配上述路由策略的数据包；
4)   在产品设置一条基于应用类型的策略路由，向产品发送匹配上述路由策略的数据包；
5)   针对某一目标地址在产品部署多条路由，设置一条根据多链路负载情况 自动选路的策略路由，改变各链路的负载情况。
b)   预期结果：
1)   产品支持设置基于源、目 的 IP 的策略路由，匹配策略数据包的路由与策略设置一致；
2)   产品支持设置基于接口的策略路由，匹配策略数据包的下一跳接口与策略设置一致；
3)   产品支持设置基于协议和端口的策略路由，匹配策略数据包的路由与策略设置一致；
4)   产品支持设置基于应用类型的策略路由，匹配策略数据包的路由与策略设置一致；
5)   产品支持设置基于多链路负载情况自动选路的策略路由，匹配策略数据包的路由与策略设置一致。
c)  结果判定：
实际测评结果与相关预期结果一致则判定为符合，其他情况判定为不符合。",,,
GB20281-FW-004,GB/T 20281—2020,product-control,动态路由,Extracted,2,6.1.1.2.3 | 7.2.1.2.3,"6.1.1.2.3    动态路由
产品应支持动态路由功能，包括 RIP、OSPF或 BGP 中一种或多种动态路由协议。

--- EXCERPT ---

7.2.1.2.3    动态路由
动态路由的测评方法如下：
a)  测评方法：
1)   在产品尝试开启 RIP 动态路由功能；
2)    改变各链路状态，验证 RIP 动态路由是否生效；
3)   在产品尝试开启 OSPF 动态路由功能；
4)    改变各链路状态，验证 OSPF 动态路由是否生效；
5)   在产品尝试开启 BGP 动态路由功能；
6)    改变各链路状态，验证 BGP 动态路由是否生效。
b)   预期结果：
1)   产品支持设置 RIP 动态路由功能；
2)   产品支持设置 OSPF 动态路由功能；
3)   产品支持设置 BGP 动态路由功能。
c)  结果判定：
实际测评结果与相关预期结果一致则判定为符合，其他情况判定为不符合。",,,
GB20281-FW-005,GB/T 20281—2020,product-control,冗余部署,Extracted,2,6.1.1.3.1 | 7.2.1.3.1,"6.1.1.3.1     冗余部署
产品应支持“主一备”、“主一主”或“集群”中的一种或多种冗余部署模式。

--- EXCERPT ---

7.2.1.3.1     冗余部署
冗余部署的测评方法如下：
a)  测评方法：
1)   设置两台产品为“主一备”模式；
2)   验证是否仅主产品处于工作状态；
3)   关闭主产品或使其断开网络连接，验证备产品是否能及时接管主产品进行工作，且不影响所在网络的通信和安全策略；
4)   设置两台产品为“主一主”模式；
5)   验证是否两台产品均处于工作状态；
6)   关闭一台产品或使其断开网络连接，验证另一台产品是否仍处于工作状态，且不影响所在网络的通信和安全策略；
7)   设置多台产品为“集群”模式；
8)   验证是否所有产品均处于工作状态；
9)   关闭一台产品或使其断开网络连接，验证其他产品是否仍处于工作状态，且不影响所在网络的通信和安全策略。
b)   预期结果：
1)   产品支持“主一备”模式部署，主产品发生故障时，能继续确保所在网络的通信和安全策略；
2)   产品支持“主一主”模式部署，其中一台产品发生故障时，能继续确保所在网络的通信和安全策略；
3)   产品支持“集群”模式部署，其中一台产品发生故障时，能继续确保所在网络的通信和安全策略。
c)  结果判定：
实际测评结果与相关预期结果一致则判定为符合，其他情况判定为不符合。",,,
GB20281-FW-006,GB/T 20281—2020,product-control,负载均衡,Extracted,2,6.1.1.3.2 | 7.2.1.3.2,"6.1.1.3.2      负载均衡
产品应支持负载均衡功能，能根据安全策略将网络流量均衡到多台服务器上。

--- EXCERPT ---

7.2.1.3.2    负载均衡
负载均衡的测评方法如下：
a)  测评方法：
1)   在产品 DMZ 区设置服务器集群，设置外网访问 DMZ 区服务器的负载均衡策略；
2)   在外网主机产生大量连接访问 DMZ 区服务器；
3)   在 DMZ 区使用协议分析仪观察网络流量，验证流量是否均衡到 DMZ 区多台服务器上。
b)   预期结果：
产品支持负载均衡功能，能将网络访问均衡到多台服务器上。
c)  结果判定：
实际测评结果与相关预期结果一致则判定为符合，其他情况判定为不符合。",,,
GB20281-FW-007,GB/T 20281—2020,product-control,设备虚拟化,Extracted,2,6.1.1.4 | 7.2.1.4,"6.1.1.4     设备虚拟化（可选）
6.1.1.4.1     虚拟系统
若产品支持在逻辑上划分为多个虚拟子系统，虚拟子系统间应支持隔离和独立管理，包括但不限于：
a)  对虚拟子系统分别设置管理员，实现针对虚拟子系统的管理配置；
b)   虚拟子系统能分别维护路由表、安全策略和 日志系统；
c)  对虚拟子系统的资源使用配额进行限制。
6.1.1.4.2    虚拟化部署
若产品为虚拟化形态，应支持部署于虚拟化平台，并接受平台统一管理，包括但不限于：
a)    支持部署于一种虚拟化平台，如 VMware ESXi、KVM、Citrix Xenserver 和 Hyper一V 等；
b)   结合虚拟化平台实现产品资源弹性伸缩，根据虚拟化产品的负载情况动态调整资源；
c)    结合虚拟化平台实现故障迁移，当虚拟化产品出现故障时能实现自动更新、替换。

--- EXCERPT ---

7.2.1.4    设备虚拟化
7.2.1.4.1      虚拟系统
虚拟系统的测评方法如下：
a)  测评方法：
1)   在产品设置多个子系统，并为各子系统分别设置管理员，验证管理员是否仅能对各自所属的子系统进行管理，不能对其他的子系统进行管理；
2)   为各子系统设置路由表、安全策略、生成日志，验证各子系统是否独立维护各自的路由表、安全策略、日志系统；
3)   为各子系统设置资源使用配额，验证子系统是否不能使用超过配额的资源。
b)   预期结果：
1)   虚拟子系统能设置各 自 的管理员，实现针对本子系统的管理配置，不能配置管理其他子系统；
2)   虚拟子系统独立工作，各自维护路由表、安全策略、日志系统；
3)    能对虚拟子系统分配资源使用配额。
c)  结果判定：
实际测评结果与相关预期结果一致则判定为符合，其他情况判定为不符合。
7.2.1.4.2    虚拟化部署
虚拟化部署的测评方法如下：
a)  测评方法：
1)    分别尝试在 VMware ESXi、KVM、Citrix XenServer、Hyper-V 等虚拟化平台部署产品；
2)   增加网络流量、网络连接数等负载，验证虚拟化平台是否能根据产品负载情况动态调整虚拟化产品数量；
3)   模拟虚拟化产品发生故障，验证其是否能自动更新、替换。
b)   预期结果：
1)    支持部署于虚拟化平台中，支持 VMware ESXi、KVM、Citrix XenServer 或 Hyper-V 等虚拟化平台中的一种；
2)   能在虚拟化平台上实现弹性伸缩，根据虚拟化产品的负载情况动态调整虚拟化产品数量；
3)   能在虚拟化平台上实现故障迁移，当虚拟化产品出现故障时实现自动更新、替换。
c)  结果判定：
实际测评结果与相关预期结果一致则判定为符合，其他情况判定为不符合。",,,
GB20281-FW-008,GB/T 20281—2020,product-control,IPv6 环境、协议一致性和健壮性,Extracted,2,6.1.1.5 | 7.2.1.5,"6.1.1.5    IPv6  支持（可选）
6.1.1.5.1     支持 IPv6 网络环境
若产品支持 IPv6 ,应支持在 IPv6 网络环境下正常工作，能有效运行其安全功能和 自身安全
功能。
6.1.1.5.2    协议一致性
若产品支持 IPv6 ,应满足 IPv6 协议一致性的要求，至少包括 IPv6 核心协议、IPv6 NDP 协议、IPv6 Autoconfig 协议和 ICMPv6 协议。
6.1.1.5.3    协议健壮性
若产品支持 IPv6,应满足 IPv6 协议健壮性的要求，抵御 IPv6 网络环境下畸形协议报文攻击。 6.1.1.5.4     支持 IPv6  过渡网络环境
若产品支持 IPv6,应支持在以下一种或多种 IPv6 过渡网络环境下工作：
a)    协议转换，将 IPv4 和 IPv6 两种协议相互转换；
b) 隧道，将 IPv6 封装在 IPv4 中穿越 IPv4 网络，如 IPv6 over IPv4、IPv6 to IPv4、ISATAP 等。

--- EXCERPT ---

7.2.1.5      IPv6  支持
7.2.1.5.1      支持 IPv6  网络环境
支持 IPv6 网络环境的测评方法如下：
a)  测评方法：
1)  模拟 IPv6 网络环境，验证产品及其安全功能是否能在 IPv6 网络环境下正常工作；
2)  模拟 IPv6 网络环境，验证产品是否支持在 IPv6 网络环境下实现自身管理。
b)   预期结果：
1)  产品支持在纯 IPv6 网络环境下正常工作；
2)  产品支持在 IPv6 网络环境下实现自身管理。
c)  结果判定：
实际测评结果与相关预期结果一致则判定为符合，其他情况判定为不符合。
7.2.1.5.2    协议一致性
协议一致性的测评方法如下：
a)  测评方法：
1)    在路由模式下，使用协议一致性测试工具，测试产品 IPv6 核心协议一致性情况；
2)    在路由模式下，测试产品 IPv6  NDP 协议一致性情况；
3)    在路由模式下，测试产品 IPv6 Autoconfig 协议一致性情况；
4)    在路由模式下，测试产品 ICMPv6 协议一致性情况。
b)   预期结果：
1)  产品通过 IPv6 核心协议一致性测试；
2)  产品通过 IPv6  NDP 协议一致性测试；
3)    产品通过 IPv6 Autoconfig 协议一致性测试；
4)  产品通过 ICMPv6 协议一致性测试。
c)  结果判定：
实际测评结果与相关预期结果一致则判定为符合，其他情况判定为不符合。
7.2.1.5.3    协议健壮性
协议健壮性的测评方法如下：
a)  测评方法：
1)  使用协议健壮性测试工具向产品发送 IPv6 畸形报文，验证产品是否能正常运行；
2)    向产品发送 ICMPv6 畸形报文，验证产品是否能正常运行；
3)  向产品发送 TCP for IPv6  Server 畸形报文，验证产品是否能正常运行。
b)   预期结果：
产品能抵御 IPv6、ICMPv6、TCP for IPv6 Server 等畸形报文攻击。
c)  结果判定：
实际测评结果与相关预期结果一致则判定为符合，其他情况判定为不符合。
7.2.1.5.4     支持 IPv6  过渡网络环境
支持 IPv6 过渡网络环境的测评方法如下：
a)  测评方法：
1)  在产品内网搭建 IPv6  网络，在产品外网搭建 IPv4  网络，验证产品是否能通过 IPv4 和IPv6 协议转换的方式，使 IPv6 内网正常访问 IPv4 外网；
2)  在两台产品内网搭建 IPv6  网络，在两台产品外网之间搭建 IPv6  over IPv4 隧道，验证两台产品的 IPv6 内网是否能通过 IPv6  over IPv4 隧道正常通信；在两台产品外网之间搭建IPv6 to IPv4 隧道，验证两台产品的 IPv6 内网是否能通过 IPv6 to IPv4 隧道正常通信；在IPv6 终端与产品之间搭建 ISATAP 隧道，验证 IPv6 终端是否能通过 ISATAP 隧道与产品通信。
b)   预期结果：
1)  IPv4 和 IPv6 协议转换环境下通信正常；
2)    IPv6 over IPv4 隧道、IPv6 to IPv4 隧道、ISATAP 隧道中至少一种隧道环境通信正常。
c)  结果判定：
实际测评结果与相关预期结果一致则判定为符合，其他情况判定为不符合。",,,
GB20281-FW-009,GB/T 20281—2020,product-control,包过滤默认禁止,Extracted,2,6.1.2.1.1 a | 7.2.2.1.1,"6.1.2.1.1     包过滤
a)  安全策略应使用最小安全原则，即除非明确允许，否则就禁止；

--- EXCERPT ---

7.2.2.1.1     包过滤
包过滤的测评方法如下：
a)  测评方法：
1)   初始化产品的包过滤策略，在各区域主机之间进行互访操作，检查产品的缺省安全策略是否为禁止；
2)   设置基于源 IP 地址、目 的 IP 地址的访问控制策略，产生相应的网络会话，验证策略是否生效；
3)   设置基于源端口、目 的端口的访问控制策略，产生相应的网络会话，验证策略是否生效；
4)   设置基于协议类型的访问控制策略，产生相应的网络会话，验证策略是否生效；
5)   设置基于 MAC地址的访问控制策略，产生相应的网络会话，验证策略是否生效；
6)   设置基于时间的访问控制策略，产生相应的网络会话，验证策略是否生效；
7)   尝试设置一条基于 MAC 地址、IP 地址、端口、协议类型和时间的组合策略，产生相应的网络会话，验证策略是否生效。
b)   预期结果：
1)   产品的缺省安全策略是禁止；
2)   基于源 IP 地址、目 的 IP 地址的访问控制策略生效；
3)   基于源端口、目 的端口的访问控制策略生效；
4)   基于协议类型的访问控制策略生效；
5)   基于 MAC地址的访问控制策略生效；
6)   基于时间的访问控制策略生效；
7)   基于 MAC 地址、IP 地址、端口、协议类型和时间的组合策略生效。
c)  结果判定：
实际测评结果与相关预期结果一致则判定为符合，其他情况判定为不符合。",,,
GB20281-FW-010,GB/T 20281—2020,product-control,包过滤维度和组合策略,Extracted,2,6.1.2.1.1 b-g | 7.2.2.1.1,"6.1.2.1.1     包过滤
b) 安全策略应包含基于源 IP 地址、目的 IP 地址的访问控制；
c)  安全策略应包含基于源端口、目的端口的访问控制；
d)   安全策略应包含基于协议类型的访问控制；
e)  安全策略应包含基于 MAC地址的访问控制；
f)    安全策略应包含基于时间的访问控制；
g) 应支持用户 自定义的安全策略，安全策略包括 MAC 地址、IP 地址、端口、协议类型和时间的部分或全部组合。

--- EXCERPT ---

7.2.2.1.1     包过滤
包过滤的测评方法如下：
a)  测评方法：
1)   初始化产品的包过滤策略，在各区域主机之间进行互访操作，检查产品的缺省安全策略是否为禁止；
2)   设置基于源 IP 地址、目 的 IP 地址的访问控制策略，产生相应的网络会话，验证策略是否生效；
3)   设置基于源端口、目 的端口的访问控制策略，产生相应的网络会话，验证策略是否生效；
4)   设置基于协议类型的访问控制策略，产生相应的网络会话，验证策略是否生效；
5)   设置基于 MAC地址的访问控制策略，产生相应的网络会话，验证策略是否生效；
6)   设置基于时间的访问控制策略，产生相应的网络会话，验证策略是否生效；
7)   尝试设置一条基于 MAC 地址、IP 地址、端口、协议类型和时间的组合策略，产生相应的网络会话，验证策略是否生效。
b)   预期结果：
1)   产品的缺省安全策略是禁止；
2)   基于源 IP 地址、目 的 IP 地址的访问控制策略生效；
3)   基于源端口、目 的端口的访问控制策略生效；
4)   基于协议类型的访问控制策略生效；
5)   基于 MAC地址的访问控制策略生效；
6)   基于时间的访问控制策略生效；
7)   基于 MAC 地址、IP 地址、端口、协议类型和时间的组合策略生效。
c)  结果判定：
实际测评结果与相关预期结果一致则判定为符合，其他情况判定为不符合。",,,
GB20281-FW-011,GB/T 20281—2020,product-control,网络地址转换,Extracted,2,6.1.2.1.2 | 7.2.2.1.2,"6.1.2.1.2     网络地址转换
产品的网络地址转换功能要求如下：
a)    支持 SNAT 和 DNAT;
b)   SNAT应实现“多对一”地址转换，使得内部网络主机访问外部网络时，其源 IP 地址被转换；
c)  DNAT应实现“一对多”地址转换，将 DMZ 的 IP 地址／端口映射为外部网络合法 IP 地址／端口 ，使外部网络主机通过访问映射地址和端口实现对 DMZ 服务器的访问；
d) 支持动态 SNAT技术，实现“多对多”的 SNAT。

--- EXCERPT ---

7.2.2.1.2     网络地址转换
网络地址转换的测评方法如下：
a)  测评方法：
1)   为内部网络用户访问外部网络主机配置 SNAT 策略，在外网使用协议分析仪检查内网主机访问外网主机的源 IP 地址是否被转换；为外部网络用户访问 DMZ 服务器设置 DNAT策略，检查外部网络的主机能否通过转换后的地址访问 DMZ 的服务器；
2)   为内部网络用户访问外部网络主机配置“多对一 ”SNAT 策略，在外网使用协议分析仪检查内网主机访问外网主机的源 IP 地址是否被转换，检查是否是多个地址被转换；
3)   为外部网络用户访问 DMZ服务器设置“一对多”DNAT 策略，检查外部网络的主机能否通过转换后的地址访问 DMZ 的服务器，检查是否是多个地址被转换；
4)   为内部网络用户访问外部网络主机设置“多对多”SNAT 策略，在外网使用协议分析仪检
查内网主机访问外网主机的源 IP 地址是否被转换，检查是否是多对多地址转换。
b)   预期结果：
1)   产品支持 SNAT 和 DNAT地址转换；
2)   产品支持“多对一”SNAT地址转换；
3)   产品支持“一对多”DNAT地址转换；
4)   产品支持“多对多”SNAT地址转换。
c)  结果判定：
实际测评结果与相关预期结果一致则判定为符合，其他情况判定为不符合。",,,
GB20281-FW-012,GB/T 20281—2020,product-control,状态检测,Extracted,2,6.1.2.1.3 | 7.2.2.1.3,"6.1.2.1.3    状态检测
产品应支持基于状态检测技术的包过滤功能，具备状态检测能力。

--- EXCERPT ---

7.2.2.1.3    状态检测
状态检测的测评方法如下：
a)  测评方法：
1)   启动产品状态检测模块；
2)   配置包过滤策略，允许特定条件的网络会话通过产品；
3)   产生满足该策略的一个完整的网络会话，验证该会话是否能建立成功；
4)   产生满足该策略的网络会话中的不是第一个连接请求 SYN 包的一个或多个数据包，清除产品状态检测表后，验证这些数据包是否被禁止。
b)   预期结果：
1)   产品依据状态表进行访问控制；
2)   满足包过滤策略的网络会话能通过产品；
3)   满足包过滤策略的网络会话中的不是第一个连接请求 SYN 包的一个或多个数据包不能通过产品。
c)  结果判定：
实际测评结果与相关预期结果一致则判定为符合，其他情况判定为不符合。",,,
GB20281-FW-013,GB/T 20281—2020,product-control,动态开放端口,Extracted,2,6.1.2.1.4 | 7.2.2.1.4,"6.1.2.1.4    动态开放端口
产品应支持协议的动态端口开放，包括但不限于：
a)    FTP 协议 ；
b) H.323 等音视频协议。

--- EXCERPT ---

7.2.2.1.4    动态开放端口
动态开放端口的测评方法如下：
a)  测评方法：
1)   设置产品动态开放端口策略，访问 FTP 服务，检查产品是否能放行 FTP 数据连接所使用的动态端口 ，网络会话是否连接正常；
2)  设置产品动态开放端口策略，使用支持 H.323 等音视频协议的工具（如 NetMeeting)在内部网络和外部网络之间发起音视频会议，检查产品是否能放行所使用的动态端口 ，会议是否正常进行。
b)   预期结果：
1)   FTP 运行正常，FTP 数据连接所使用的动态端口开放；
2)   音视频会议正常，H.323 等音视频协议所使用的动态端口开放。
c)  结果判定：
实际测评结果与相关预期结果一致则判定为符合，其他情况判定为不符合。",,,
GB20281-FW-014,GB/T 20281—2020,product-control,IP/MAC 地址绑定,Extracted,2,6.1.2.1.5 | 7.2.2.1.5,"6.1.2.1.5    IP/MAC地址绑定
产品应支持自动或手工绑定 IP/MAC地址，当主机的 IP 地址、MAC 地址与 IP/MAC 绑定表中不一致时，阻止其流量通过。

--- EXCERPT ---

7.2.2.1.5     IP/MAC地址绑定
IP/MAC地址绑定的测评方法如下：
a)  测评方法：
1)    为产品设置 IP/MAC地址绑定策略；
2)   使用 自动绑定或手工绑定功能将内部网络中主机的 IP 与 MAC地址绑定；
3)   分别产生正确 IP/MAC绑定的会话和盗用 IP 的会话，检查绑定的有效性。
b)   预期结果：
1)   IP/MAC地址能自动或手工绑定；
2)   IP/MAC地址绑定后能正确执行安全策略，发现 IP 盗用行为。
c)  结果判定：
实际测评结果与相关预期结果一致则判定为符合，其他情况判定为不符合。",,,
GB20281-FW-015,GB/T 20281—2020,product-control,带宽管理,Extracted,2,6.1.2.2.1 | 7.2.2.2.1,"6.1.2.2.1     带宽管理
产品应支持带宽管理功能，能根据策略调整客户端占用的带宽，包括但不限于：
a)  根据源 IP、目的 IP、应用类型和时间段的流量速率或总额进行限制；
b)   根据源 IP、目的 IP、应用类型和时间段设置保障带宽；
c)  在网络空闲时自动解除流量限制，并在总带宽占用率超过阈值时自动启用限制。

--- EXCERPT ---

7.2.2.2.1      带宽管理
带宽管理的测评方法如下：
a)  测评方法：
1)   在产品设置基于源 IP、目 的 IP、应用类型和时间段的流量策略，向产品发送匹配策略的流量，并使流量逐渐增大，直到流量由策略允许范围内达到超出策略范围；
2)   在产品设置基于源 IP、目 的 IP、应用类型和时间段的保障带宽策略，向产品发送匹配策略的流量，并使流量保持高于保障带宽，再向产品发送其他流量，尝试抢占上述流量使用的带宽；
3)   在产品设置总流量带宽限制策略，并在其中设置一条特定流量的带宽限制，分别在产品总流量带宽占用率达到阈值前后，验证上述特定流量带宽策略是否自动启停。
b)   预期结果：
1)   基于源 IP、目 的 IP、应用类型和时间段的流量速率或总额策略生效；
2)   基于源 IP、目 的 IP、应用类型和时间段的保障带宽策略生效；
3)   在网络空闲时自动解除流量限制，在带宽占用率超过阈值时自动启用流量限制。
c)  结果判定：
实际测评结果与相关预期结果一致则判定为符合，其他情况判定为不符合。",,,
GB20281-FW-016,GB/T 20281—2020,product-control,连接数和新建连接速率控制,Extracted,2,6.1.2.2.2 | 7.2.2.2.2,"6.1.2.2.2    连接数控制
产品应支持限制单 IP  的最大并发会话数和新建连接速率，防止大量非法连接产生时影响网络性能。

--- EXCERPT ---

7.2.2.2.2     连接数控制
连接数控制的测评方法如下：
a)  测评方法：
1)   在产品针对某个 IP设置 TCP 最大并发会话数，在上述 IP 发起大量 TCP 连接，使得上述IP 的并发连接数超过设定值；
2)   在产品针对某个 IP设置 TCP 最大新建连接速率，在上述 IP 发起大量 TCP 连接，使得上述 IP 的新建连接速率超过设定值。
b)   预期结果：
1)   超过最大连接数的连接无法建立；
2)   超过最大新建连接速率的连接无法建立。
c)  结果判定：
实际测评结果与相关预期结果一致则判定为符合，其他情况判定为不符合。",,,
GB20281-FW-017,GB/T 20281—2020,product-control,非活跃会话超时终止,Extracted,2,6.1.2.2.3 | 7.2.2.2.3,"6.1.2.2.3    会话管理
在会话处于非活跃状态一定时间或会话结束后，产品应终止会话。

--- EXCERPT ---

7.2.2.2.3     会话管理
会话管理的测评方法如下：
a)  测评方法：
1)   在产品设置会话超时时间；
2)   经过产品建立会话连接，并不再对该会话进操作，直到达到超时时间，验证上述会话是否被关闭。
b)   预期结果：
1)   产品能配置各协议的会话超时时间（或设置了默认值）；
2)    已连接会话在非活跃时间达到超时时限后，连接被产品 自动关闭。
c)  结果判定：
实际测评结果与相关预期结果一致则判定为符合，其他情况判定为不符合。",,,
GB20281-FW-018,GB/T 20281—2020,product-control,基于用户认证的网络访问控制,Extracted,2,6.1.3.1 | 7.2.3.1,"6.1.3.1      用户管控
产品应支持基于用户认证的网络访问控制功能，包括但不限于：
a)  本地用户认证方式；
b)   结合第三方认证系统，如基于 Radius、LDAP 服务器的认证方式。

--- EXCERPT ---

7.2.3.1      用户管控
用户管控的测评方法如下：
a)  测评方法：
1)   在产品本地添加用户，并设置基于本地用户认证的网络访问策略，产生匹配策略的会话请求，验证是否仅在用户认证成功后，会话才能建立；
2)  在产品配置 Radius、LDAP 等第三方认证服务器，并设置基于第三方用户认证的网络访问策略，产生匹配策略的会话请求，验证是否仅在用户认证成功后，会话才能建立。
b)   预期结果：
1)   产品支持基于本地用户认证的网络访问控制功能；
2)   产品支持基于第三方认证的网络访问控制功能。
c)  结果判定：
实际测评结果与相关预期结果一致则判定为符合，其他情况判定为不符合。",,,
GB20281-FW-019,GB/T 20281—2020,product-control,应用类型识别和控制,Extracted,2,6.1.3.2 | 7.2.3.2,"6.1.3.2     应用类型控制
产品应支持根据应用特征识别并控制各种应用类型，包括：
a)    HTTP 协议；
b)   数据库协议；
c)    FTP、TELNET、SMTP、POP3 和 IMAP 等常见协议；
d)    即时聊天类、P2P类、网络流媒体类、网络游戏、股票交易类等应用；
e)  逃逸或隧道加密特点的应用，如加密代理类应用；
f)  自定义应用。

--- EXCERPT ---

7.2.3.2    应用类型控制
应用类型控制的测评方法如下：
a)  测评方法：
1)   在产品设置基于 HTTP 协议的访问控制策略，产生相应的网络会话，验证策略是否生效；
2)   在产品设置基于数据库协议的访问控制策略，产生相应的网络会话，验证策略是否生效；
3)   在产品设置基于 FTP、TELNET、SMTP、POP3 和 IMAP 等常见协议的访问控制策略，产生相应的网络会话，验证策略是否生效；
4)   在产品设置基于即时聊天类、P2P类、网络流媒体类、网络游戏、股票交易类等应用的访问控制策略，产生相应的网络会话，验证策略是否生效；
5)   在产品设置基于逃逸或隧道加密特点的应用的访问控制策略，产生相应的网络会话，验证策略是否生效；
6)   在产品 自定义应用，并设置基于自定义应用的访问控制策略，产生相应的网络会话，验证策略是否生效。
b)   预期结果：
1)   基于 HTTP 协议的访问控制策略生效；
2)   基于数据库协议的访问控制策略生效；
3)   基于 FTP、TELNET、SMTP、POP3 和 IMAP 等常见协议的访问控制策略生效；
4)   基于即时聊天类、P2P 类、网络流媒体类、网络游戏、股票交易类等应用的访问控制策略生效；
5)   基于逃逸或隧道加密特点的应用的访问控制策略生效；
6)   支持自定义应用，基于自定义应用的访问控制策略生效。
c)  结果判定：
实际测评结果与相关预期结果一致则判定为符合，其他情况判定为不符合。",,,
GB20281-FW-020,GB/T 20281—2020,product-control,WEB 应用内容控制,Extracted,2,6.1.3.3.1 | 7.2.3.3.1,"6.1.3.3.1     WEB应用
产品应支持基于以下内容对 WEB应用的访问进行控制，包括但不限于：
a)  URL 网址，并具备分类网址库；
b)   HTTP传输内容的关键字；
c)    HTTP请求方式，包括 GET、POST、PUT、HEAD等；
d)   HTTP请求文件类型；
e)    HTTP 协议头中各字段长度，包括 general-header、request-header、response-header 等；
f)    HTTP 上传文件类型；
g)   HTTP请求频率；
h)   HTTP 返回的响应内容，如服务器返回的出错信息等；
i)    支持 HTTPS 流量解密。

--- EXCERPT ---

7.2.3.3.1     WEB应用
WEB应用的测评方法如下：
a)  测评方法：
1)   在产品设置基于 URL 网址访问控制策略，经过产品访问相应 URL,验证策略是否生效，并验证是否具备分类网址库；
2)   在产品设置基于 HTTP传输内容关键字的访问控制策略，经过产品访问包含相应关键字的网页，验证策略是否生效；
3)   在产品设置基于 HTTP GET、POST、PUT、HEAD 等请求方式的访问控制策略，经过产品发送 HTTP GET、POST、PUT、HEAD等请求，验证策略是否生效；
4)   在产品设置基于 HTTP请求文件类型的访问控制策略，经过产品使用 HTTP 协议请求相应类型文件，验证策略是否生效；
5)    在产品设置基于 HTTP 协议中 general-header、request-header、response-header 等字段长度的访问控制策略，经过产品发送超出相应长度 HTTP 协议头的数据包，验证策略是否生效；
6)   在产品设置基于 HTTP 上传文件类型的访问控制策略，经过产品使用 HTTP 协议上传相应类型文件，验证策略是否生效；
7)   在产品设置基于 HTTP请求频率的访问控制策略，经过产品发送超过阈值的 HTTP 请求频率，验证策略是否生效；
8)   在产品设置基于 HTTP 返回内容的访问控制策略，经过产品访问相应内容的 HTTP 服务，验证策略是否生效；
9)   在产品设置基于 HTTPS 的访问控制策略，经过产品访问上述内容，验证策略是否生效。
b)   预期结果：
1)   基于 URL 网址访问控制策略生效；
2)   基于 HTTP传输内容关键字的访问控制策略生效；
3)   基于 HTTP GET、POST、PUT、HEAD等请求方式的访问控制策略生效；
4)   设置基于 HTTP请求文件类型的访问控制策略生效；
5)    基于 HTTP 协议中 general-header、request-header、response-header 等字段长度的访问控制策略生效；
6)   基于 HTTP 上传文件类型的访问控制策略生效；
7)   基于 HTTP请求频率的访问控制策略生效；
8)   基于 HTTP 返回内容的访问控制策略生效；
9)   基于 HTTPS 的访问控制策略生效。
c)  结果判定：
实际测评结果与相关预期结果一致则判定为符合，其他情况判定为不符合。",,,
GB20281-FW-021,GB/T 20281—2020,product-control,数据库应用内容控制,Extracted,2,6.1.3.3.2 | 7.2.3.3.2,"6.1.3.3.2    数据库应用
产品应支持基于以下内容对数据库的访问进行控制，包括但不限于：
a)  访问数据库的应用程序、运维工具；
b)   数据库用户名、数据库名、数据表名和数据字段名；
c)  SQL语句关键字、数据库返回内容关键字；
d)   影响行数、返回行数。

--- EXCERPT ---

7.2.3.3.2     数据库应用
数据库应用的测评方法如下：
a)  测评方法：
1)   在产品设置基于访问数据库应用程序、运维工具的访问控制策略，经过产品使用上述程序、运维工具访问数据库，验证策略是否生效；
2)   在产品设置基于数据库用户名、数据库名、数据表名和数据字段名的访问控制策略，经过产品访问上述数据库用户、数据库、数据表和数据字段，验证策略是否生效；
3)  在产品设置基于 SQL语句关键字、数据库返回内容关键字的访问控制策略，经过产品执行包含上述 SQL语句关键字、数据库返回内容关键字的操作，验证策略是否生效；
4)   在产品设置基于影响行数、返回行数的访问控制策略，经过产品执行包含上述影响行数、返回行数的操作，验证策略是否生效。
b)   预期结果：
1)   基于访问数据库应用程序、运维工具的访问控制策略生效；
2)   基于数据库用户名、数据库名、数据表名和数据字段名的访问控制策略生效；
3)  基于 SQL语句关键字、数据库返回内容关键字的访问控制策略生效；
4)   基于影响行数、返回行数的访问控制策略生效。
c)  结果判定：
实际测评结果与相关预期结果一致则判定为符合，其他情况判定为不符合。",,,
GB20281-FW-022,GB/T 20281—2020,product-control,其他应用内容控制,Extracted,2,6.1.3.3.3 | 7.2.3.3.3,"6.1.3.3.3    其他应用
产品应支持基于以下内容对 FTP、TELNET、SMTP、POP3  和 IMAP 等应用进行控制，包括但不限于：
a)  传输文件类型；
b)   传输内容，如协议命令或关键字。

--- EXCERPT ---

7.2.3.3.3    其他应用
其他应用的测评方法如下：
a)  测评方法：
1)   在产品设置基于 FTP、TELNET、SMTP、POP3  和 IMAP 等应用传输文件类型的访问控制策略，经过产品通过上述协议传输上述类型文件，验证策略是否生效；
2)   在产品设置基于 FTP、TELNET、SMTP、POP3 和 IMAP 等应用传输内容（协议命令或关键字）的访问控制策略，经过产品通过上述协议传输相应内容，验证策略是否生效。
b)   预期结果：
1)   基于 FTP、TELNET、SMTP、POP3 和 IMAP 等应用传输文件类型的访问控制策略生效；
2)   基于 FTP、TELNET、SMTP、POP3 和 IMAP 等应用传输内容的访问控制策略生效。
c)  结果判定：
实际测评结果与相关预期结果一致则判定为符合，其他情况判定为不符合。",,,
GB20281-FW-023,GB/T 20281—2020,product-control,拒绝服务攻击防护,Extracted,2,6.1.4.1 | 7.2.4.1,"6.1.4.1     拒绝服务攻击防护
产品具备特征库，应支持拒绝服务攻击防护功能，包括但不限于：
a)    ICMP Flood攻击防护 ；
b)   UDP Flood攻击防护 ；
c)    SYN Flood攻击防护 ；
d)   TearDrop 攻击防护；
e)    Land攻击防护 ；
f)    Ping of Death攻击防护；
g)   CC攻击防护。

--- EXCERPT ---

7.2.4.1     拒绝服务攻击防护
拒绝服务攻击防护的测评方法如下：
a)  测评方法：
1)    在产品开启拒绝服务攻击防护策略，使用网络攻击仿真器，经产品发送 ICMP Flood 攻击流量（流量为产品接口速率的 10%) ,同时经产品建立正常的 HTTP 连接（新建连接速率为 100 个/s,持续时间 60 s) ,检查拒绝服务攻击包通过的比例，以及正常 HTTP 连接成功建立的比例；
2)  经产品发送 UDP Flood攻击流量（流量为产品接口速率的 10%) ,同时经产品建立正常的HTTP 连接（新建连接速率为 100 个/s,持续时间 60  s) ,检查拒绝服务攻击包通过的比例，以及正常 HTTP 连接成功建立的比例；
3)  经产品发送 SYN Flood攻击流量（流量为产品接口速率的 10%) ,同时经产品建立正常的
HTTP 连接（新建连接速率为 100 个/s,持续时间 60  s) ,检查拒绝服务攻击包通过的比
例，以及正常 HTTP 连接成功建立的比例；
4)  经产品发送 TearDrop 攻击流量（流量为产品接口速率的 10%) , 同时经产品建立正常的HTTP 连接（新建连接速率为 100 个/s,持续时间 60  s) ,检查拒绝服务攻击包通过的比例，以及正常 HTTP 连接成功建立的比例；
5)  经产品发送 Land 攻击流量（流量为产品接 口速率的 10%) , 同时经产品建立正常的HTTP 连接（新建连接速率为 100 个/s,持续时间 60  s) ,检查拒绝服务攻击包通过的比例，以及正常 HTTP 连接成功建立的比例；
6)    经产品发送 Ping of Death攻击流量（流量为产品接口速率的 10%) ,同时经产品建立正常的 HTTP 连接（新建连接速率为 100 个/s,持续时间 60  s) ,检查拒绝服务攻击包通过的比例，以及正常 HTTP 连接成功建立的比例；
7)   经产品发送 CC攻击流量，验证产品是否支持识别并防御 CC攻击。
b)   预期结果：
1)  支持识别并防御 ICMP Flood 攻击，且攻击包通过的比例不大于 5%、正常连接建立成功率不低于 90% ;
2)    支持识别并防御 UDP Flood 攻击，且攻击包通过的比例不大于 5%、正常连接建立成功率不低于 90% ;
3)    支持识别并防御 SYN Flood 攻击，且攻击包通过的比例不大于 5%、正常连接建立成功率不低于 90% ;
4)    支持识别并防御 TearDrop 攻击，且攻击包通过的比例不大于 5%、正常连接建立成功率不低于 90% ;
5)  支持识别并防御 Land 攻击，且攻击包通过的比例不大于 5%、正常连接建立成功率不低于 90% ;
6)    支持识别并防御 Ping of Death 攻击，且攻击包通过的比例不大于 5%、正常连接建立成功率不低于 90% ;
7)   支持识别并防御 CC攻击。
c)  结果判定：
实际测评结果与相关预期结果一致则判定为符合，其他情况判定为不符合。",,,
GB20281-FW-024,GB/T 20281—2020,product-control,WEB 攻击防护,Extracted,2,6.1.4.2 | 7.2.4.2,"6.1.4.2    WEB攻击防护
产品具备特征库，应支持 WEB攻击防护功能，包括但不限于：
a)    SQL 注入攻击防护；
b)   XSS攻击防护；
c)  第三方组件漏洞攻击防护；
d)  目录遍历攻击防护；
e)    Cookie 注入攻击防护；
f)    CSRF攻击防护；
g)   文件包含攻击防护；
h)   盗链防护；
i)    OS命令注入攻击防护；
j)    WEBshell识别和拦截；
k)   反序列化攻击防护。

--- EXCERPT ---

7.2.4.2    WEB攻击防护
WEB攻击防护的测评方法如下：
a)  测评方法：
1)   在产品针对目标 WEB 应用设置攻击防护策略，使用 WEB 攻击仿真器，经产品向 目标WEB应用发起 SQL 注入攻击，验证产品是否能识别并防御该类攻击；
2)   经产品向 目标 WEB应用发起 XSS攻击，验证产品是否能识别并防御该类攻击；
3)   经产品向 目标 WEB 应用发起第三方组件漏洞攻击，验证产品是否能识别并防御该类攻击；
4)   经产品向 目标 WEB应用发起目录遍历攻击，验证产品是否能识别并防御该类攻击；
5)  经产品向 目标 WEB应用发起 Cookie 注入攻击，验证产品是否能识别并防御该类攻击；
6)   经产品向 目标 WEB应用发起 CSRF攻击，验证产品是否能识别并防御该类攻击；
7)   经产品向 目标 WEB应用发起文件包含攻击，验证产品是否能识别并防御该类攻击；
8)   经产品向 目标 WEB应用发起盗链攻击，验证产品是否能识别并防御该类攻击；
9)   经产品向 目标 WEB应用发起 OS命令注入攻击，验证产品是否能识别并防御该类攻击；
10)    经产品向 目标 WEB应用发起 WEBshell 攻击，验证产品是否能识别并防御该类攻击；
11)  经产品向 目标 Web 应用发起反序列化攻击，验证产品是否能识别并防御该类攻击。
b)   预期结果：
1)  产品能识别并防御 SQL 注入攻击；
2)   产品能识别并防御 XSS攻击；
3)   产品能识别并防御第三方组件漏洞攻击；
4)   产品能识别并防御 目录遍历攻击；
5)  产品能识别并防御 Cookie 注入攻击；
6)   产品能识别并防御 CSRF攻击；
7)   产品能识别并防御文件包含攻击；
8)   产品能识别并防御盗链攻击；
9)   产品能识别并防御 OS命令注入攻击；
10)    产品能识别并防御 WEBshell 攻击；
11)   产品能识别并防御反序列化攻击。
c)  结果判定：
实际测评结果与相关预期结果一致则判定为符合，其他情况判定为不符合。",,,
GB20281-FW-025,GB/T 20281—2020,product-control,数据库攻击防护,Extracted,2,6.1.4.3 | 7.2.4.3,"6.1.4.3     数据库攻击防护
产品具备特征库，应支持数据库攻击防护功能，包括但不限于：
a)  数据库漏洞攻击防护；
b)   异常 SQL语句阻断；
c)  数据库拖库攻击防护；
d)   数据库撞库攻击防护。

--- EXCERPT ---

7.2.4.3    数据库攻击防护
数据库攻击防护的测评方法如下：
a)  测评方法：
1)   在产品针对目标数据库设置攻击防护策略，使用数据库攻击仿真器，经产品向目标数据库发起数据库漏洞攻击，验证产品是否能识别并防御该类攻击；
2)  经产品向 目标数据库发起异常 SQL 语句攻击，验证产品是否能识别并防御该类攻击；
3)   经产品向 目标数据库发起数据库拖库攻击，验证产品是否能识别并防御该类攻击；
4)   经产品向 目标数据库发起数据库撞库攻击，验证产品是否能识别并防御该类攻击。
b)   预期结果：
1)   产品能识别并防御数据库漏洞攻击；
2)  产品能识别并防御异常 SQL语句攻击；
3)   产品能识别并防御数据库拖库攻击；
4)   产品能识别并防御数据库撞库攻击。
c)  结果判定：
实际测评结果与相关预期结果一致则判定为符合，其他情况判定为不符合。",,,
GB20281-FW-026,GB/T 20281—2020,product-control,恶意代码防护,Extracted,2,6.1.4.4 | 7.2.4.4,"6.1.4.4     恶意代码防护
产品具备特征库，应支持恶意代码防护功能，包括但不限于：
a)   能拦截典型的木马攻击行为；
b)   检测并拦截被 HTTP 网页和电子邮件等携带的恶意代码。

--- EXCERPT ---

7.2.4.4    恶意代码防护
恶意代码防护的测评方法如下：
a)  测评方法：
1)   在产品开启恶意代码防护策略，经产品向目标网络或对象发起木马攻击，验证产品是否能检测并拦截恶意代码；
2)   在产品开启恶意代码防护策略，使用 HTTP 网页下载、电子邮件收发等方式经产品传播恶意代码，验证产品是否能检测并拦截恶意代码。
b)   预期结果：
1)   产品能检测并拦截木马行为；
2)   产品能检测并拦截 HTTP 网页和电子邮件中携带的恶意代码。
c)  结果判定：
实际测评结果与相关预期结果一致则判定为符合，其他情况判定为不符合。",,,
GB20281-FW-027,GB/T 20281—2020,product-control,其他应用漏洞攻击防护,Extracted,2,6.1.4.5 | 7.2.4.5,"6.1.4.5     其他应用攻击防护
产品具备特征库，应支持防护来自应用层的其他攻击，包括但不限于：
a)   操作系统类漏洞攻击防护；
b)  中间件类漏洞攻击防护；
c)  控件类漏洞攻击防护。

--- EXCERPT ---

7.2.4.5    其他应用攻击防护
其他应用攻击防护的测评方法如下：
a)  测评方法：
1)   在产品开启相应的应用攻击防护策略，使用应用攻击仿真器，经产品向 目标网络或对象发起操作系统类常见 CVE漏洞攻击，验证产品是否能识别并防御该类应用攻击；
2)   经产品向 目标网络或对象发起中间件类常见 CVE漏洞攻击，验证产品是否能识别并防御该类应用攻击；
3)   经产品向 目标网络或对象发起控件类常见 CVE漏洞攻击，验证产品是否能识别并防御该类应用攻击。
b)   预期结果：
1)   产品能识别并防御操作系统类漏洞攻击；
2)   产品能识别并防御中间件类漏洞攻击；
3)   产品能识别并防御控件类漏洞攻击。
c)  结果判定：
实际测评结果与相关预期结果一致则判定为符合，其他情况判定为不符合。",,,
GB20281-FW-028,GB/T 20281—2020,product-control,自动化工具威胁防护,Extracted,2,6.1.4.6 | 7.2.4.6,"6.1.4.6     自动化工具威胁防护
产品具备特征库，应支持防护自动化工具发起的攻击，包括但不限于：
a)  网络扫描行为防护；
b)   应用扫描行为防护；
c)  漏洞利用工具防护。

--- EXCERPT ---

7.2.4.6     自动化工具威胁防护
自动化工具威胁防护的测评方法如下：
a)  测评方法：
1)   在产品开启 自动化工具威胁防护策略，使用网络扫描测试仪，经产品发起网络扫描自动化攻击，验证产品是否能识别并防御该类自动化工具威胁；
2)   使用应用扫描测试仪，经产品发起应用扫描自动化攻击，验证产品是否能识别并防御该类自动化工具威胁；
3)   使用漏洞利用攻击仿真器，经产品发起漏洞利用自动化攻击，验证产品是否能识别并防御该类自动化工具威胁。
b)   预期结果：
1)   产品能识别并防御网络扫描行为；
2)   产品能识别并防御应用扫描行为；
3)   产品能识别并防御漏洞利用攻击。
c)  结果判定：
实际测评结果与相关预期结果一致则判定为符合，其他情况判定为不符合。",,,
GB20281-FW-029,GB/T 20281—2020,product-control,攻击逃逸防护,Extracted,2,6.1.4.7 | 7.2.4.7,"6.1.4.7     攻击逃逸防护
产品应支持检测并阻断经逃逸技术处理过的攻击行为。

--- EXCERPT ---

7.2.4.7    攻击逃逸防护
攻击逃逸防护的测评方法如下：
a)  测评方法：
1)   在产品开启攻击防护策略；
2)   使用攻击仿真器，经产品发起经混淆、编码转换等逃逸技术处理过的攻击；
3)   验证产品是否能检测并阻断以上攻击行为。
b)   预期结果：
产品能检测并阻断经逃逸技术处理过的攻击行为。
c)  结果判定：
实际测评结果与相关预期结果一致则判定为符合，其他情况判定为不符合。",,,
GB20281-FW-030,GB/T 20281—2020,product-control,外部安全系统协同防护,Extracted,2,6.1.4.8 | 7.2.4.8,"6.1.4.8     外部系统协同防护
产品应提供联动接口 ，能通过接口与其他网络安全产品进行联动，如执行其他网络安全产品下发的安全策略等。

--- EXCERPT ---

7.2.4.8    外部系统协同防护
外部系统协同防护的测评方法如下：
a)  测评方法：
查看产品是否提供接口说明，验证是否支持与其他网络安全产品进行联动。
b)   预期结果：
提供接口 ，支持与其他网络安全产品进行联动。
c)  结果判定：
实际测评结果与相关预期结果一致则判定为符合，其他情况判定为不符合。",,,
GB20281-FW-031,GB/T 20281—2020,product-control,安全策略命中和攻击事件审计,Extracted,2,6.1.5.1 a | 7.2.5.1,"6.1.5.1     安全审计
a)  记录事件类型：
1)   被产品安全策略匹配的访问请求；
2)   检测到的攻击行为。

--- EXCERPT ---

7.2.5.1      安全审计
安全审计的测评方法如下：
a)  测评方法：
1)   验证产品是否记录以下事件类型的 日志：
— 被产品安全策略匹配的访问请求；
— 检测到的攻击行为。
2)   验证日志内容是否包括：
— 事件发生的 日期和时间；
— 事件发生的主体、客体和描述，其中数据包 日志包括协议类型、源地址、目标地址、源端口和 目标端口等；
— 攻击事件的描述。
3)   验证产品是否支持日志管理功能：
— 验证日志是否仅允许授权管理员访问，并提供日志查阅、导出等功能；
— 验证产品是否能按 日期、时间、主体、客体等条件查询审计事件；
— 验证日志是否存储于掉电非易失性存储介质中；
— 验证日志存储周期是否设定为不小于六个月；
— 验证日志存储空间达到阈值时，是否能通知授权管理员，并确保审计功能的正常运行；
— 验证日志是否支持自动化备份至其他存储设备。
b)   预期结果：
1)   产品能记录被产品安全策略匹配的访问请求和检测到的攻击行为；
2)    日志记录包含：事件发生的 日期和时间，事件发生的主体、客体和描述，数据包 日志的协议类型、源地址、目标地址、源端口和 目标端口 ，攻击事件的描述；
3)   产品仅允许授权管理员访问，提供日志查阅、导出等功能；提供按日期、时间、主体、客体等条件进行查询审计事件的功能；日志存储于掉电非易失性存储介质中，日志存储周期设定为不小于六个月；存储空间达到阈值时，能通知授权管理员；日志支持自动化备份至其他存储设备。
c)  结果判定：
实际测评结果与相关预期结果一致则判定为符合，其他情况判定为不符合。",,,
GB20281-FW-032,GB/T 20281—2020,product-control,安全审计日志字段,Extracted,2,6.1.5.1 b | 7.2.5.1,"6.1.5.1     安全审计
b)  日志内容：
1)   事件发生的 日期和时间；
2)   事件发生的主体、客体和描述，其中数据包 日志包括协议类型、源地址、目标地址、源端 口和 目标端口等；
3)   攻击事件的描述。

--- EXCERPT ---

7.2.5.1      安全审计
安全审计的测评方法如下：
a)  测评方法：
1)   验证产品是否记录以下事件类型的 日志：
— 被产品安全策略匹配的访问请求；
— 检测到的攻击行为。
2)   验证日志内容是否包括：
— 事件发生的 日期和时间；
— 事件发生的主体、客体和描述，其中数据包 日志包括协议类型、源地址、目标地址、源端口和 目标端口等；
— 攻击事件的描述。
3)   验证产品是否支持日志管理功能：
— 验证日志是否仅允许授权管理员访问，并提供日志查阅、导出等功能；
— 验证产品是否能按 日期、时间、主体、客体等条件查询审计事件；
— 验证日志是否存储于掉电非易失性存储介质中；
— 验证日志存储周期是否设定为不小于六个月；
— 验证日志存储空间达到阈值时，是否能通知授权管理员，并确保审计功能的正常运行；
— 验证日志是否支持自动化备份至其他存储设备。
b)   预期结果：
1)   产品能记录被产品安全策略匹配的访问请求和检测到的攻击行为；
2)    日志记录包含：事件发生的 日期和时间，事件发生的主体、客体和描述，数据包 日志的协议类型、源地址、目标地址、源端口和 目标端口 ，攻击事件的描述；
3)   产品仅允许授权管理员访问，提供日志查阅、导出等功能；提供按日期、时间、主体、客体等条件进行查询审计事件的功能；日志存储于掉电非易失性存储介质中，日志存储周期设定为不小于六个月；存储空间达到阈值时，能通知授权管理员；日志支持自动化备份至其他存储设备。
c)  结果判定：
实际测评结果与相关预期结果一致则判定为符合，其他情况判定为不符合。",,,
GB20281-FW-033,GB/T 20281—2020,product-control,审计日志授权、查询、留存和备份,Extracted,2,6.1.5.1 c | 7.2.5.1,"6.1.5.1     安全审计
c)    日志管理：
1)   仅允许授权管理员访问 日志，并提供日志查阅、导出等功能；
2)    能对审计事件按 日期、时间、主体、客体等条件查询；
3)    日志存储于掉电非易失性存储介质中；
4)    日志存储周期设定不小于六个月；
5)   存储空间达到阈值时，能通知授权管理员，并确保审计功能的正常运行；
6)    日志支持自动化备份至其他存储设备。

--- EXCERPT ---

7.2.5.1      安全审计
安全审计的测评方法如下：
a)  测评方法：
1)   验证产品是否记录以下事件类型的 日志：
— 被产品安全策略匹配的访问请求；
— 检测到的攻击行为。
2)   验证日志内容是否包括：
— 事件发生的 日期和时间；
— 事件发生的主体、客体和描述，其中数据包 日志包括协议类型、源地址、目标地址、源端口和 目标端口等；
— 攻击事件的描述。
3)   验证产品是否支持日志管理功能：
— 验证日志是否仅允许授权管理员访问，并提供日志查阅、导出等功能；
— 验证产品是否能按 日期、时间、主体、客体等条件查询审计事件；
— 验证日志是否存储于掉电非易失性存储介质中；
— 验证日志存储周期是否设定为不小于六个月；
— 验证日志存储空间达到阈值时，是否能通知授权管理员，并确保审计功能的正常运行；
— 验证日志是否支持自动化备份至其他存储设备。
b)   预期结果：
1)   产品能记录被产品安全策略匹配的访问请求和检测到的攻击行为；
2)    日志记录包含：事件发生的 日期和时间，事件发生的主体、客体和描述，数据包 日志的协议类型、源地址、目标地址、源端口和 目标端口 ，攻击事件的描述；
3)   产品仅允许授权管理员访问，提供日志查阅、导出等功能；提供按日期、时间、主体、客体等条件进行查询审计事件的功能；日志存储于掉电非易失性存储介质中，日志存储周期设定为不小于六个月；存储空间达到阈值时，能通知授权管理员；日志支持自动化备份至其他存储设备。
c)  结果判定：
实际测评结果与相关预期结果一致则判定为符合，其他情况判定为不符合。",,,
GB20281-FW-034,GB/T 20281—2020,product-control,攻击安全告警和告警合并,Extracted,2,6.1.5.2 | 7.2.5.2,"6.1.5.2    安全告警
产品应支持对 6.1.4 中的攻击行为进行告警，并能对高频发生的相同告警事件进行合并告警，避免
出现告警风暴。 告警信息至少包括以下内容：
a)  事件主体；
b)   事件客体；
c)  事件描述；
d)   危害级别；
e)  事件发生的 日期和时间。

--- EXCERPT ---

7.2.5.2     安全告警
安全告警的测评方法如下：
a)  测评方法：
1)   使用各类攻击仿真器分别产生 6.1.4 中的攻击事件；
2)   验证产品是否能对攻击告警，是否能对高频发生的相同事件合并告警；
3)    验证告警信息是否包含事件主体、事件客体、事件描述、危害级别、事件发生的 日 期和时间。
b)   预期结果：
1)   产品能对攻击事件产生告警，并能将高频攻击事件合并告警；
2)    产品告警信息内容包含事件主体、事件客体、事件描述、危害级别、事件发生的 日 期和时间。
c)  结果判定：
实际测评结果与相关预期结果一致则判定为符合，其他情况判定为不符合。",,,
GB20281-FW-035,GB/T 20281—2020,product-control,网络、应用和攻击事件统计,Extracted,2,6.1.5.3 | 7.2.5.3,"6.1.5.3      统计
6.1.5.3.1      网络流量统计
产品应支持以图形化界面展示网络流量情况，包括但不限于：
a)  按照 IP、时间段和协议类型等条件或以上条件组合对网络流量进行统计；
b)   实时或以报表形式输出统计结果。
6.1.5.3.2     应用流量统计
产品应支持以图形化界面展示应用流量情况，包括但不限于：
a)  按照 IP、时间段和应用类型等条件或以上条件组合对应用流量进行统计；
b)   以报表形式输出统计结果；
c)   对不同时间段的统计结果进行比对。
6.1.5.3.3     攻击事件统计
产品应支持以图形化界面展示攻击事件情况，包括但不限于：
a)  按照攻击事件类型、IP 和时间段等条件或以上条件组合对攻击事件进行统计；
b)   以报表形式输出统计结果。

--- EXCERPT ---

7.2.5.3    统计
7.2.5.3.1      网络流量统计
网络流量统计的测评方法如下：
a)  测评方法：
1)   在不同时间段向产品发送包含多个 IP 地址、多种协议的混合流量，尝试按 IP 地址、时间段和协议类型等条件或以上条件组合对网络流量进行统计；
2)   验证是否能实时或者以报表形式输出统计结果。
b)   预期结果：
1)   产品能按 IP地址、时间段和协议类型等条件或以上条件组合对网络流量进行统计；
2)   产品能实时或者以报表形式输出统计结果。
c)  结果判定：
实际测评结果与相关预期结果一致则判定为符合，其他情况判定为不符合。
7.2.5.3.2    应用流量统计
应用流量统计的测评方法如下：
a)  测评方法：
1)   在不同时间段向产品发送包含多个 IP 地址、多种应用的混合流量，尝试按 IP 地址、时间段和协议类型等条件或以上条件组合对应用流量进行统计；
2)   验证是否能以报表形式输出统计结果；
3)   验证是否支持不同时间段统计结果对比。
b)   预期结果：
1)   产品能按 IP地址、时间段和应用类型等条件或以上条件组合对应用流量进行统计；
2)   产品能以报表形式输出统计结果；
3)   支持不同时间段统计结果的比对。
c)  结果判定：
实际测评结果与相关预期结果一致则判定为符合，其他情况判定为不符合。
7.2.5.3.3     攻击事件统计
攻击事件统计的测评方法如下：
a)  测评方法：
1)   在不同时间段向产品发送包含多个 IP 地址、多种攻击的混合流量，尝试按攻击事件类型、 IP地址和时间段等条件或以上条件组合对攻击事件进行统计；
2)   验证是否能以报表形式输出统计结果。
b)   预期结果：
1)   产品能按照攻击事件类型、IP 地址和时间段等条件或以上条件组合对攻击事件进行统计；
2)   产品能以报表形式输出统计结果。
c)  结果判定：
实际测评结果与相关预期结果一致则判定为符合，其他情况判定为不符合。",,,
GB20281-FW-036,GB/T 20281—2020,product-control,身份唯一及鉴别信息保护,Extracted,2,6.2.1 a-b | 7.3.1,"6.2.1     身份标识与鉴别
a)  对用户身份进行标识和鉴别，身份标识具有唯一性；
b)   对用户身份鉴别信息进行安全保护，保障用户鉴别信息存储和传输过程中的保密性；

--- EXCERPT ---

7.3.1     身份识别与鉴别
身份识别与鉴别的测评方法如下：
a)  测评方法：
1)   测试产品是否对其用户进行唯一性标识，如不允许创建重名用户；
2)   测试产品对于用户鉴别信息的存储和传输过程中，采取何种措施对其保密性和完整性进行保护；
3)   尝试连续多次失败登录产品，触发产品的登录失败处理功能，检查产品采用何种机制防止用户进一步进行尝试；
4)   产品登录后，在超时时间内无任何操作，查看产品是否自动退出；
5)   若产品采用口令鉴别机制，测试产品是否提供了口令复杂度校验机制，是否不允许用户设置弱口令，如空口令、纯数字等；
6)   产品存在默认口令时，检查产品是否提示用户对默认口令进行修改；
7)   查看产品本地和远程管理是否支持双因子身份鉴别。
b)   预期结果：
1)   产品确保在管理员进行操作之前，对管理员、主机和用户等进行唯一的身份识别；
2)   产品支持非明文的远程管理会话，明文的远程管理方式能关闭；
3)   输入错误口令达到设定的最大失败次数后，产品终止可信主机或用户建立会话的过程，并对该失败用户做禁止访问处理；
4)   产品登录后，在超时时间内无任何操作，产品 自动退出；
5)   管理员需通过口令验证等身份鉴别措施，并对口令强度具有要求；
6)   产品存在默认口令时，产品能提示用户对默认口令进行修改；
7)   产品支持双因子鉴别。
c)  结果判定：
实际测评结果与相关预期结果一致则判定为符合，其他情况判定为不符合。",,,
GB20281-FW-037,GB/T 20281—2020,product-control,登录失败处理和管理登录超时,Extracted,2,6.2.1 c-d | 7.3.1,"6.2.1     身份标识与鉴别
c)  具有登录失败处理功能，如限制连续的非法登录尝试次数等相关措施；
d)   具有登录超时处理功能，当登录连接超时自动退出；

--- EXCERPT ---

7.3.1     身份识别与鉴别
身份识别与鉴别的测评方法如下：
a)  测评方法：
1)   测试产品是否对其用户进行唯一性标识，如不允许创建重名用户；
2)   测试产品对于用户鉴别信息的存储和传输过程中，采取何种措施对其保密性和完整性进行保护；
3)   尝试连续多次失败登录产品，触发产品的登录失败处理功能，检查产品采用何种机制防止用户进一步进行尝试；
4)   产品登录后，在超时时间内无任何操作，查看产品是否自动退出；
5)   若产品采用口令鉴别机制，测试产品是否提供了口令复杂度校验机制，是否不允许用户设置弱口令，如空口令、纯数字等；
6)   产品存在默认口令时，检查产品是否提示用户对默认口令进行修改；
7)   查看产品本地和远程管理是否支持双因子身份鉴别。
b)   预期结果：
1)   产品确保在管理员进行操作之前，对管理员、主机和用户等进行唯一的身份识别；
2)   产品支持非明文的远程管理会话，明文的远程管理方式能关闭；
3)   输入错误口令达到设定的最大失败次数后，产品终止可信主机或用户建立会话的过程，并对该失败用户做禁止访问处理；
4)   产品登录后，在超时时间内无任何操作，产品 自动退出；
5)   管理员需通过口令验证等身份鉴别措施，并对口令强度具有要求；
6)   产品存在默认口令时，产品能提示用户对默认口令进行修改；
7)   产品支持双因子鉴别。
c)  结果判定：
实际测评结果与相关预期结果一致则判定为符合，其他情况判定为不符合。",,,
GB20281-FW-038,GB/T 20281—2020,product-control,口令复杂度和默认口令修改,Extracted,2,6.2.1 e-f | 7.3.1,"6.2.1     身份标识与鉴别
e)    在采用基于口令的身份鉴别时，要求对用户设置的口令进行复杂度检查，确保用户口令满足一定的复杂度要求；
f)    当产品中存在默认口令时，提示用户对默认口令进行修改，以减少用户身份被冒用的风险；

--- EXCERPT ---

7.3.1     身份识别与鉴别
身份识别与鉴别的测评方法如下：
a)  测评方法：
1)   测试产品是否对其用户进行唯一性标识，如不允许创建重名用户；
2)   测试产品对于用户鉴别信息的存储和传输过程中，采取何种措施对其保密性和完整性进行保护；
3)   尝试连续多次失败登录产品，触发产品的登录失败处理功能，检查产品采用何种机制防止用户进一步进行尝试；
4)   产品登录后，在超时时间内无任何操作，查看产品是否自动退出；
5)   若产品采用口令鉴别机制，测试产品是否提供了口令复杂度校验机制，是否不允许用户设置弱口令，如空口令、纯数字等；
6)   产品存在默认口令时，检查产品是否提示用户对默认口令进行修改；
7)   查看产品本地和远程管理是否支持双因子身份鉴别。
b)   预期结果：
1)   产品确保在管理员进行操作之前，对管理员、主机和用户等进行唯一的身份识别；
2)   产品支持非明文的远程管理会话，明文的远程管理方式能关闭；
3)   输入错误口令达到设定的最大失败次数后，产品终止可信主机或用户建立会话的过程，并对该失败用户做禁止访问处理；
4)   产品登录后，在超时时间内无任何操作，产品 自动退出；
5)   管理员需通过口令验证等身份鉴别措施，并对口令强度具有要求；
6)   产品存在默认口令时，产品能提示用户对默认口令进行修改；
7)   产品支持双因子鉴别。
c)  结果判定：
实际测评结果与相关预期结果一致则判定为符合，其他情况判定为不符合。",,,
GB20281-FW-039,GB/T 20281—2020,product-control,授权管理员多因素鉴别,Extracted,2,6.2.1 g | 7.3.1,"6.2.1     身份标识与鉴别
g)   应对授权管理员选择两种或两种以上组合的鉴别技术进行身份鉴别。

--- EXCERPT ---

7.3.1     身份识别与鉴别
身份识别与鉴别的测评方法如下：
a)  测评方法：
1)   测试产品是否对其用户进行唯一性标识，如不允许创建重名用户；
2)   测试产品对于用户鉴别信息的存储和传输过程中，采取何种措施对其保密性和完整性进行保护；
3)   尝试连续多次失败登录产品，触发产品的登录失败处理功能，检查产品采用何种机制防止用户进一步进行尝试；
4)   产品登录后，在超时时间内无任何操作，查看产品是否自动退出；
5)   若产品采用口令鉴别机制，测试产品是否提供了口令复杂度校验机制，是否不允许用户设置弱口令，如空口令、纯数字等；
6)   产品存在默认口令时，检查产品是否提示用户对默认口令进行修改；
7)   查看产品本地和远程管理是否支持双因子身份鉴别。
b)   预期结果：
1)   产品确保在管理员进行操作之前，对管理员、主机和用户等进行唯一的身份识别；
2)   产品支持非明文的远程管理会话，明文的远程管理方式能关闭；
3)   输入错误口令达到设定的最大失败次数后，产品终止可信主机或用户建立会话的过程，并对该失败用户做禁止访问处理；
4)   产品登录后，在超时时间内无任何操作，产品 自动退出；
5)   管理员需通过口令验证等身份鉴别措施，并对口令强度具有要求；
6)   产品存在默认口令时，产品能提示用户对默认口令进行修改；
7)   产品支持双因子鉴别。
c)  结果判定：
实际测评结果与相关预期结果一致则判定为符合，其他情况判定为不符合。",,,
GB20281-FW-040,GB/T 20281—2020,product-control,管理能力、NTP 与 SYSLOG,Extracted,2,6.2.2 a-f | 7.3.2,"6.2.2     管理能力
a)    向授权管理员提供设置和修改安全管理相关的数据参数的功能；
b)  向授权管理员提供设置、查询和修改各种安全策略的功能；
c)    向授权管理员提供管理审计日志的功能；
d)   支持更新自身系统的能力，包括对软件系统的升级以及各种特征库的升级；
e)    能从 NTP 服务器同步系统时间；
f)    支持通过 SYSLOG协议向 日志服务器同步日志、告警等信息；

--- EXCERPT ---

7.3.2     管理能力
管理能力的测评方法如下：
a)  测评方法：
1)   验证产品是否向授权管理员提供设置和修改安全管理参数的功能；
2)   验证产品是否向授权管理员提供设置、查询和修改各种安全策略的功能；
3)   验证产品是否向授权管理员提供管理审计日志的功能；
4)   验证产品是否支持自身系统以及各种特征库的升级；
5)   验证产品是否支持从 NTP 服务器上同步系统时间；
6)   验证产品是否支持将 日志、告警等信息以 SYSYLOG协议发送至 日志服务器；
7)   验证产品是否区分管理员角色，是否能划分为系统管理员、安全操作员和安全审计员，且三类管理员角色权限相互制约；
8)   验证产品是否向授权管理员提供策略有效性检测功能。
b)   预期结果：
1)   产品能向授权管理员提供设置和修改安全管理参数的功能；
2)   产品能向授权管理员提供设置、查询和修改各种安全策略的功能；
3)   产品能向授权管理员提供管理审计日志的功能；
4)   产品能支持自身系统以及各种特征库的升级；
5)   产品能支持从 NTP 服务器同步系统时间；
6)   产品能支持将 日志、告警等信息以 SYSYLOG协议发送至 日志服务器；
7)   产品能区分管理员角色，能划分为系统管理员、安全操作员和安全审计员，且三类管理员角色权限相互制约；
8)   产品能向授权管理员提供策略有效性检查功能。
c)  结果判定：
实际测评结果与相关预期结果一致则判定为符合，其他情况判定为不符合。",,,
GB20281-FW-041,GB/T 20281—2020,product-control,管理员角色制约和策略有效性检查,Extracted,2,6.2.2 g-h | 7.3.2,"6.2.2     管理能力
g)   应区分管理员角色，能划分为系统管理员、安全操作员和安全审计员，三类管理员角色权限能相互制约；
h)   提供安全策略有效性检查功能，如安全策略匹配情况检测等。

--- EXCERPT ---

7.3.2     管理能力
管理能力的测评方法如下：
a)  测评方法：
1)   验证产品是否向授权管理员提供设置和修改安全管理参数的功能；
2)   验证产品是否向授权管理员提供设置、查询和修改各种安全策略的功能；
3)   验证产品是否向授权管理员提供管理审计日志的功能；
4)   验证产品是否支持自身系统以及各种特征库的升级；
5)   验证产品是否支持从 NTP 服务器上同步系统时间；
6)   验证产品是否支持将 日志、告警等信息以 SYSYLOG协议发送至 日志服务器；
7)   验证产品是否区分管理员角色，是否能划分为系统管理员、安全操作员和安全审计员，且三类管理员角色权限相互制约；
8)   验证产品是否向授权管理员提供策略有效性检测功能。
b)   预期结果：
1)   产品能向授权管理员提供设置和修改安全管理参数的功能；
2)   产品能向授权管理员提供设置、查询和修改各种安全策略的功能；
3)   产品能向授权管理员提供管理审计日志的功能；
4)   产品能支持自身系统以及各种特征库的升级；
5)   产品能支持从 NTP 服务器同步系统时间；
6)   产品能支持将 日志、告警等信息以 SYSYLOG协议发送至 日志服务器；
7)   产品能区分管理员角色，能划分为系统管理员、安全操作员和安全审计员，且三类管理员角色权限相互制约；
8)   产品能向授权管理员提供策略有效性检查功能。
c)  结果判定：
实际测评结果与相关预期结果一致则判定为符合，其他情况判定为不符合。",,,
GB20281-FW-042,GB/T 20281—2020,product-control,管理操作审计和异常告警,Extracted,2,6.2.3 | 7.3.3,"6.2.3     管理审计
产品的管理审计安全要求包括但不限于：
a)    对用户账户的登录和注销、系统启动、重要配置变更、增加／删除／修改管理员、保存／删除审计日志等操作行为进行 日志记录；
b)   对产品及其模块的异常状态进行告警，并记录 日志；
c)    日志记录中包括如下内容：事件发生的 日期和时间，事件的类型，事件主体，事件操作结果；
d)   仅允许授权管理员访问 日志。

--- EXCERPT ---

7.3.3     管理审计
管理审计的测评方法如下：
a)  测评方法：
1)   针对产品尝试进行用户登录和注销、系统启动、重要配置变更、增加／删除／修改管理员、保存／删除审计日志等操作行为，检查产品是否针对上述操作生成审计日志；
2)   模拟对产品及其模块的异常状态，检查产品是否针对上述异常进行告警并记录 日志；
3)   检查产品的审计日志是否包括事件发生的 日期和时间、事件的类型、主体身份、事件操作结果等内容；
4)   检查产品是否仅允许授权管理员访问 日志。
b)   预期结果：
1)   产品能对用户登录和注销、系统启动、重要配置变更、增加／删除／修改管理员、保存／删除审计日志等操作行为生成审计日志；
2)   产品的审计日志中包括事件发生的 日期和时间、事件的类型、主体身份、事件操作结果等内容；
3)   产品仅允许授权管理员访问 日志。
c)  结果判定：
实际测评结果与相关预期结果一致则判定为符合，其他情况判定为不符合。",,,
GB20281-FW-043,GB/T 20281—2020,product-control,远程管理来源限制和非明文传输,Extracted,2,6.2.4 a-d | 7.3.4,"6.2.4     管理方式
a)  支持通过 console端口进行本地管理；
b)   支持通过网络接口进行远程管理，并能限定进行远程管理的 IP、MAC 地址；
c)  远程管理过程中，管理端与产品之间的所有通信数据应非明文传输；
d) 支持 SNMP 网管协议方式的监控和管理；

--- EXCERPT ---

7.3.4     管理方式
管理方式的测评方法如下：
a)  测评方法：
1)  验证产品是否支持通过 console端口进行本地管理；
2)   验证产品是否支持通过网络接口进行远程管理；
3)   验证产品在远程管理过程中，管理端与产品之间的所有通信数据是否为非明文传输；
4)   验证产品是否支持通过 SNMP 协议进行监控和管理；
5)   验证产品是否具备独立的管理接口 ，是否与业务接口分离；
6)   验证产品是否支持集中管理，是否能通过集中管理平台实现监控运行状态、下发安全策略、升级系统版本、升级特征库版本。
b)   预期结果：
1)  产品支持通过 console端口进行本地管理；
2)   产品支持通过网络接口进行远程管理，并能限定进行远程管理的 IP、MAC 地址；
3)   产品在远程管理过程中，管理端与产品之间的所有通信数据为非明文传输；
4)   产品支持通过 SNMP 协议进行监控和管理；
5)   产品具备独立的管理接口 ，并能与业务接口分离，同时能关闭业务接口上的管理服务；
6)   产品支持集中管理，并通过集中管理平台实现统一监控运行状态、统一下发安全策略、统一升级系统版本、统一升级特征库版本。
c)  结果判定：
实际测评结果与相关预期结果一致则判定为符合，其他情况判定为不符合。",,,
GB20281-FW-044,GB/T 20281—2020,product-control,管理业务接口分离和集中管理,Extracted,2,6.2.4 e-f | 7.3.4,"6.2.4     管理方式
e)   支持管理接口与业务接口分离；
f)    支持集中管理，通过集中管理平台实现监控运行状态、下发安全策略、升级系统版本、升级特征库版本。

--- EXCERPT ---

7.3.4     管理方式
管理方式的测评方法如下：
a)  测评方法：
1)  验证产品是否支持通过 console端口进行本地管理；
2)   验证产品是否支持通过网络接口进行远程管理；
3)   验证产品在远程管理过程中，管理端与产品之间的所有通信数据是否为非明文传输；
4)   验证产品是否支持通过 SNMP 协议进行监控和管理；
5)   验证产品是否具备独立的管理接口 ，是否与业务接口分离；
6)   验证产品是否支持集中管理，是否能通过集中管理平台实现监控运行状态、下发安全策略、升级系统版本、升级特征库版本。
b)   预期结果：
1)  产品支持通过 console端口进行本地管理；
2)   产品支持通过网络接口进行远程管理，并能限定进行远程管理的 IP、MAC 地址；
3)   产品在远程管理过程中，管理端与产品之间的所有通信数据为非明文传输；
4)   产品支持通过 SNMP 协议进行监控和管理；
5)   产品具备独立的管理接口 ，并能与业务接口分离，同时能关闭业务接口上的管理服务；
6)   产品支持集中管理，并通过集中管理平台实现统一监控运行状态、统一下发安全策略、统一升级系统版本、统一升级特征库版本。
c)  结果判定：
实际测评结果与相关预期结果一致则判定为符合，其他情况判定为不符合。",,,
GB20281-FW-045,GB/T 20281—2020,product-control,安全支撑系统最小化、重启保护和漏洞基线,Extracted,2,6.2.5 | 7.3.5,"6.2.5    安全支撑系统
产品的支撑系统安全要求包括但不限于：
a)  进行必要的裁剪，不提供多余的组件或网络服务；
b)   重启过程中，安全策略和 日志信息不丢失；
c)  不含已知中、高风险安全漏洞。

--- EXCERPT ---

7.3.5    安全支撑系统
安全支撑系统的测评方法如下：
a)  测评方法：
1)   查看产品文档，并验证产品的支撑系统是否进行了必要的裁剪，是否不提供多余的组件或网络服务；
2)   重启产品，验证安全策略和 日志信息是否不丢失；
3)   对产品进行安全性测试，验证是否不含已知的中、高风险安全漏洞。
b)   预期结果：
1)   产品支撑系统进行了必要的裁剪，不提供多余的组件或网络服务；
2)   重启过程中，安全策略和 日志信息不丢失；
3)   产品不含已知中、高风险安全漏洞。
c)  结果判定：
实际测评结果与相关预期结果一致则判定为符合，其他情况判定为不符合。",,,
GB20281-FW-046,GB/T 20281—2020,product-control,吞吐量、延迟、连接速率和并发连接性能,Extracted,2,6.3 | 7.4,"6.3    性能要求
6.3.1     吞吐量
6.3.1.1      网络层吞吐量
硬件产品的网络层吞吐量视不同速率的产品有所不同，具体指标要求如下：
a)  一对相应速率的端口应达到的双向吞吐率指标：
1)  对于 64 字节短包，百兆产品不小于线速的 20% ,千兆和万兆产品不小于线速的 35% ;
2)  对于 512 字节中长包，百兆产品不小于线速的 70% ,千兆和万兆产品不小于线速的 80% ;
3)  对于 1  518 字节长包，百兆产品不小于线速的 90% ,千兆和万兆产品不小于线速的 95% ;
b)   针对高性能的万兆产品，对于 1  518 字节长包，吞吐量至少达到 80  Gbit/s。
6.3.1.2     混合应用层吞吐量
硬件产品的应用层吞吐量视不同速率的产品有所不同，开启应用攻击防护功能的情况下，具体指标
要求如下：
a)  百兆产品混合应用层吞吐量应不小于 60  Mbit/s ;
b)   千兆产品混合应用层吞吐量应不小于 600 Mbit/s ;
c)    万兆产品混合应用层吞吐量应不小于 5  Gbit/s；针对高性能的万兆产品，整机混合应用层吞吐量至少达到 20 Gbit/ s。
6.3.1.3    HTTP吞吐量
硬件产品的 HTTP吞吐量视不同速率的产品有所不同，开启 WEB 攻击防护功能的情况下，具体指标要求如下：
a)  百兆产品应用层吞吐量应不小于 80  Mbit/s ;
b)   千兆产品应用层吞吐量应不小于 800 Mbit/s ;
c)  万兆产品应用层吞吐量应不小于 6 Gbit/s。
6.3.2    延迟
硬件产品的延迟视不同速率的产品有所不同，一对相应速率端口的延迟具体指标要求如下：
a)    对于 64 字节短包、512 字节中长包、1  518 字节长包，百兆产品的平均延迟不应超过 500  μs;
b) 对于 64 字节短包、512  字节中长包、1  518 字节长包，千兆、万兆产品的平均延迟不应超过
90 μs。
6.3.3    连接速率
6.3.3.1     TCP新建连接速率
硬件产品的 TCP新建连接速率视不同速率的产品有所不同，具体指标要求如下：
a)    百兆产品的 TCP新建连接速率应不小于 1  500 个/s ;
b)   千兆产品的 TCP新建连接速率应不小于 5  000 个/s ;
c)    万兆产品的新建连接数速率应不小于 50  000 个/s；针对高性能的万兆产品，整机新建连接数速率应不小于 250 000 个/s。
6.3.3.2    HTTP请求速率
硬件产品的 HTTP请求速率视不同速率的产品有所不同，具体指标要求如下：
a)  百兆产品的 HTTP请求速率应不小于 800 个/s ;
b)   千兆产品的 HTTP请求速率应不小于 3  000 个/s ;
c)  万兆产品的 HTTP请求速率应不小于 5 000 个/s。
6.3.3.3   SQL请求速率
硬件产品的 SQL请求速率视不同速率的产品有所不同，具体指标要求如下：
a)    百兆产品的 SQL请求速率应不小于 2 000 个/s ;
b)   千兆产品的 SQL请求速率应不小于 10  000 个/s ;
c)  万兆产品的 SQL请求速率应不小于 50 000 个/s。
6.3.4    并发连接数
6.3.4.1     TCP并发连接数
硬件产品的 TCP并发连接数视不同速率的产品有所不同，具体指标要求如下：
a)  百兆产品的并发连接数应不小于 50  000 个；
b)   千兆产品的并发连接数应不小于 200  000 个；
c)    万兆产品的并发连接数应不小于 2  000 000 个；针对高性能的万兆产品，整机并发连接数至少达到 3 000 000 个。
6.3.4.2    HTTP并发连接数
硬件产品的 HTTP并发连接数视不同速率的产品有所不同，具体指标要求如下：
a)  百兆产品的 HTTP并发连接数应不小于 50  000 个；
b) 千兆产品的 HTTP并发连接数应不小于 200  000 个；
c)    万兆产品的 HTTP并发连接数应不小于 2  000  000 个。
6.3.4.3   SQL并发连接数
硬件产品的 SQL并发连接数视不同速率的产品有所不同，具体指标要求如下：
a)  百兆产品的 SQL并发连接数应不小于 800 个；
b) 千兆产品的 SQL并发连接数应不小于 2 000 个；
c)    万兆产品的 SQL并发连接数应不小于 4  000 个。

--- EXCERPT ---

7.4    性能测评
7.4.1     吞吐量
7.4.1.1      网络层吞吐量
网络层吞吐量的测评方法如下：
a)  测评方法：
1)   使用性能测试仪连接产品的接 口 ，测试产品一对相应速率的端口在不丢包情况下，双向UDP 协议（分别在 64 字节、512 字节和 1  518 字节条件下）的吞吐量；
2)   测试高性能的万兆产品在不丢包情况下，整机双向 UDP 协议(1  518 字节）的吞吐量。
b)   预期结果：
网络层吞吐量不低于 6.3.1.1  的相应要求。
c)  结果判定：
实际测评结果与相关预期结果一致则判定为符合，其他情况判定为不符合。
7.4.1.2     混合应用层吞吐量
混合应用层吞吐量的测评方法如下：
a)  测评方法：
1)   开启产品应用攻击防护功能，使用性能测试仪构造混合应用层流量（流量参考模型如下： HTTP  Text , 20% ; HTTP  Audio , 10% ; HTTP  Video , 11% ; P2P , 12% ; SMB, 8% ; SMTP, 12% ; POP3 , 12% ; FTP, 10% ; SQL92 , 5%) ,连接产品的接 口 ，测试产品在不丢包且无误拦截情况下，混合应用层数据的吞吐量；
2)   测试高性能的万兆产品在不丢包且无误拦截情况下，整机混合应用层吞吐量。
b)   预期结果：
混合应用层吞吐量不低于 6.3.1.2  的相应要求。
c)  结果判定：
实际测评结果与相关预期结果一致则判定为符合，其他情况判定为不符合。
7.4.1.3    HTTP吞吐量
HTTP 吞吐量的测评方法如下：
a)  测评方法：
1)   开启产品 WEB攻击防护功能，使用性能测试仪连接产品的接口；
2)   测试产品在不丢包且无误拦截情况下，双向 HTTP 数据的吞吐量。
b)   预期结果：
HTTP 吞吐量不低于 6.3.1.3  的相应要求。
c)  结果判定：
实际测评结果与相关预期结果一致则判定为符合，其他情况判定为不符合。
7.4.2    延迟
延迟的测评方法如下：
a)  测评方法：
1)   使用性能测试仪连接产品的接口；
2)    测试产品一对相应速率的端口分别在 64 字节、512 字节、1  518 字节最大网络吞吐量 90%条件下的延迟。
b)   预期结果：
延迟不低于 6.3.2  的相应要求。
c)  结果判定：
实际测评结果与相关预期结果一致则判定为符合，其他情况判定为不符合。
7.4.3    连接速率
7.4.3.1     TCP新建连接速率
TCP新建连接速率的测评方法如下：
a)  测评方法：
1)   使用性能测试仪连接产品的接口 ，测试产品的 TCP新建连接速率；
2)   测试高性能的万兆产品整机 TCP新建连接速率。
b)   预期结果：
TCP新建连接速率不低于 6.3.3.1  的相应要求。
c)  结果判定：
实际测评结果与相关预期结果一致则判定为符合，其他情况判定为不符合。
7.4.3.2    HTTP请求速率
HTTP请求速率的测评方法如下：
a)  测评方法：
1)   使用性能测试仪连接产品的接口；
2)   测试产品的 HTTP请求速率。
b)   预期结果：
HTTP请求速率不低于 6.3.3.2 的相应要求。
c)  结果判定：
实际测评结果与相关预期结果一致则判定为符合，其他情况判定为不符合。
7.4.3.3   SQL请求速率
数据库请求速率的测评方法如下：
a)  测评方法：
1)   使用性能测试仪连接产品的接口；
2)   测试产品的 SQL请求速率。
b)   预期结果：
SQL请求速率不低于 6.3.3.3 的相应要求。
c)  结果判定：
实际测评结果与相关预期结果一致则判定为符合，其他情况判定为不符合。
7.4.4    并发连接数
7.4.4.1     TCP并发连接数
TCP并发连接数的测评方法如下：
a)  测评方法：
1)   使用性能测试仪连接产品的接口 ，测试产品的 TCP并发连接数；
2)   测试高性能的万兆产品整机 TCP并发连接数。
b)   预期结果：
TCP并发连接数不低于 6.3.4.1  的相应要求。
c)  结果判定：
实际测评结果与相关预期结果一致则判定为符合，其他情况判定为不符合。
7.4.4.2    HTTP并发连接数
HTTP并发连接数的测评方法如下：
a)  测评方法：
1)   使用性能测试仪连接产品的接口；
2)   测试产品的 HTTP并发连接数。
b)   预期结果：
HTTP并发连接数不低于 6.3.4.2 的相应要求。
c)  结果判定：
实际测评结果与相关预期结果一致则判定为符合，其他情况判定为不符合。
7.4.4.3   SQL并发连接数
SQL并发连接数的测评方法如下：
a)  测评方法：
1)   使用性能测试仪连接产品的接口；
2)  测试产品的 SQL并发连接数。
b)   预期结果：
SQL并发连接数不低于 6.3.4.3 的相应要求。
c)  结果判定：
实际测评结果与相关预期结果一致则判定为符合，其他情况判定为不符合。",,,
GB20281-FW-047,GB/T 20281—2020,product-control,产品安全保障材料,Extracted,2,6.4 | 7.5,"6.4    安全保障要求
6.4.1     开发
6.4.1.1      安全架构
开发者应提供产品安全功能的安全架构描述，安全架构描述应满足以下要求：
a)  与产品设计文档中对安全功能的描述范围相一致；
b)   充分描述产品采取的 自我保护、不可旁路的安全机制。
6.4.1.2    功能规范
开发者应提供完备的功能规范说明，功能规范说明应满足以下要求：
a)  根据产品类型清晰描述 6 .1、6 .2 中定义的安全功能；
b)   标识和描述产品所有安全功能接口的 目的、使用方法及相关参数；
c)  描述安全功能实施过程中，与安全功能接口相关的所有行为；
d)   描述可能由安全功能接口的调用而引起的所有直接错误消息。
6.4.1.3    产品设计
开发者应提供产品设计文档，产品设计文档应满足以下要求：
a)  通过子系统描述产品结构，标识和描述产品安全功能的所有子系统，并描述子系统间的相互作用；
b)   提供子系统和安全功能接口间的对应关系；
c)    通过实现模块描述安全功能，标识和描述实现模块的 目的、相关接口及返回值等，并描述实现模块间的相互作用及调用的接口；
d)   提供实现模块和子系统间的对应关系。
6.4.1.4    实现表示
开发者应提供产品安全功能的实现表示，实现表示应满足以下要求：
a)  详细定义产品安全功能，包括软件代码、设计数据等实例；
b)   提供实现表示与产品设计描述间的对应关系。
6.4.2    指导性文档
6.4.2.1     操作用户指南
开发者应提供明确和合理的操作用户指南，对每一种用户角色的描述应满足以下要求：
a)  描述用户能访问的功能和特权，包含适当的警示信息；
b)   描述产品安全功能及接口的用户操作方法，包括配置参数的安全值等；
c)  标识和描述产品运行的所有可能状态，包括操作导致的失败或者操作性错误；
d)   描述实现产品安全目的必需执行的安全策略。
6.4.2.2     准备程序
开发者应提供产品及其准备程序，准备程序描述应满足以下要求：
a)  描述与开发者交付程序相一致的安全接收所交付产品必需的所有步骤；
b)   描述安全安装产品及其运行环境必需的所有步骤。
6.4.3    生命周期支持
6.4.3.1     配置管理能力
开发者的配置管理能力应满足以下要求：
a)    为产品的不同版本提供唯一的标识；
b)   使用配置管理系统对组成产品的所有配置项进行维护，并进行唯一标识；
c)    提供配置管理文档，配置管理文档描述用于唯一标识配置项的方法；
d)   配置管理系统提供自动方式来支持产品的生成，通过自动化措施确保配置项仅接受授权变更；
e)  配置管理文档包括一个配置管理计划，描述用来接受修改过的或新建的作为产品组成部分的配置项的程序。 配置管理计划描述应描述如何使用配置管理系统开发产品，开发者实施的配置管理应与配置管理计划相一致。
6.4.3.2     配置管理范围
开发者应提供产品配置项列表，并说明配置项的开发者。 配置项列表应包含以下内容：
a)  产品及其组成部分、安全保障要求的评估证据；
b)   实现表示、安全缺陷报告及其解决状态。
6.4.3.3     交付程序
开发者应使用一定的交付程序交付产品，并将交付过程文档化。 在给用户方交付产品的各版本时，交付文档应描述为维护安全所必需的所有程序。
6.4.3.4     开发安全
开发者应提供开发安全文档。 开发安全文档应描述在产品的开发环境中，为保护产品设计和实现的保密性和完整性所必需的所有物理的、程序的、人员的和其他方面的安全措施。
6.4.3.5     生命周期定义
开发者应建立一个生命周期模型对产品的开发和维护进行的必要控制，并提供生命周期定义文档
描述用于开发和维护产品的模型。
6.4.3.6     工具和技术
开发者应明确定义用于开发产品的工具，并提供开发工具文档无歧义地定义实现中每个语句的含义和所有依赖于实现的选项的含义。
6.4.4    测试
6.4.4.1     测试覆盖
开发者应提供测试覆盖文档，测试覆盖描述应满足以下要求：
a)  表明测试文档中所标识的测试与功能规范中所描述的产品的安全功能间的对应性；
b)   表明上述对应性是完备的，并证实功能规范中的所有安全功能接口都进行了测试。
6.4.4.2     测试深度
开发者应提供测试深度的分析。 测试深度分析描述应满足以下要求：
a)  证实测试文档中的测试与产品设计中的安全功能子系统和实现模块之间的一致性；
b)   证实产品设计中的所有安全功能子系统、实现模块都已经进行过测试。
6.4.4.3     功能测试
开发者应测试产品安全功能，将结果文档化并提供测试文档。 测试文档应包括以下内容：
a)  测试计划，标识要执行的测试，并描述执行每个测试的方案，这些方案包括对于其他测试结果的任何顺序依赖性；
b)   预期的测试结果，表明测试成功后的预期输出；
c)  实际测试结果和预期的测试结果的对比。
6.4.4.4     独立测试
开发者应提供一组与其自测安全功能时使用的同等资源，以用于安全功能的抽样测试。
6.4.5    脆弱性评定
基于已标识的潜在脆弱性，产品能抵抗以下强度的攻击：
a)   具有基本攻击潜力的攻击者的攻击；
b)   具有中等攻击潜力的攻击者的攻击。
7    测评方法

--- EXCERPT ---

7.5    安全保障测评
7.5.1     开发
7.5.1.1     安全架构
安全架构的测评方法如下：
a)  测评方法：
检查开发者提供的安全架构证据，并检查开发者提供的信息是否满足证据的内容和形式的所有要求：
1)   与产品设计文档中对安全功能的描述范围是否相一致；
2)   是否充分描述产品采取的 自我保护、不可旁路的安全机制。
b)   预期结果：
开发者提供的信息应满足 6.4.1.1  中所述的要求。
c)  结果判定：
实际测评结果与相关预期结果一致则判定为符合，其他情况判定为不符合。
7.5.1.2    功能规范
功能规范的测评方法如下：
a)  测评方法：
检查开发者提供的功能规范证据，并检查开发者提供的信息是否满足证据的内容和形式的所有要求：
1)   是否清晰描述 6.1 、6.2  中定义的产品安全功能；
2)   是否描述产品所有安全功能接口的 目 的、使用方法及相关参数；
3)   描述安全功能实施过程中，是否描述与安全功能接口相关的所有行为；
4)   是否描述可能由安全功能接口的调用而引起的所有直接错误消息。
b)   预期结果：
开发者提供的信息应满足 6.4.1.2  中所述的要求。
c)  结果判定：
实际测评结果与相关预期结果一致则判定为符合，其他情况判定为不符合。
7.5.1.3    产品设计
产品设计的测评方法如下：
a)  测评方法：
检查开发者提供的产品设计证据，并检查开发者提供的信息是否满足证据的内容和形式的所有要求：
1)   是否根据子系统描述产品结构，是否标识和描述产品安全功能的所有子系统，是否描述安全功能所有子系统间的相互作用；
2)   提供的对应关系是否能证实设计中描述的所有行为映射到调用的安全功能接口；
3)   是否根据实现模块描述安全功能，是否描述所有实现模块的安全功能要求相关接口、接口的返回值、与其他模块间的相互作用及调用的接口；
4)   是否提供实现模块和子系统间的对应关系。
b)   预期结果：
开发者提供的信息应满足 6.4.1.3  中所述的要求。
c)  结果判定：
实际测评结果与相关预期结果一致则判定为符合，其他情况判定为不符合。
7.5.1.4    实现表示
实现表示的测评方法如下：
a)  测评方法：
检查开发者提供的实现表示证据，并检查开发者提供的信息是否满足证据的内容和形式的所有要求：
1)   是否通过软件代码、设计数据等实例详细定义产品安全功能；
2)   是否提供实现表示与产品设计描述间的对应关系。
b)   预期结果：
开发者提供的信息应满足 6.4.1.4  中所述的要求。
c)  结果判定：
实际测评结果与相关预期结果一致则判定为符合，其他情况判定为不符合。
7.5.2    指导性文档
7.5.2.1     操作用户指南
操作用户指南的测评方法如下：
a)  测评方法：
检查开发者提供的操作用户指南证据，并检查开发者提供的信息是否满足证据的内容和形式的所有要求：
1)   是否描述用户能访问的功能和特权（包含适当的警示信息）；
2)   是否描述如何以安全的方式使用产品提供的可用接 口 ，是否描述产品安全功能及接 口 的用户操作方法（包括配置参数的安全值）；
3)   是否标识和描述产品运行的所有可能状态，包括操作导致的失败或者操作性错误；
4)   是否描述实现产品安全目的必需执行的安全策略。
b)   预期结果：
开发者提供的信息应满足 6.4.2.1  中所述的要求。
c)  结果判定：
实际测评结果与相关预期结果一致则判定为符合，其他情况判定为不符合。
7.5.2.2     准备程序
用准备程序的测评方法如下：
a)  测评方法：
检查开发者提供的准备程序证据，并检查开发者提供的信息是否满足证据的内容和形式的所有要求：
1)   是否描述与开发者交付程序相一致的安全接收所交付产品必需的所有步骤；
2)   是否描述安全安装产品及其运行环境必需的所有步骤。
b)   预期结果：
开发者提供的信息应满足 6.4.2.2  中所述的要求。
c)  结果判定：
实际测评结果与相关预期结果一致则判定为符合，其他情况判定为不符合。
7.5.3    生命周期支持
7.5.3.1     配置管理能力
配置管理能力的测评方法如下：
a)  测评方法：
检查开发者提供的配置管理能力证据，并检查开发者提供的信息是否满足内容和形式的所有要求：
1)   检查开发者是否为不同版本的产品提供唯一的标识；
2)   现场检查配置管理系统是否对所有的配置项作出唯一的标识，且是否对配置项进行了维护；
3)   检查开发者提供的配置管理文档，是否描述了对配置项进行唯一标识的方法；
4)   现场检查是否能通过自动化配置管理系统支持产品的生成，是否仅通过 自动化措施对配置项进行授权变更；
5)   检查配置管理计划是否描述了用来接受修改过的或新建的作为产品组成部分的配置项的程序；检查配置管理计划是否描述如何使用配置管理系统开发产品，现场核查活动是否与计划一致。
b)   预期结果：
开发者提供的信息和现场活动证据内容应满足 6.4.3.1  中所述的要求。
c)  结果判定：
实际测评结果与相关预期结果一致则判定为符合，其他情况判定为不符合。
7.5.3.2     配置管理范围
配置管理范围的测评方法如下：
a)  测评方法：
检查开发者提供的配置管理范围证据，并检查开发者提供的信息是否满足内容和形式的所有要求：
1)   检查开发者提供的配置项列表是否包含产品、安全保障要求的评估证据和产品的组成部分及相应的开发者；
2)   检查开发者提供的配置项列表是否包含实现表示、安全缺陷报告、解决状态及相应的开发者。
b)   预期结果：
开发者提供的信息和现场活动证据内容应满足 6.4.3.2  中所述的要求。
c)  结果判定：
实际测评结果与相关预期结果一致则判定为符合，其他情况判定为不符合。
7.5.3.3     交付程序
交付程序的测评方法如下：
a)  测评方法：
检查开发者提供的交付程序证据，并检查开发者提供的信息是否满足内容和形式的所有要求：
1)   现场检查开发者是否使用一定的交付程序交付产品；
2)   检查开发者是否使用文档描述交付过程，文档中是否包含以下内容：在给用户方交付系统的各版本时，为维护安全所必需的所有程序。
b)   预期结果：
开发者提供的信息和现场活动证据内容应满足 6.4.3.3  中所述的要求。
c)  结果判定：
实际测评结果与相关预期结果一致则判定为符合，其他情况判定为不符合。
7.5.3.4     开发安全
开发安全的测评方法如下：
a)  测评方法：
检查开发者提供的开发安全证据，并检查开发者提供的信息是否满足内容和形式的所有要求：
1)   检查开发者提供的开发安全文档，该文档是否描述在系统的开发环境中，为保护系统设计和实现的保密性和完整性所必需的所有物理的、程序的、人员的和其他方面的安全措施；
2)   现场检查产品的开发环境，开发者是否使用了物理的、程序的、人员的和其他方面的安全措施保证产品设计和实现的保密性和完整性，这些安全措施是否得到了有效地执行。
b)   预期结果：
开发者提供的信息和现场活动证据内容应满足 6.4.3.4 中所述的要求。
c)  结果判定：
实际测评结果与相关预期结果一致则判定为符合，其他情况判定为不符合。
7.5.3.5     生命周期定义
生命周期定义的测评方法如下：
a)  测评方法：
检查开发者提供的生命周期定义证据，并检查开发者提供的信息是否满足内容和形式的所有要求：
1)   现场检查开发者是否使用生命周期模型对产品的开发和维护进行的必要控制；
2)   检查开发者提供生命周期定义文档是否描述了用于开发和维护产品的模型。
b)   预期结果：
开发者提供的信息和现场活动证据内容应满足 6.4.3.5  中所述的要求。
c)  结果判定：
实际测评结果与相关预期结果一致则判定为符合，其他情况判定为不符合。
7.5.3.6     工具和技术
工具和技术的测评方法如下：
a)  测评方法：
检查开发者提供的工具和技术证据，并检查开发者提供的信息是否满足内容和形式的所有要求：
1)   现场检查开发者是否明确定义用于开发产品的工具；
2)   是否提供开发工具文档无歧义地定义实现中每个语句的含义和所有依赖于实现的选项的含义。
b)   预期结果：
开发者提供的信息和现场活动证据内容应满足 6.4.3.6  中所述的要求。
c)  结果判定：
实际测评结果与相关预期结果一致则判定为符合，其他情况判定为不符合。
7.5.4    测试
7.5.4.1     测试覆盖
测试覆盖的测评方法如下：
a)  测评方法：
检查开发提供的测试覆盖证据，并检查开发者提供的信息是否满足证据的内容和形式的所有要求：
1)   检查开发者提供的测试覆盖文档，在测试覆盖证据中，是否表明测试文档中所标识的测试与功能规范中所描述的产品的安全功能是对应的；
2)   检查开发者提供的测试覆盖分析结果，是否表明功能规范中的所有安全功能接口都进行了测试。
b)   预期结果：
开发者提供的信息应满足 6.4.4.1  中所述的要求。
c)  结果判定：
实际测评结果与相关预期结果一致则判定为符合，其他情况判定为不符合。
7.5.4.2     测试深度
测试深度的测评方法如下：
a)  测评方法：
检查开发者提供的测试深度证据，并检查开发者提供的信息是否满足证据的内容和形式的所有要求：
1)   检查开发者提供的测试深度分析，是否说明了测试文档中所标识的对安全功能的测试，并足以表明与产品设计中的安全功能子系统和实现模块之间的一致性；
2)   是否能证实所有安全功能子系统、实现模块都已经进行过测试。
b)   预期结果：
开发者提供的信息应满足 6.4.4.2  中所述的要求。
c)  结果判定：
实际测评结果与相关预期结果一致则判定为符合，其他情况判定为不符合。
7.5.4.3     功能测试
功能测试的测评方法如下：
a)  测评方法：
检查开发者提供的功能测试证据，并检查开发者提供的信息是否满足内容和形式的所有要求：
1)   检查开发者提供的测试文档，是否包括测试计划、预期的测试结果和实际测试结果，检查测试计划是否标识了要测试的安全功能，是否描述了每个安全功能的测试方案；
2)   检查期望的测试结果是否表明测试成功后的预期输出；
3)   检查实际测试结果是否表明每个被测试的安全功能能按照规定进行运作。
b)   预期结果：
开发者提供的信息应满足 6.4.4.3  中所述的要求。
c)  结果判定：
实际测评结果与相关预期结果一致则判定为符合，其他情况判定为不符合。
7.5.4.4     独立测试
独立测试的测评方法如下：
a)  测评方法：
检查开发者提供的测试集合是否与其自测系统功能时使用的测试集合相一致，以用于安全功能的抽样测试，并检查开发者提供的资源是否满足内容和形式的所有要求。
b)   预期结果：
开发者提供的信息应满足 6.4.4.4  中所述的要求。
c)  结果判定：
实际测评结果与相关预期结果一致则判定为符合，其他情况判定为不符合。
7.5.5    脆弱性评定
脆弱性评定的测评方法如下：
a)  测评方法：
1)   从用户可能破坏安全策略的明显途径出发，按照安全机制定义的安全强度级别，对产品进行脆弱性分析；
2)   判断产品是否能抵抗基本型攻击；
3)   判断产品是否能抵抗中等型型攻击。
b)   预期结果：
1)   渗透性测试结果应表明产品能抵抗基本型攻击；
2)   渗透性测试结果应表明产品能抵抗中等型攻击。
c)  结果判定：
实际测评结果与相关预期结果一致则判定为符合，其他情况判定为不符合。
附   录   A
（规范性附录）
防火墙分类及安全技术要求等级划分
A．1     概述
根据防火墙分类分别列出了网络型防火墙、WEB应用防火墙、数据库防火墙、主机型防火墙安全技术要求的条款，并明确了各类防火墙基本级和增强级安全技术要求的最小集合。
A．2     网络型防火墙
表 A. 1 列出了网络型防火墙安全技术要求的等级划分。
表 A．1     网络型防火墙安全技术要求等级划分表
安全技术要求 | 安全技术要求 | 安全技术要求 | 安全技术要求 | 基本级对应章条号 | 增强级对应章条号
安全功能要求 | 组网与部署 | 部署模式 | 部署模式 | 6.1.1.1a) 、b) | 6.1.1.1a) 、b)
安全功能要求 | 组网与部署 | 路由 | 静态路由 | 6 .1 .1 .2 .1 | 6 .1 .1 .2 .1
安全功能要求 | 组网与部署 | 路由 | 策略路由 | 6.1.1.2.2a) ~c) | 6 .1 .1 .2 .2
安全功能要求 | 组网与部署 | 路由 | 动态路由 | — | 6 .1 .1 .2 .3
安全功能要求 | 组网与部署 | 高可用性 | 冗余部署 | — | 6 .1 .1 .3 .1
安全功能要求 | 组网与部署 | 高可用性 | 负载均衡 | — | 6 .1 .1 .3 .2
安全功能要求 | 组网与部署 | 设备虚拟化（可选） | 虚拟系统 | 6 .1 .1 .4 .1 | 6 .1 .1 .4 .1
安全功能要求 | 组网与部署 | 设备虚拟化（可选） | 虚拟化部署 | 6 .1 .1 .4 .2 | 6 .1 .1 .4 .2
安全功能要求 | 组网与部署 | IPv6 支持（可选） | 支持 IPv6 网络环境 | 6 .1 .1 .5 .1 | 6 .1 .1 .5 .1
安全功能要求 | 组网与部署 | IPv6 支持（可选） | 协议一致性 | 6 .1 .1 .5 .2 | 6 .1 .1 .5 .2
安全功能要求 | 组网与部署 | IPv6 支持（可选） | 协议健壮性 | 6 .1 .1 .5 .3 | 6 .1 .1 .5 .3
安全功能要求 | 组网与部署 | IPv6 支持（可选） | 支持 IPv6 过渡网络环境 | 6 .1 .1 .5 .4 | 6 .1 .1 .5 .4
安全功能要求 | 网络层控制 | 访问控制 | 包过滤 | 6.1.2.1.1a)~d)、f)~g) | 6 .1 .2 .1 .1
安全功能要求 | 网络层控制 | 访问控制 | 网络地址转换 | 6.1.2.1.2a) ~c) | 6 .1 .2 .1 .2
安全功能要求 | 网络层控制 | 访问控制 | 状态检测 | 6 .1 .2 .1 .3 | 6 .1 .2 .1 .3
安全功能要求 | 网络层控制 | 访问控制 | 动态开放端口 | 6.1.2.1.4a) | 6 .1 .2 .1 .4
安全功能要求 | 网络层控制 | 访问控制 | IP/MAC地址绑定 | 6 .1 .2 .1 .5 | 6 .1 .2 .1 .5
安全功能要求 | 网络层控制 | 流量管理 | 带宽管理 | 6.1.2.2.1a) | 6 .1 .2 .2 .1
安全功能要求 | 网络层控制 | 流量管理 | 连接数控制 | 6 .1 .2 .2 .2 | 6 .1 .2 .2 .2
安全功能要求 | 网络层控制 | 流量管理 | 会话管理 | 6 .1 .2 .2 .3 | 6 .1 .2 .2 .3
安全功能要求 | 应用层控制 | 用户管控 | 用户管控 | — | 6 .1 .3 .1
安全功能要求 | 应用层控制 | 应用类型控制 | 应用类型控制 | — | 6 .1 .3 .2
安全功能要求 | 应用层控制 | 应用内容控制 | WEB应用 | — | 6.1.3.3.1a) ~d)
安全功能要求 | 应用层控制 | 应用内容控制 | 其他应用 | — | 6 .1 .3 .3 .3
表 A．1（续）
安全技术要求 | 安全技术要求 | 安全技术要求 | 安全技术要求 | 基本级对应章条号 | 增强级对应章条号
安全功能要求 | 攻击防护 | 拒绝服务攻击防护 | 拒绝服务攻击防护 | 6.1.4.1a) ~f) | 6.1.4.1a) ~f)
安全功能要求 | 攻击防护 | WEB攻击防护 | WEB攻击防护 | — | 6.1.4.2a) ~c)
安全功能要求 | 攻击防护 | 数据库攻击防护 | 数据库攻击防护 | — | 6.1.4.3a)
安全功能要求 | 攻击防护 | 恶意代码防护 | 恶意代码防护 | — | 6 .1 .4 .4
安全功能要求 | 攻击防护 | 其他应用攻击防护 | 其他应用攻击防护 | — | 6 .1 .4 .5
安全功能要求 | 攻击防护 | 自动化工具威胁防护 | 自动化工具威胁防护 | — | 6.1.4.6a) 、b)
安全功能要求 | 攻击防护 | 攻击逃逸防护 | 攻击逃逸防护 | — | 6 .1 .4 .7
安全功能要求 | 攻击防护 | 外部系统协同防护 | 外部系统协同防护 | — | 6 .1 .4 .8
安全功能要求 | 安全审计、告警与统计 | 安全审计 | 安全审计 | 6 .1 .5 .1 | 6 .1 .5 .1
安全功能要求 | 安全审计、告警与统计 | 安全告警 | 安全告警 | — | 6 .1 .5 .2
安全功能要求 | 安全审计、告警与统计 | 统计 | 网络流量统计 | 6 .1 .5 .3 .1 | 6 .1 .5 .3 .1
安全功能要求 | 安全审计、告警与统计 | 统计 | 应用流量统计 | — | 6 .1 .5 .3 .2
安全功能要求 | 安全审计、告警与统计 | 统计 | 攻击事件统计 | 6 .1 .5 .3 .3 | 6 .1 .5 .3 .3
自身安全要求 | 身份标识与鉴别 | 身份标识与鉴别 | 身份标识与鉴别 | 6.2.1a) ~e) | 6.2.1
自身安全要求 | 管理能力 | 管理能力 | 管理能力 | 6.2.2a) ~f) | 6.2.2
自身安全要求 | 管理审计 | 管理审计 | 管理审计 | 6.2.3 | 6.2.3
自身安全要求 | 管理方式 | 管理方式 | 管理方式 | 6.2.4a) ~d) | 6.2.4
自身安全要求 | 安全支撑系统 | 安全支撑系统 | 安全支撑系统 | 6.2.5 | 6.2.5
性能要求 | 吞吐量 | 网络层吞吐量 | 网络层吞吐量 | 6 .3 .1 .1 | 6 .3 .1 .1
性能要求 | 吞吐量 | 混合应用层吞吐量 | 混合应用层吞吐量 | — | 6 .3 .1 .2
性能要求 | 延迟 | 延迟 | 延迟 | 6.3.2 | 6.3.2
性能要求 | 连接速率 | TCP新建连接速率 | TCP新建连接速率 | 6 .3 .3 .1 | 6 .3 .3 .1
性能要求 | 并发连接数 | TCP并发连接数 | TCP并发连接数 | 6 .3 .4 .1 | 6 .3 .4 .1
安全保障要求 | 开发 | 安全架构 | 安全架构 | 6 .4 .1 .1 | 6 .4 .1 .1
安全保障要求 | 开发 | 功能规范 | 功能规范 | 6 .4 .1 .2 | 6 .4 .1 .2
安全保障要求 | 开发 | 产品设计 | 产品设计 | 6.4.1.3a) 、b) | 6 .4 .1 .3
安全保障要求 | 开发 | 实现表示 | 实现表示 | — | 6 .4 .1 .4
安全保障要求 | 指导性文档 | 操作用户指南 | 操作用户指南 | 6 .4 .2 .1 | 6 .4 .2 .1
安全保障要求 | 指导性文档 | 准备程序 | 准备程序 | 6 .4 .2 .2 | 6 .4 .2 .2
安全保障要求 | 生命周期支持 | 配置管理能力 | 配置管理能力 | 6.4.3.1a) ~c) | 6 .4 .3 .1
安全保障要求 | 生命周期支持 | 配置管理范围 | 配置管理范围 | 6.4.3.2a) | 6 .4 .3 .2
安全保障要求 | 生命周期支持 | 交付程序 | 交付程序 | 6 .4 .3 .3 | 6 .4 .3 .3
安全保障要求 | 生命周期支持 | 开发安全 | 开发安全 | — | 6 .4 .3 .4
安全保障要求 | 生命周期支持 | 生命周期定义 | 生命周期定义 | — | 6 .4 .3 .5
安全保障要求 | 生命周期支持 | 工具和技术 | 工具和技术 | — | 6 .4 .3 .6
表 A．1（续）
安全技术要求 | 安全技术要求 | 安全技术要求 | 基本级对应章条号 | 增强级对应章条号
安全保障要求 | 测试 | 测试覆盖 | 6.4.4.1a) | 6 .4 .4 .1
安全保障要求 | 测试 | 测试深度 | — | 6 .4 .4 .2
安全保障要求 | 测试 | 功能测试 | 6 .4 .4 .3 | 6 .4 .4 .3
安全保障要求 | 测试 | 独立测试 | 6 .4 .4 .4 | 6 .4 .4 .4
安全保障要求 | 脆弱性评定 | 脆弱性评定 | 6.4.5a) | 6.4.5b)
注：“—”表示不适用。 | 注：“—”表示不适用。 | 注：“—”表示不适用。 | 注：“—”表示不适用。 | 注：“—”表示不适用。
A．3    WEB应用防火墙
表 A. 2 列出了 WEB应用防火墙安全技术要求的等级划分。
表 A．2    WEB应用防火墙安全技术要求等级划分表
安全技术要求 | 安全技术要求 | 安全技术要求 | 安全技术要求 | 基本级对应章条号 | 增强级对应章条号
安全功能要求 | 组网与部署 | 部署模式 | 部署模式 | 6.1.1.1a) 、c) | 6.1.1.1a) 、c)
安全功能要求 | 组网与部署 | 高可用性 | 冗余部署 | — | 6 .1 .1 .3 .1
安全功能要求 | 组网与部署 | 高可用性 | 负载均衡 | — | 6 .1 .1 .3 .2
安全功能要求 | 组网与部署 | 设备虚拟化（可选） | 虚拟化部署 | 6 .1 .1 .4 .2 | 6 .1 .1 .4 .2
安全功能要求 | 组网与部署 | IPv6 支持（可选） | 支持 IPv6 网络环境 | 6 .1 .1 .5 .1 | 6 .1 .1 .5 .1
安全功能要求 | 组网与部署 | IPv6 支持（可选） | 协议一致性 | 6 .1 .1 .5 .2 | 6 .1 .1 .5 .2
安全功能要求 | 组网与部署 | IPv6 支持（可选） | 协议健壮性 | 6 .1 .1 .5 .3 | 6 .1 .1 .5 .3
安全功能要求 | 组网与部署 | IPv6 支持（可选） | 支持IPv6过渡网络环境 | 6 .1 .1 .5 .4 | 6 .1 .1 .5 .4
安全功能要求 | 网络层控制 | 访问控制 | 包过滤 | — | 6.1.2.1.1b) 、c)
安全功能要求 | 应用层控制 | 应用类型控制 | 应用类型控制 | 6.1.3.2a) | 6.1.3.2a)
安全功能要求 | 应用层控制 | 应用内容控制 | WEB应用 | 6.1.3.3.1b) ~h) | 6.1.3.3.1b) ~i)
安全功能要求 | 攻击防护 | 拒绝服务攻击防护 | 拒绝服务攻击防护 | 6.1.4.1g) | 6.1.4.1g)
安全功能要求 | 攻击防护 | WEB攻击防护 | WEB攻击防护 | 6.1.4.2a) ~g) | 6 .1 .4 .2
安全功能要求 | 攻击防护 | 自动化工具威胁防护 | 自动化工具威胁防护 | — | 6.1.4.6b) 、c)
安全功能要求 | 攻击防护 | 攻击逃逸防护 | 攻击逃逸防护 | — | 6 .1 .4 .7
安全功能要求 | 攻击防护 | 外部系统协同防护 | 外部系统协同防护 | — | 6 .1 .4 .8
安全功能要求 | 安全审计、 告警与 统计 | 安全审计 | 安全审计 | 6 .1 .5 .1 | 6 .1 .5 .1
安全功能要求 | 安全审计、 告警与 统计 | 安全告警 | 安全告警 | 6 .1 .5 .2 | 6 .1 .5 .2
安全功能要求 | 安全审计、 告警与 统计 | 统计分析 | 应用流量统计 | 6.1.5.3.2a) 、b) | 6 .1 .5 .3 .2
安全功能要求 | 安全审计、 告警与 统计 | 统计分析 | 攻击事件统计 | 6 .1 .5 .3 .3 | 6 .1 .5 .3 .3
表 A．2（续）
安全技术要求 | 安全技术要求 | 安全技术要求 | 基本级对应章条号 | 增强级对应章条号
自身安全要求 | 身份标识与鉴别 | 身份标识与鉴别 | 6.2.1a) ~e) | 6.2.1
自身安全要求 | 管理能力 | 管理能力 | 6.2.2a) ~f) | 6.2.2
自身安全要求 | 管理审计 | 管理审计 | 6.2.3 | 6.2.3
自身安全要求 | 管理方式 | 管理方式 | 6.2.4a) ~d) | 6.2.4
自身安全要求 | 安全支撑系统 | 安全支撑系统 | 6.2.5 | 6.2.5
性能要求 | 吞吐量 | HTTP 吞吐量 | 6 .3 .1 .3 | 6 .3 .1 .3
性能要求 | 连接速率 | HTTP请求速率 | 6 .3 .3 .2 | 6 .3 .3 .2
性能要求 | 并发连接数 | HTTP并发连接数 | 6 .3 .4 .2 | 6 .3 .4 .2
安全保障要求 | 开发 | 安全架构 | 6 .4 .1 .1 | 6 .4 .1 .1
安全保障要求 | 开发 | 功能规范 | 6 .4 .1 .2 | 6 .4 .1 .2
安全保障要求 | 开发 | 产品设计 | 6.4.1.3a) 、b) | 6 .4 .1 .3
安全保障要求 | 开发 | 实现表示 | — | 6 .4 .1 .4
安全保障要求 | 指导性文档 | 操作用户指南 | 6 .4 .2 .1 | 6 .4 .2 .1
安全保障要求 | 指导性文档 | 准备程序 | 6 .4 .2 .2 | 6 .4 .2 .2
安全保障要求 | 生命周期支持 | 配置管理能力 | 6.4.3.1a) ~c) | 6 .4 .3 .1
安全保障要求 | 生命周期支持 | 配置管理范围 | 6.4.3.2a) | 6 .4 .3 .2
安全保障要求 | 生命周期支持 | 交付程序 | 6 .4 .3 .3 | 6 .4 .3 .3
安全保障要求 | 生命周期支持 | 开发安全 | — | 6 .4 .3 .4
安全保障要求 | 生命周期支持 | 生命周期定义 | — | 6 .4 .3 .5
安全保障要求 | 生命周期支持 | 工具和技术 | — | 6 .4 .3 .6
安全保障要求 | 测试 | 测试覆盖 | 6.4.4.1a) | 6 .4 .4 .1
安全保障要求 | 测试 | 测试深度 | — | 6 .4 .4 .2
安全保障要求 | 测试 | 功能测试 | 6 .4 .4 .3 | 6 .4 .4 .3
安全保障要求 | 测试 | 独立测试 | 6 .4 .4 .4 | 6 .4 .4 .4
安全保障要求 | 脆弱性评定 | 脆弱性评定 | 6.4.5a) | 6.4.5b)
注：“—”表示不适用。 | 注：“—”表示不适用。 | 注：“—”表示不适用。 | 注：“—”表示不适用。 | 注：“—”表示不适用。
A．4    数据库防火墙
表 A. 3 列出了数据库防火墙安全技术要求的等级划分。
表 A．3    数据库防火墙安全技术要求等级划分表
安全技术要求 | 安全技术要求 | 安全技术要求 | 安全技术要求 | 基本级对应章条号 | 增强级对应章条号
安全功能要求 | 组网与部署 | 部署模式 | 部署模式 | 6.1.1.1a) 、c) | 6.1.1.1a) 、c)
安全功能要求 | 组网与部署 | 高可用性 | 冗余部署 | — | 6 .1 .1 .3 .1
安全功能要求 | 组网与部署 | 设备虚拟化（可选） | 虚拟化部署 | 6 .1 .1 .4 .2 | 6 .1 .1 .4 .2
安全功能要求 | 组网与部署 | IPv6 支持（可选） | 支持 IPv6 网络环境 | 6 .1 .1 .5 .1 | 6 .1 .1 .5 .1
安全功能要求 | 组网与部署 | IPv6 支持（可选） | 协议一致性 | 6 .1 .1 .5 .2 | 6 .1 .1 .5 .2
安全功能要求 | 组网与部署 | IPv6 支持（可选） | 协议健壮性 | 6 .1 .1 .5 .3 | 6 .1 .1 .5 .3
安全功能要求 | 组网与部署 | IPv6 支持（可选） | 支持 IPv6 过渡网络环境 | 6 .1 .1 .5 .4 | 6 .1 .1 .5 .4
安全功能要求 | 网络层控制 | 访问控制 | 包过滤 | — | 6.1.2.1.1b) 、c)
安全功能要求 | 应用层控制 | 应用类型控制 | 应用类型控制 | 6.1.3.2b) | 6.1.3.2b)
安全功能要求 | 应用层控制 | 应用内容控制 | 数据库应用 | 6.1.3.3.2a) ~c) | 6 .1 .3 .3 .2
安全功能要求 | 攻击防护 | 数据库攻击防护 | 数据库攻击防护 | 6.1.4.3a) 、b) | 6 .1 .4 .3
安全功能要求 | 攻击防护 | 外部系统协同防护 | 外部系统协同防护 | — | 6 .1 .4 .8
安全功能要求 | 安全审计、 告警与 统计 | 安全审计 | 安全审计 | 6 .1 .5 .1 | 6 .1 .5 .1
安全功能要求 | 安全审计、 告警与 统计 | 安全告警 | 安全告警 | 6 .1 .5 .2 | 6 .1 .5 .2
安全功能要求 | 安全审计、 告警与 统计 | 统计 | 应用流量统计 | 6.1.5.3.2a) 、b) | 6 .1 .5 .3 .2
安全功能要求 | 安全审计、 告警与 统计 | 统计 | 攻击事件统计 | 6 .1 .5 .3 .3 | 6 .1 .5 .3 .3
自身安全要求 | 身份标识与鉴别 | 身份标识与鉴别 | 身份标识与鉴别 | 6.2.1a) ~e) | 6.2.1
自身安全要求 | 管理能力 | 管理能力 | 管理能力 | 6.2.2a) ~f) | 6.2.2
自身安全要求 | 管理审计 | 管理审计 | 管理审计 | 6.2.3 | 6.2.3
自身安全要求 | 管理方式 | 管理方式 | 管理方式 | 6.2.4a) ~d) | 6.2.4
自身安全要求 | 安全支撑系统 | 安全支撑系统 | 安全支撑系统 | 6.2.5 | 6.2.5
性能要求 | 连接速率 | SQL请求速率 | SQL请求速率 | 6 .3 .3 .3 | 6 .3 .3 .3
性能要求 | 并发连接数 | SQL并发连接数 | SQL并发连接数 | 6 .3 .4 .3 | 6 .3 .4 .3
安全保障要求 | 开发 | 安全架构 | 安全架构 | 6 .4 .1 .1 | 6 .4 .1 .1
安全保障要求 | 开发 | 功能规范 | 功能规范 | 6 .4 .1 .2 | 6 .4 .1 .2
安全保障要求 | 开发 | 产品设计 | 产品设计 | 6.4.1.3a) 、b) | 6 .4 .1 .3
安全保障要求 | 开发 | 实现表示 | 实现表示 | — | 6 .4 .1 .4
安全保障要求 | 指导性文档 | 操作用户指南 | 操作用户指南 | 6 .4 .2 .1 | 6 .4 .2 .1
安全保障要求 | 指导性文档 | 准备程序 | 准备程序 | 6 .4 .2 .2 | 6 .4 .2 .2
安全保障要求 | 生命周期支持 | 配置管理能力 | 配置管理能力 | 6.4.3.1a) ~c) | 6 .4 .3 .1
安全保障要求 | 生命周期支持 | 配置管理范围 | 配置管理范围 | 6.4.3.2a) | 6 .4 .3 .2
安全保障要求 | 生命周期支持 | 交付程序 | 交付程序 | 6 .4 .3 .3 | 6 .4 .3 .3
安全保障要求 | 生命周期支持 | 开发安全 | 开发安全 | — | 6 .4 .3 .4
安全保障要求 | 生命周期支持 | 生命周期定义 | 生命周期定义 | — | 6 .4 .3 .5
安全保障要求 | 生命周期支持 | 工具和技术 | 工具和技术 | — | 6 .4 .3 .6
表 A．3（续）
安全技术要求 | 安全技术要求 | 安全技术要求 | 基本级对应章条号 | 增强级对应章条号
安全保障要求 | 测试 | 测试覆盖 | 6.4.4.1a) | 6 .4 .4 .1
安全保障要求 | 测试 | 测试深度 | — | 6 .4 .4 .2
安全保障要求 | 测试 | 功能测试 | 6 .4 .4 .3 | 6 .4 .4 .3
安全保障要求 | 测试 | 独立测试 | 6 .4 .4 .4 | 6 .4 .4 .4
安全保障要求 | 脆弱性评定 | 脆弱性评定 | 6.4.5a) | 6.4.5b)
注：“—”表示不适用。 | 注：“—”表示不适用。 | 注：“—”表示不适用。 | 注：“—”表示不适用。 | 注：“—”表示不适用。
A．5    主机型防火墙
表 A. 4 列出了主机型防火墙安全技术要求的等级划分。
表 A．4    主机型防火墙安全技术要求等级划分表
安全技术要求 | 安全技术要求 | 安全技术要求 | 安全技术要求 | 基本级对应章条号 | 增强级对应章条号
安全功能要求 | 组网与部署 | 设备虚拟化（可选） | 虚拟化部署 | 6 .1 .1 .4 .2 | 6 .1 .1 .4 .2
安全功能要求 | 组网与部署 | IPv6 支持（可选） | 支持 IPv6 网络环境 | 6 .1 .1 .5 .1 | 6 .1 .1 .5 .1
安全功能要求 | 网络层控制 | 访问控制 | 包过滤 | 6.1.2.1.1b) ~d) | 6.1.2.1.1b) ~g)
安全功能要求 | 网络层控制 | 访问控制 | IP/MAC地址绑定 | — | 6 .1 .2 .1 .5
安全功能要求 | 网络层控制 | 流量管理 | 带宽管理 | 6.1.2.2.1a) | 6.1.2.2.1a) 、b)
安全功能要求 | 网络层控制 | 流量管理 | 连接数控制 | — | 6 .1 .2 .2 .2
安全功能要求 | 网络层控制 | 流量管理 | 会话管理 | — | 6 .1 .2 .2 .3
安全功能要求 | 应用层控制 | 应用类型控制 | 应用类型控制 | 6.1.3.2a) ~d) | 6 .1 .3 .2
安全功能要求 | 攻击防护 | 拒绝服务攻击防护 | 拒绝服务攻击防护 | 6.1.4.1a) ~f) | 6.1.4.1a) ~f)
安全功能要求 | 攻击防护 | 恶意代码防护 | 恶意代码防护 | 6 .1 .4 .4 | 6 .1 .4 .4
安全功能要求 | 攻击防护 | 其他应用攻击防护 | 其他应用攻击防护 | — | 6 .1 .4 .5
安全功能要求 | 攻击防护 | 自动化工具威胁防护 | 自动化工具威胁防护 | 6.1.4.6a) | 6.1.4.6a)
安全功能要求 | 攻击防护 | 外部系统协同防护 | 外部系统协同防护 | — | 6 .1 .4 .8
安全功能要求 | 安全审计、 告警与 统计 | 安全审计 | 安全审计 | 6 .1 .5 .1 | 6 .1 .5 .1
安全功能要求 | 安全审计、 告警与 统计 | 安全告警 | 安全告警 | 6 .1 .5 .2 | 6 .1 .5 .2
安全功能要求 | 安全审计、 告警与 统计 | 统计 | 网络流量统计 | 6 .1 .5 .3 .1 | 6 .1 .5 .3 .1
安全功能要求 | 安全审计、 告警与 统计 | 统计 | 应用流量统计 | — | 6.1.5.3.2a) 、b)
安全功能要求 | 安全审计、 告警与 统计 | 统计 | 攻击事件统计 | 6 .1 .5 .3 .3 | 6 .1 .5 .3 .3
表 A．4（续）
安全技术要求 | 安全技术要求 | 安全技术要求 | 基本级对应章条号 | 增强级对应章条号
自身安全要求 | 身份标识与鉴别 | 身份标识与鉴别 | 6.2.1a) ~e) | 6.2.1
自身安全要求 | 管理能力 | 管理能力 | 6.2.2a) ~d) | 6.2.2a) ~g)
自身安全要求 | 管理审计 | 管理审计 | 6.2.3 | 6.2.3
自身安全要求 | 管理方式 | 管理方式 | 6.2.4c) | 6.2.4c)
自身安全要求 | 安全支撑系统 | 安全支撑系统 | 6.2.5 | 6.2.5
安全保障要求 | 开发 | 安全架构 | 6 .4 .1 .1 | 6 .4 .1 .1
安全保障要求 | 开发 | 功能规范 | 6 .4 .1 .2 | 6 .4 .1 .2
安全保障要求 | 开发 | 产品设计 | 6.4.1.3a) 、b) | 6 .4 .1 .3
安全保障要求 | 开发 | 实现表示 | — | 6 .4 .1 .4
安全保障要求 | 指导性文档 | 操作用户指南 | 6 .4 .2 .1 | 6 .4 .2 .1
安全保障要求 | 指导性文档 | 准备程序 | 6 .4 .2 .2 | 6 .4 .2 .2
安全保障要求 | 生命周期支持 | 配置管理能力 | 6.4.3.1a) ~c) | 6 .4 .3 .1
安全保障要求 | 生命周期支持 | 配置管理范围 | 6.4.3.2a) | 6 .4 .3 .2
安全保障要求 | 生命周期支持 | 交付程序 | 6 .4 .3 .3 | 6 .4 .3 .3
安全保障要求 | 生命周期支持 | 开发安全 | — | 6 .4 .3 .4
安全保障要求 | 生命周期支持 | 生命周期定义 | — | 6 .4 .3 .5
安全保障要求 | 生命周期支持 | 工具和技术 | — | 6 .4 .3 .6
安全保障要求 | 测试 | 测试覆盖 | 6.4.4.1a) | 6 .4 .4 .1
安全保障要求 | 测试 | 测试深度 | — | 6 .4 .4 .2
安全保障要求 | 测试 | 功能测试 | 6 .4 .4 .3 | 6 .4 .4 .3
安全保障要求 | 测试 | 独立测试 | 6 .4 .4 .4 | 6 .4 .4 .4
安全保障要求 | 脆弱性评定 | 脆弱性评定 | 6.4.5a) | 6.4.5b)
注：“—”表示不适用。 | 注：“—”表示不适用。 | 注：“—”表示不适用。 | 注：“—”表示不适用。 | 注：“—”表示不适用。
附   录   B
（规范性附录）
防火墙分类及测评方法等级划分
B．1      概述
按照附录 A 中网络型防火墙、WEB应用防火墙、数据库防火墙、主机型防火墙的安全技术要求，分别列出了对应测评方法的条款。
B．2     网络型防火墙
表 B. 1 列出了网络型防火墙测评方法的等级划分。
表 B．1     网络型防火墙测评方法等级划分表
测评方法 | 测评方法 | 测评方法 | 测评方法 | 基本级对应章条号 | 增强级对应章条号
安全功能测评 | 组网与部署 | 部署模式 | 部署模式 | 7.2.1.1a) 1) 、2) | 7.2.1.1a) 1) 、2)
安全功能测评 | 组网与部署 | 路由 | 静态路由 | 7.2.1.2.1a) | 7.2.1.2.1a)
安全功能测评 | 组网与部署 | 路由 | 策略路由 | 7.2.1.2.2a) 1) ~3) | 7.2.1.2.2a)
安全功能测评 | 组网与部署 | 路由 | 动态路由 | — | 7.2.1.2.3a)
安全功能测评 | 组网与部署 | 高可用性 | 冗余部署 | — | 7.2.1.3.1a)
安全功能测评 | 组网与部署 | 高可用性 | 负载均衡 | — | 7.2.1.3.2a)
安全功能测评 | 组网与部署 | 设备虚拟化 | 虚拟系统 | 7.2.1.4.1a) | 7.2.1.4.1a)
安全功能测评 | 组网与部署 | 设备虚拟化 | 虚拟化部署 | 7.2.1.4.2a) | 7.2.1.4.2a)
安全功能测评 | 组网与部署 | IPv6 支持 | 支持 IPv6 网络环境 | 7.2.1.5.1a) | 7.2.1.5.1a)
安全功能测评 | 组网与部署 | IPv6 支持 | 协议一致性 | 7.2.1.5.2a) | 7.2.1.5.2a)
安全功能测评 | 组网与部署 | IPv6 支持 | 协议健壮性 | 7.2.1.5.3a) | 7.2.1.5.3a)
安全功能测评 | 组网与部署 | IPv6 支持 | 支持 IPv6 过渡网络环境 | 7.2.1.5.4a) | 7.2.1.5.4a)
安全功能测评 | 网络层控制 | 访问控制 | 包过滤 | 7.2.2.1.1a) 1)~4)、6)、7) | 7.2.2.1.1a)
安全功能测评 | 网络层控制 | 访问控制 | 网络地址转换 | 7.2.2.1.2a) 1) ~3) | 7.2.2.1.2a)
安全功能测评 | 网络层控制 | 访问控制 | 状态检测 | 7.2.2.1.3a) | 7.2.2.1.3a)
安全功能测评 | 网络层控制 | 访问控制 | 动态开放端口 | 7.2.2.1.4a) 1) | 7.2.2.1.4a)
安全功能测评 | 网络层控制 | 访问控制 | IP/MAC地址绑定 | 7.2.2.1.5a) | 7.2.2.1.5a)
安全功能测评 | 网络层控制 | 流量管理 | 带宽管理 | 7.2.2.2.1a) 1) | 7.2.2.2.1a)
安全功能测评 | 网络层控制 | 流量管理 | 连接数控制 | 7.2.2.2.2a) | 7.2.2.2.2a)
安全功能测评 | 网络层控制 | 流量管理 | 会话管理 | 7.2.2.2.3a) | 7.2.2.2.3a)
安全功能测评 | 应用层控制 | 用户管控 | 用户管控 | — | 7.2.3.1a)
安全功能测评 | 应用层控制 | 应用类型控制 | 应用类型控制 | — | 7.2.3.2a)
安全功能测评 | 应用层控制 | 应用内容控制 | WEB应用 | — | 7.2.3.3.1a) 1) ~4)、7)
安全功能测评 | 应用层控制 | 应用内容控制 | 其他应用 | — | 7.2.3.3.3a)
表 B．1（续）
测评方法 | 测评方法 | 测评方法 | 测评方法 | 基本级对应章条号 | 增强级对应章条号
安全功能测评 | 攻击防护 | 拒绝服务攻击防护 | 拒绝服务攻击防护 | 7.2.4.1a) 1) ~6) | 7.2.4.1a) 1) ~6)
安全功能测评 | 攻击防护 | WEB攻击防护 | WEB攻击防护 | — | 7.2.4.2a) 1) ~3)
安全功能测评 | 攻击防护 | 数据库攻击防护 | 数据库攻击防护 | — | 7.2.4.3a) 1)
安全功能测评 | 攻击防护 | 恶意代码防护 | 恶意代码防护 | — | 7.2.4.4a)
安全功能测评 | 攻击防护 | 其他应用攻击防护 | 其他应用攻击防护 | — | 7.2.4.5a)
安全功能测评 | 攻击防护 | 自动化工具威胁防护 | 自动化工具威胁防护 | — | 7.2.4.6a) 1) 、2)
安全功能测评 | 攻击防护 | 攻击逃逸防护 | 攻击逃逸防护 | — | 7.2.4.7a)
安全功能测评 | 攻击防护 | 外部系统协同防护 | 外部系统协同防护 | — | 7.2.4.8a)
安全功能测评 | 安全审计、告警与统计 | 安全审计 | 安全审计 | 7.2.5.1a) | 7.2.5.1a)
安全功能测评 | 安全审计、告警与统计 | 安全告警 | 安全告警 | — | 7.2.5.2a)
安全功能测评 | 安全审计、告警与统计 | 统计 | 网络流量统计 | 7.2.5.3.1a) | 7.2.5.3.1a)
安全功能测评 | 安全审计、告警与统计 | 统计 | 应用流量统计 | — | 7.2.5.3.2a)
安全功能测评 | 安全审计、告警与统计 | 统计 | 攻击事件统计 | 7.2.5.3.3a) | 7.2.5.3.3a)
自身安全测评 | 身份标识与鉴别 | 身份标识与鉴别 | 身份标识与鉴别 | 7.3.1a) 1) ~5) | 7.3.1a)
自身安全测评 | 管理能力 | 管理能力 | 管理能力 | 7.3.2a) 1) ~6) | 7.3.2a)
自身安全测评 | 管理审计 | 管理审计 | 管理审计 | 7.3.3a) | 7.3.3a)
自身安全测评 | 管理方式 | 管理方式 | 管理方式 | 7.3.4a) 1) ~4) | 7.3.4a)
自身安全测评 | 安全支撑系统 | 安全支撑系统 | 安全支撑系统 | 7.3.5a) | 7.3.5a)
性能测评 | 吞吐量 | 网络层吞吐量 | 网络层吞吐量 | 7.4.1.1a) | 7.4.1.1a)
性能测评 | 吞吐量 | 混合应用层吞吐量 | 混合应用层吞吐量 | — | 7.4.1.2a)
性能测评 | 延迟 | 延迟 | 延迟 | 7.4.2a) | 7.4.2a)
性能测评 | 连接速率 | TCP新建连接速率 | TCP新建连接速率 | 7.4.3.1a) | 7.4.3.1a)
性能测评 | 并发连接数 | TCP并发连接数 | TCP并发连接数 | 7.4.4.1a) | 7.4.4.1a)
安全保障测评 | 开发 | 安全架构 | 安全架构 | 7.5.1.1a) | 7.5.1.1a)
安全保障测评 | 开发 | 功能规范 | 功能规范 | 7.5.1.2a) | 7.5.1.2a)
安全保障测评 | 开发 | 产品设计 | 产品设计 | 7.5.1.3a) 1) 、2) | 7.5.1.3a)
安全保障测评 | 开发 | 实现表示 | 实现表示 | — | 7.5.1.4a)
安全保障测评 | 指导性文档 | 操作用户指南 | 操作用户指南 | 7.5.2.1a) | 7.5.2.1a)
安全保障测评 | 指导性文档 | 准备程序 | 准备程序 | 7.5.2.2a) | 7.5.2.2a)
安全保障测评 | 生命周期支持 | 配置管理能力 | 配置管理能力 | 7.5.3.1a) 1) ~3) | 7.5.3.1a)
安全保障测评 | 生命周期支持 | 配置管理范围 | 配置管理范围 | 7.5.3.2a) 1) | 7.5.3.2a)
安全保障测评 | 生命周期支持 | 交付程序 | 交付程序 | 7.5.3.3a) | 7.5.3.3a)
安全保障测评 | 生命周期支持 | 开发安全 | 开发安全 | — | 7.5.3.4a)
安全保障测评 | 生命周期支持 | 生命周期定义 | 生命周期定义 | — | 7.5.3.5a)
安全保障测评 | 生命周期支持 | 工具和技术 | 工具和技术 | — | 7.5.3.6a)
表 B．1（续）
测评方法 | 测评方法 | 测评方法 | 基本级对应章条号 | 增强级对应章条号
安全保障测评 | 测试 | 测试覆盖 | 7.5.4.1a) 1) | 7.5.4.1a)
安全保障测评 | 测试 | 测试深度 | — | 7.5.4.2a)
安全保障测评 | 测试 | 功能测试 | 7.5.4.3a) | 7.5.4.3a)
安全保障测评 | 测试 | 独立测试 | 7.5.4.4a) | 7.5.4.4a)
安全保障测评 | 脆弱性评定 | 脆弱性评定 | 7.5.5a) 1) 、2) | 7.5.5a) 1) 、3)
注：“—”表示不适用。 | 注：“—”表示不适用。 | 注：“—”表示不适用。 | 注：“—”表示不适用。 | 注：“—”表示不适用。
B．3    WEB应用防火墙
表 B. 2 列出了 WEB应用防火墙测评方法的等级划分。
表 B．2    WEB应用防火墙测评方法等级划分表
测评方法 | 测评方法 | 测评方法 | 测评方法 | 基本级对应章条号 | 增强级对应章条号
安全功能测评 | 组网与部署 | 部署模式 | 部署模式 | 7.2.1.1a) 1) 、3) | 7.2.1.1a) 1) 、3)
安全功能测评 | 组网与部署 | 高可用性 | 冗余部署 | — | 7.2.1.3.1a)
安全功能测评 | 组网与部署 | 高可用性 | 负载均衡 | — | 7.2.1.3.2a)
安全功能测评 | 组网与部署 | 设备虚拟化 | 虚拟化部署 | 7.2.1.4.2a) | 7.2.1.4.2a)
安全功能测评 | 组网与部署 | IPv6 支持 | 支持 IPv6 网络环境 | 7.2.1.5.1a) | 7.2.1.5.1a)
安全功能测评 | 组网与部署 | IPv6 支持 | 协议一致性 | 7.2.1.5.2a) | 7.2.1.5.2a)
安全功能测评 | 组网与部署 | IPv6 支持 | 协议健壮性 | 7.2.1.5.3a) | 7.2.1.5.3a)
安全功能测评 | 组网与部署 | IPv6 支持 | 支持IPv6过渡网络环境 | 7.2.1.5.4a) | 7.2.1.5.4a)
安全功能测评 | 网络层控制 | 访问控制 | 包过滤 | — | 7.2.2.1.1a) 2) ~3)
安全功能测评 | 应用层控制 | 应用类型控制 | 应用类型控制 | 7.2.3.2a) 1) | 7.2.3.2a) 1)
安全功能测评 | 应用层控制 | 应用内容控制 | WEB应用 | 7.2.3.3.1a) 2) ~8) | 7.2.3.3.1a) 2) ~9)
安全功能测评 | 攻击防护 | 拒绝服务攻击防护 | 拒绝服务攻击防护 | 7.2.4.1a) 7) | 7.2.4.1a) 7)
安全功能测评 | 攻击防护 | WEB攻击防护 | WEB攻击防护 | 7.2.4.2a) 1) ~7) | 7.2.4.2a)
安全功能测评 | 攻击防护 | 自动化工具威胁防护 | 自动化工具威胁防护 | — | 7.2.4.6a) 2) 、3)
安全功能测评 | 攻击防护 | 攻击逃逸防护 | 攻击逃逸防护 | — | 7.2.4.7a)
安全功能测评 | 攻击防护 | 外部系统协同防护 | 外部系统协同防护 | — | 7.2.4.8a)
安全功能测评 | 安全审计、 告警与 统计 | 安全审计 | 安全审计 | 7.2.5.1a) | 7.2.5.1a)
安全功能测评 | 安全审计、 告警与 统计 | 安全告警 | 安全告警 | 7.2.5.2a) | 7.2.5.2a)
安全功能测评 | 安全审计、 告警与 统计 | 统计 | 应用流量统计 | 7.2.5.3.2a) 1) 、2) | 7.2.5.3.2a)
安全功能测评 | 安全审计、 告警与 统计 | 统计 | 攻击事件统计 | 7.2.5.3.3a) | 7.2.5.3.3a)
表 B．2（续）
测评方法 | 测评方法 | 测评方法 | 基本级对应章条号 | 增强级对应章条号
自身安全测评 | 身份标识与鉴别 | 身份标识与鉴别 | 7.3.1a) 1) ~5) | 7.3.1a)
自身安全测评 | 管理能力 | 管理能力 | 7.3.2a) 1) ~6) | 7.3.2a)
自身安全测评 | 管理审计 | 管理审计 | 7.3.3a) | 7.3.3a)
自身安全测评 | 管理方式 | 管理方式 | 7.3.4a) 1) ~4) | 7.3.4a)
自身安全测评 | 安全支撑系统 | 安全支撑系统 | 7.3.5a) | 7.3.5a)
性能测评 | 吞吐量 | HTTP 吞吐量 | 7.4.1.3a) | 7.4.1.3a)
性能测评 | 连接速率 | HTTP请求速率 | 7.4.3.2a) | 7.4.3.2a)
性能测评 | 并发连接数 | HTTP并发连接数 | 7.4.4.2a) | 7.4.4.2a)
安全保障测评 | 开发 | 安全架构 | 7.5.1.1a) | 7.5.1.1a)
安全保障测评 | 开发 | 功能规范 | 7.5.1.2a) | 7.5.1.2a)
安全保障测评 | 开发 | 产品设计 | 7.5.1.3a) 1) 、2) | 7.5.1.3a)
安全保障测评 | 开发 | 实现表示 | — | 7.5.1.4a)
安全保障测评 | 指导性文档 | 操作用户指南 | 7.5.2.1a) | 7.5.2.1a)
安全保障测评 | 指导性文档 | 准备程序 | 7.5.2.2a) | 7.5.2.2a)
安全保障测评 | 生命周期支持 | 配置管理能力 | 7.5.3.1a) 1) ~3) | 7.5.3.1a)
安全保障测评 | 生命周期支持 | 配置管理范围 | 7.5.3.2a) 1) | 7.5.3.2a)
安全保障测评 | 生命周期支持 | 交付程序 | 7.5.3.3a) | 7.5.3.3a)
安全保障测评 | 生命周期支持 | 开发安全 | — | 7.5.3.4a)
安全保障测评 | 生命周期支持 | 生命周期定义 | — | 7.5.3.5a)
安全保障测评 | 生命周期支持 | 工具和技术 | — | 7.5.3.6a)
安全保障测评 | 测试 | 测试覆盖 | 7.5.4.1a) 1) | 7.5.4.1a)
安全保障测评 | 测试 | 测试深度 | — | 7.5.4.2a)
安全保障测评 | 测试 | 功能测试 | 7.5.4.3a) | 7.5.4.3a)
安全保障测评 | 测试 | 独立测试 | 7.5.4.4a) | 7.5.4.4a)
安全保障测评 | 脆弱性评定 | 脆弱性评定 | 7.5.5a) 1) 、2) | 7.5.5a) 1) 、3)
注：“—”表示不适用。 | 注：“—”表示不适用。 | 注：“—”表示不适用。 | 注：“—”表示不适用。 | 注：“—”表示不适用。
B．4    数据库防火墙
表 B. 3 列出了数据库防火墙测评方法的等级划分。
表 B．3    数据库防火墙测评方法等级划分表
安全技术要求 | 安全技术要求 | 安全技术要求 | 安全技术要求 | 基本级对应章条号 | 增强级对应章条号
安全功能测评 | 组网与部署 | 部署模式 | 部署模式 | 7.2.1.1a) 1) 、3) | 7.2.1.1a) 1) 、3)
安全功能测评 | 组网与部署 | 高可用性 | 冗余部署 | — | 7.2.1.3.1a)
安全功能测评 | 组网与部署 | 设备虚拟化 | 虚拟化部署 | 7.2.1.4.2a) | 7.2.1.4.2a)
安全功能测评 | 组网与部署 | IPv6 支持 | 支持 IPv6 网络环境 | 7.2.1.5.1a) | 7.2.1.5.1a)
安全功能测评 | 组网与部署 | IPv6 支持 | 协议一致性 | 7.2.1.5.2a) | 7.2.1.5.2a)
安全功能测评 | 组网与部署 | IPv6 支持 | 协议健壮性 | 7.2.1.5.3a) | 7.2.1.5.3a)
安全功能测评 | 组网与部署 | IPv6 支持 | 支持 IPv6 过渡网络环境 | 7.2.1.5.4a) | 7.2.1.5.4a)
安全功能测评 | 网络层控制 | 访问控制 | 包过滤 | — | 7.2.2.1.1a) 2) 、3)
安全功能测评 | 应用层控制 | 应用类型控制 | 应用类型控制 | 7.2.3.2a) 2) | 7.2.3.2a) 2)
安全功能测评 | 应用层控制 | 应用内容控制 | 数据库应用 | 7.2.3.3.2a) 1) ~3) | 7.2.3.3.2a)
安全功能测评 | 攻击防护 | 数据库攻击防护 | 数据库攻击防护 | 7.2.4.3a) 1) 、2) | 7.2.4.3a)
安全功能测评 | 攻击防护 | 外部系统协同防护 | 外部系统协同防护 | — | 7.2.4.8a)
安全功能测评 | 安全审计、 告警与 统计 | 安全审计 | 安全审计 | 7.2.5.1a) | 7.2.5.1a)
安全功能测评 | 安全审计、 告警与 统计 | 安全告警 | 安全告警 | 7.2.5.2a) | 7.2.5.2a)
安全功能测评 | 安全审计、 告警与 统计 | 统计 | 应用流量统计 | 7.2.5.3.2a) 1) 、2) | 7.2.5.3.2a)
安全功能测评 | 安全审计、 告警与 统计 | 统计 | 攻击事件统计 | 7.2.5.3.3a) | 7.2.5.3.3a)
自身安全测评 | 身份标识与鉴别 | 身份标识与鉴别 | 身份标识与鉴别 | 7.3.1a) 1) ~5) | 7.3.1a)
自身安全测评 | 管理能力 | 管理能力 | 管理能力 | 7.3.2a) 1) ~6) | 7.3.2a)
自身安全测评 | 管理审计 | 管理审计 | 管理审计 | 7.3.3a) | 7.3.3a)
自身安全测评 | 管理方式 | 管理方式 | 管理方式 | 7.3.4a) 1) ~4) | 7.3.4a)
自身安全测评 | 安全支撑系统 | 安全支撑系统 | 安全支撑系统 | 7.3.5a) | 7.3.5a)
性能测评 | 连接速率 | SQL请求速率 | SQL请求速率 | 7.4.3.3a) | 7.4.3.3a)
性能测评 | 并发连接数 | SQL并发连接数 | SQL并发连接数 | 7.4.4.3a) | 7.4.4.3a)
安全保障测评 | 开发 | 安全架构 | 安全架构 | 7.5.1.1a) | 7.5.1.1a)
安全保障测评 | 开发 | 功能规范 | 功能规范 | 7.5.1.2a) | 7.5.1.2a)
安全保障测评 | 开发 | 产品设计 | 产品设计 | 7.5.1.3a) 1) 、2) | 7.5.1.3a)
安全保障测评 | 开发 | 实现表示 | 实现表示 | — | 7.5.1.4a)
安全保障测评 | 指导性文档 | 操作用户指南 | 操作用户指南 | 7.5.2.1a) | 7.5.2.1a)
安全保障测评 | 指导性文档 | 准备程序 | 准备程序 | 7.5.2.2a) | 7.5.2.2a)
安全保障测评 | 生命周期支持 | 配置管理能力 | 配置管理能力 | 7.5.3.1a) 1) ~3) | 7.5.3.1a)
安全保障测评 | 生命周期支持 | 配置管理范围 | 配置管理范围 | 7.5.3.2a) 1) | 7.5.3.2a)
安全保障测评 | 生命周期支持 | 交付程序 | 交付程序 | 7.5.3.3a) | 7.5.3.3a)
安全保障测评 | 生命周期支持 | 开发安全 | 开发安全 | — | 7.5.3.4a)
安全保障测评 | 生命周期支持 | 生命周期定义 | 生命周期定义 | — | 7.5.3.5a)
安全保障测评 | 生命周期支持 | 工具和技术 | 工具和技术 | — | 7.5.3.6a)
表 B．3（续）
安全技术要求 | 安全技术要求 | 安全技术要求 | 基本级对应章条号 | 增强级对应章条号
安全保障测评 | 测试 | 测试覆盖 | 7.5.4.1a) 1) | 7.5.4.1a)
安全保障测评 | 测试 | 测试深度 | — | 7.5.4.2a)
安全保障测评 | 测试 | 功能测试 | 7.5.4.3a) | 7.5.4.3a)
安全保障测评 | 测试 | 独立测试 | 7.5.4.4a) | 7.5.4.4a)
安全保障测评 | 脆弱性评定 | 脆弱性评定 | 7.5.5a) 1) 、2) | 7.5.5a) 1) 、3)
注：“—”表示不适用。 | 注：“—”表示不适用。 | 注：“—”表示不适用。 | 注：“—”表示不适用。 | 注：“—”表示不适用。
B．5    主机型防火墙
表 B. 4 列出了主机型防火墙测评方法的等级划分。
表 B．4    主机型防火墙测评方法等级划分表
安全技术要求 | 安全技术要求 | 安全技术要求 | 安全技术要求 | 基本级对应章条号 | 增强级对应章条号
安全功能测评 | 组网与部署 | 设备虚拟化 | 虚拟化部署 | 7.2.1.4.2a) | 7.2.1.4.2a)
安全功能测评 | 组网与部署 | IPv6 支持 | 支持 IPv6 网络环境 | 7.2.1.5.1a) | 7.2.1.5.1a)
安全功能测评 | 网络层控制 | 访问控制 | 包过滤 | 7.2.2.1.1a) 2) ~4) | 7.2.2.1.1a) 2) ~7)
安全功能测评 | 网络层控制 | 访问控制 | IP/MAC地址绑定 | — | 7.2.2.1.5a)
安全功能测评 | 网络层控制 | 流量管理 | 带宽管理 | 7.2.2.2.1a) 1) | 7.2.2.2.1a) 1) 、2)
安全功能测评 | 网络层控制 | 流量管理 | 连接数控制 | — | 7.2.2.2.2a)
安全功能测评 | 网络层控制 | 流量管理 | 会话管理 | — | 7.2.2.2.3a)
安全功能测评 | 应用层控制 | 应用类型控制 | 应用类型控制 | 7.2.3.2a) 1) ~4) | 7.2.3.2a)
安全功能测评 | 攻击防护 | 拒绝服务攻击防护 | 拒绝服务攻击防护 | 7.2.4.1a) 1) ~6) | 7.2.4.1a) 1) ~6)
安全功能测评 | 攻击防护 | 恶意代码防护 | 恶意代码防护 | 7.2.4.4a) | 7.2.4.4a)
安全功能测评 | 攻击防护 | 其他应用攻击防护 | 其他应用攻击防护 | — | 7.2.4.5a)
安全功能测评 | 攻击防护 | 自动化工具威胁防护 | 自动化工具威胁防护 | 7.2.4.6a) 1) | 7.2.4.6a) 1)
安全功能测评 | 攻击防护 | 外部系统协同防护 | 外部系统协同防护 | — | 7.2.4.8a)
安全功能测评 | 安全审计、 告警与 统计 | 安全审计 | 安全审计 | 7.2.5.1a) | 7.2.5.1a)
安全功能测评 | 安全审计、 告警与 统计 | 安全告警 | 安全告警 | 7.2.5.2a) | 7.2.5.2a)
安全功能测评 | 安全审计、 告警与 统计 | 统计 | 网络流量统计 | 7.2.5.3.1a) | 7.2.5.3.1a)
安全功能测评 | 安全审计、 告警与 统计 | 统计 | 应用流量统计 | — | 7.2.5.3.2a) 1) 、2)
安全功能测评 | 安全审计、 告警与 统计 | 统计 | 攻击事件统计 | 7.2.5.3.3a) | 7.2.5.3.3a)
表 B．4（续）
安全技术要求 | 安全技术要求 | 安全技术要求 | 基本级对应章条号 | 增强级对应章条号
自身安全测评 | 身份标识与鉴别 | 身份标识与鉴别 | 7.3.1a) 1) ~5) | 7.3.1a)
自身安全测评 | 管理能力 | 管理能力 | 7.3.2a) 1) ~4) | 7.3.2a) 1) ~7)
自身安全测评 | 管理审计 | 管理审计 | 7.3.3a) | 7.3.3a)
自身安全测评 | 管理方式 | 管理方式 | 7.3.4a) 3) | 7.3.4a) 3)
自身安全测评 | 安全支撑系统 | 安全支撑系统 | 7.3.5a) | 7.3.5a)
安全保障测评 | 开发 | 安全架构 | 7.5.1.1a) | 7.5.1.1a)
安全保障测评 | 开发 | 功能规范 | 7.5.1.2a) | 7.5.1.2a)
安全保障测评 | 开发 | 产品设计 | 7.5.1.3a) 1) 、2) | 7.5.1.3a)
安全保障测评 | 开发 | 实现表示 | — | 7.5.1.4a)
安全保障测评 | 指导性文档 | 操作用户指南 | 7.5.2.1a) | 7.5.2.1a)
安全保障测评 | 指导性文档 | 准备程序 | 7.5.2.2a) | 7.5.2.2a)
安全保障测评 | 生命周期支持 | 配置管理能力 | 7.5.3.1a) 1) ~3) | 7.5.3.1a)
安全保障测评 | 生命周期支持 | 配置管理范围 | 7.5.3.2a) 1) | 7.5.3.2a)
安全保障测评 | 生命周期支持 | 交付程序 | 7.5.3.3a) | 7.5.3.3a)
安全保障测评 | 生命周期支持 | 开发安全 | — | 7.5.3.4a)
安全保障测评 | 生命周期支持 | 生命周期定义 | — | 7.5.3.5a)
安全保障测评 | 生命周期支持 | 工具和技术 | — | 7.5.3.6a)
安全保障测评 | 测试 | 测试覆盖 | 7.5.4.1a) 1) | 7.5.4.1a)
安全保障测评 | 测试 | 测试深度 | — | 7.5.4.2a)
安全保障测评 | 测试 | 功能测试 | 7.5.4.3a) | 7.5.4.3a)
安全保障测评 | 测试 | 独立测试 | 7.5.4.4a) | 7.5.4.4a)
安全保障测评 | 脆弱性评定 | 脆弱性评定 | 7.5.5a) 1) 、2) | 7.5.5a) 1) 、3)
注：“—”表示不适用。 | 注：“—”表示不适用。 | 注：“—”表示不适用。 | 注：“—”表示不适用。 | 注：“—”表示不适用。",,,
JR0071-2-FW-001,JR/T 0071.2—2020,requirement-control,网络分区与重要区域技术隔离,Extracted,3,7.1.2.1 a-b | 8.1.2.1 c-d | 9.1.2.1 c-d,"7.1.2.1   网络架构
a)   应划分不同的网络区域，并按照方便管理和控制的原则为各网络区域分配地址。
b)   应避免将重要网络区域部署在边界处，重要网络区域与其他网络区域之间应采取可靠的技术隔离手段。

--- EXCERPT ---

8.1.2.1   网络架构
c)   应划分不同的网络区域，并按照方便管理和控制的原则为各网络区域分配地址。
d)   应避免将重要网络区域部署在边界处，重要网络区域与其他网络区域之间应采取可靠的技术隔离手段。

--- EXCERPT ---

9.1.2.1   网络架构
c)   应划分不同的网络区域，并按照方便管理和控制的原则为各网络区域分配地址。
d)   应避免将重要网络区域部署在边界处，重要网络区域与其他网络区域之间应采取可靠的技术隔离手段。",,,
JR0071-2-FW-002,JR/T 0071.2—2020,requirement-control,业务容量、带宽与关键设备冗余,Extracted,2,"8.1.2.1 a-b,e | 9.1.2.1 a-b,e-f,i","8.1.2.1   网络架构
a)   应保证网络设备的业务处理能力满足业务高峰期需要 ，如： 业务处理能力能满足业务高峰期需要的 50%以上 。（F3）
b)   应保证网络各个部分的带宽满足业务高峰期需要。
e)   应提供通信线路、关键网络设备和关键计算设备的硬件冗余，保证系统的可用性，双线路设计时，宜由不同的电信运营商提供 。（F3）

--- EXCERPT ---

9.1.2.1   网络架构
a)   应保证网络设备的业务处理能力满足业务高峰期需要 ，如： 业务处理能力能满足业务高峰期需要的 50%以上 。（F4）
b)   应保证网络各个部分的带宽满足业务高峰期需要。
e)   应提供通信线路、关键网络设备和关键计算设备的硬件冗余，保证系统的可用性，双线路设计时，宜由不同的电信运营商提供 。（F4）
f)   应按照业务服务的重要程度分配带宽，优先保障重要业务。
i)   机构应至少通过两条主干链路接入跨机构交易交换网络 ，并可根据实际情况选择使用专用的通信链路 。 两条主干链路应具有不同的路由 ， 当一条链路发生异常时 ，另一条链路应能承载全部的交易数据 。（F4）",,,
JR0071-2-FW-003,JR/T 0071.2—2020,requirement-control,跨机构前置隔离与专用网络,Extracted,1,9.1.2.1 g-i,"9.1.2.1   网络架构
g)   应使用前置设备实现跨机构联网系统与入网金融机构业务主机系统的隔离 ， 防止外部系统直接对入网金融机构业务主机的访问和操作 。（F4）
h)   应使用专用网络用于金融机构间的重要信息交换，与公用数据网络隔离 。（F4）
i)   机构应至少通过两条主干链路接入跨机构交易交换网络 ，并可根据实际情况选择使用专用的通信链路 。 两条主干链路应具有不同的路由 ， 当一条链路发生异常时 ，另一条链路应能承载全部的交易数据 。（F4）",,,
JR0071-2-FW-004,JR/T 0071.2—2020,requirement-control,通信完整性、保密性和通信双方认证,Extracted,3,7.1.2.2 | 8.1.2.2 a-b | 9.1.2.2 a-d,"7.1.2.2   通信传输
应采用校验技术保证通信过程中数据的完整性。

--- EXCERPT ---

8.1.2.2   通信传输
a)   应采用校验技术或密码技术保证通信过程中数据的完整性 ，并按照国家密码管理部门与行业有关要求使用密码算法 。（F3）
b)   应采用密码技术保证通信过程中数据的保密性，并按照国家密码管理部门与行业有关要求使用密码算法 。（F3）

--- EXCERPT ---

9.1.2.2   通信传输
a)   应采用密码技术保证通信过程中数据的完整性，并按照国家密码管理部门与行业有关要求使用密码算法 。（F4）
b)   应采用密码技术保证通信过程中数据的保密性，并按照国家密码管理部门与行业有关要求使用密码算法 。（F4）
c)   应在通信前基于密码技术对通信的双方进行验证或认证。
d)   应基于硬件密码模块对重要通信过程进行密码运算和密钥管理。",,,
JR0071-2-FW-005,JR/T 0071.2—2020,requirement-control,跨边界流量经受控接口通信,Extracted,3,7.1.3.1 | 8.1.3.1 a | 9.1.3.1 a,"7.1.3.1   边界防护
应保证跨越边界的访问和数据流通过边界设备提供的受控接口进行通信。

--- EXCERPT ---

8.1.3.1   边界防护
a)   应保证跨越边界的访问和数据流通过边界设备提供的受控接口进行通信。

--- EXCERPT ---

9.1.3.1   边界防护
a)   应保证跨越边界的访问和数据流通过边界设备提供的受控接口进行通信。",,,
JR0071-2-FW-006,JR/T 0071.2—2020,requirement-control,非授权内外联检查、限制或阻断,Extracted,2,"8.1.3.1 b-c | 9.1.3.1 b-c,e","8.1.3.1   边界防护
b)   应能够对非授权设备私自联到内部网络的行为进行检查或限制。
c)   应能够对内部用户非授权联到外部网络的行为进行检查或限制。

--- EXCERPT ---

9.1.3.1   边界防护
b)   应能够对非授权设备私自联到内部网络的行为进行检查或限制。
c)   应能够对内部用户非授权联到外部网络的行为进行检查或限制。
e)   应能够在发现非授权设备私自联到内部网络的行为或内部用户非授权联到外部网络的行为时，对其进行有效阻断。",,,
JR0071-2-FW-007,JR/T 0071.2—2020,requirement-control,边界访问控制默认拒绝,Extracted,3,7.1.3.2 a | 8.1.3.2 a | 9.1.3.2 a,"7.1.3.2   访问控制
a)   应在网络边界或区域之间根据访问控制策略设置访问控制规则，默认情况下除允许通信外受控接口拒绝所有通信。

--- EXCERPT ---

8.1.3.2   访问控制
a)   应在网络边界或区域之间根据访问控制策略设置访问控制规则，默认情况下除允许通信外受控接口拒绝所有通信。

--- EXCERPT ---

9.1.3.2   访问控制
a)   应在网络边界或区域之间根据访问控制策略设置访问控制规则，默认情况下除允许通信外受控接口拒绝所有通信。",,,
JR0071-2-FW-008,JR/T 0071.2—2020,requirement-control,删除多余或无效访问控制规则,Extracted,3,7.1.3.2 b | 8.1.3.2 b | 9.1.3.2 b,"7.1.3.2   访问控制
b)   应删除多余或无效的访问控制规则，优化访问控制列表，并保证访问控制规则数量最小化。

--- EXCERPT ---

8.1.3.2   访问控制
b)   应删除多余或无效的访问控制规则，优化访问控制列表，并保证访问控制规则数量最小化。

--- EXCERPT ---

9.1.3.2   访问控制
b)   应删除多余或无效的访问控制规则，优化访问控制列表，并保证访问控制规则数量最小化。",,,
JR0071-2-FW-009,JR/T 0071.2—2020,requirement-control,基于五元组检查数据包,Extracted,3,7.1.3.2 c | 8.1.3.2 c | 9.1.3.2 c,"7.1.3.2   访问控制
c)   应对源地址、 目的地址、源端口、 目的端口和协议等进行检查， 以允许/拒绝数据包进出。

--- EXCERPT ---

8.1.3.2   访问控制
c)   应对源地址、 目的地址、源端口、 目的端口和协议等进行检查， 以允许/拒绝数据包进出。

--- EXCERPT ---

9.1.3.2   访问控制
c)   应对源地址、 目的地址、源端口、 目的端口和协议等进行检查， 以允许/拒绝数据包进出。",,,
JR0071-2-FW-010,JR/T 0071.2—2020,requirement-control,基于会话状态进行访问控制,Extracted,3,7.1.3.2 d | 8.1.3.2 d | 9.1.3.2 d,"7.1.3.2   访问控制
d)   应能根据会话状态信息为进出数据流提供明确的允许/拒绝访问的能力，控制粒度为网段级。 （F2）

--- EXCERPT ---

8.1.3.2   访问控制
d)   应能根据会话状态信息为进出数据流提供明确的允许/拒绝访问的能力，控制粒度为端口级。 （F3）

--- EXCERPT ---

9.1.3.2   访问控制
d)   应能根据会话状态信息为进出数据流提供明确的允许/拒绝访问的能力，控制粒度为端口级。 （F4）",,,
JR0071-2-FW-011,JR/T 0071.2—2020,requirement-control,应用内容控制或协议转换隔离,Extracted,2,8.1.3.2 e | 9.1.3.2 e,"8.1.3.2   访问控制
e)   应对进出网络的数据流实现基于应用协议和应用内容的访问控制。

--- EXCERPT ---

9.1.3.2   访问控制
e)   应在网络边界通过通信协议转换或通信协议隔离等方式进行数据交换。",,,
JR0071-2-FW-012,JR/T 0071.2—2020,requirement-control,系统服务端口梳理、关闭与开放审批,Extracted,2,8.1.3.2 f | 9.1.3.2 f,"8.1.3.2   访问控制
f)   应对网络设备系统自带的服务端口进行梳理 ，关掉不必要的系统服务端口 ，并建立相应的端口开放审批制度 。（F3）

--- EXCERPT ---

9.1.3.2   访问控制
f)   对网络设备系统自带的服务端口进行梳理 ，关掉不必要的系统服务端口 ，并建立相应的端口开放审批制度 。（F4）",,,
JR0071-2-FW-013,JR/T 0071.2—2020,requirement-control,定期检查并锁定或撤销不必要账户,Extracted,2,8.1.3.2 g | 9.1.3.2 g,"8.1.3.2   访问控制
g)   应定期检查并锁定或撤销网络设备中不必要的用户账号 。（F3）

--- EXCERPT ---

9.1.3.2   访问控制
g)   应每季度检查并锁定或撤销网络设备中不必要的用户账号 。（F4）",,,
JR0071-2-FW-014,JR/T 0071.2—2020,requirement-control,内外部网络攻击检测、防止或限制,Extracted,3,7.1.3.3 | 8.1.3.3 a-b | 9.1.3.3 a-b,"7.1.3.3   入侵防范
应在关键网络节点处监视网络攻击行为。

--- EXCERPT ---

8.1.3.3   入侵防范
a)   应在关键网络节点处检测、 防止或限制从外部发起的网络攻击行为。
b)   应在关键网络节点处检测、 防止或限制从内部发起的网络攻击行为。

--- EXCERPT ---

9.1.3.3   入侵防范
a)   应在关键网络节点处检测、 防止或限制从外部发起的网络攻击行为。
b)   应在关键网络节点处检测、 防止或限制从内部发起的网络攻击行为。",,,
JR0071-2-FW-015,JR/T 0071.2—2020,requirement-control,新型攻击、APT 与欺骗或联动防护,Extracted,2,"8.1.3.3 c,e-f | 9.1.3.3 c,e-g","8.1.3.3   入侵防范
c)   应采取技术措施对网络行为进行分析，实现对网络攻击特别是新型网络攻击行为的分析。
e)   应采取技术手段对高级持续威胁进行监测、 发现 。（F3）
f)   应建立诱捕、欺骗攻击者的安全防护手段，对攻击者的行为进行捕获和分析 。（F3）

--- EXCERPT ---

9.1.3.3   入侵防范
c)   应采取技术措施对网络行为进行分析，实现对网络攻击特别是新型网络攻击行为的分析。
e)   应采取技术手段对高级持续威胁进行监测、 发现 。（F4）
f)   入侵检测的管理系统应做到分级管理，对系统的部署做到逐级分布 。（F4）
g)   应采用联动防护机制，及时识别网络攻击行为，并实现快速处置 。（F4）",,,
JR0071-2-FW-016,JR/T 0071.2—2020,requirement-control,攻击事件记录与严重事件告警,Extracted,2,8.1.3.3 d | 9.1.3.3 d,"8.1.3.3   入侵防范
d)   当检测到攻击行为时，记录攻击源 IP、 攻击类型、 攻击目标 、 攻击时间，在发生严重入侵事件时应提供报警。

--- EXCERPT ---

9.1.3.3   入侵防范
d)   当检测到攻击行为时，记录攻击源 IP、 攻击类型、 攻击目标 、 攻击时间，在发生严重入侵事件时应提供报警。",,,
JR0071-2-FW-017,JR/T 0071.2—2020,requirement-control,关键节点恶意代码和垃圾邮件防护,Extracted,3,7.1.3.4 a-b | 8.1.3.4 a-b | 9.1.3.4 a-b,"7.1.3.4   恶意代码和垃圾邮件防范
a)   应在关键网络节点处对恶意代码进行检测和清除，并维护恶意代码防护机制的升级和更新。
b)   应在关键网络节点处对垃圾邮件进行检测和防护 ，并维护垃圾邮件防护机制的升级和更新。 （F2）

--- EXCERPT ---

8.1.3.4   恶意代码和垃圾邮件防范
a)   应在关键网络节点处对恶意代码进行检测和清除，并维护恶意代码防护机制的升级和更新。
b)   应在关键网络节点处对垃圾邮件进行检测和防护，并维护垃圾邮件防护机制的升级和更新。

--- EXCERPT ---

9.1.3.4   恶意代码和垃圾邮件防范
a)   应在关键网络节点处对恶意代码进行检测和清除，并维护恶意代码防护机制的升级和更新。
b)   应在关键网络节点处对垃圾邮件进行检测和防护，并维护垃圾邮件防护机制的升级和更新。",,,
JR0071-2-FW-018,JR/T 0071.2—2020,requirement-control,网络边界安全审计覆盖,Extracted,3,7.1.3.5 a | 8.1.3.5 a | 9.1.3.5 a,"7.1.3.5   安全审计
a)   应在网络边界、重要网络节点进行安全审计，审计覆盖到每个用户，对重要的用户行为和重要安全事件进行审计。

--- EXCERPT ---

8.1.3.5   安全审计
a)   应在网络边界、重要网络节点进行安全审计，审计覆盖到每个用户，对重要的用户行为和重要安全事件进行审计。

--- EXCERPT ---

9.1.3.5   安全审计
a)   应在网络边界、重要网络节点进行安全审计，审计覆盖到每个用户，对重要的用户行为和重要安全事件进行审计。",,,
JR0071-2-FW-019,JR/T 0071.2—2020,requirement-control,无线接入行为日志保存六个月,Extracted,2,8.1.3.5 b | 9.1.3.5 b,"8.1.3.5   安全审计
b)   应记录无线网络接入行为，形成日志进行留存，保存时间不少于 6 个月 。（F3）

--- EXCERPT ---

9.1.3.5   安全审计
b)   应记录无线网络接入行为，形成日志进行留存，保存时间不少于 6 个月 。（F4）",,,
JR0071-2-FW-020,JR/T 0071.2—2020,requirement-control,审计记录字段完整,Extracted,3,7.1.3.5 b | 8.1.3.5 c | 9.1.3.5 c,"7.1.3.5   安全审计
b)   审计记录应包括事件的日期和时间、用户、事件类型、事件是否成功及其他与审计相关的信息。

--- EXCERPT ---

8.1.3.5   安全审计
c)   审计记录应包括事件的日期和时间、用户、事件类型、事件是否成功及其他与审计相关的信息。

--- EXCERPT ---

9.1.3.5   安全审计
c)   审计记录应包括事件的日期和时间、用户、事件类型、事件是否成功及其他与审计相关的信息。",,,
JR0071-2-FW-021,JR/T 0071.2—2020,requirement-control,审计记录保护、备份及六个月留存,Extracted,3,7.1.3.5 c | 8.1.3.5 d | 9.1.3.5 d,"7.1.3.5   安全审计
c)   应对审计记录进行保护，定期备份，避免受到未预期的删除、修改或覆盖等。

--- EXCERPT ---

8.1.3.5   安全审计
d)   应对审计记录进行保护，定期备份，避免受到未预期的删除、修改或覆盖等，审计记录保存时间不少于 6 个月 。（F3）

--- EXCERPT ---

9.1.3.5   安全审计
d)   应对审计记录进行保护，定期备份，避免受到未预期的删除、修改或覆盖等，审计记录保存时间不少于 6 个月 。（F4）",,,
JR0071-2-FW-022,JR/T 0071.2—2020,requirement-control,远程访问和互联网访问行为单独审计分析,Extracted,1,8.1.3.5 e,"8.1.3.5   安全审计
e)   应能对远程访问的用户行为、访问互联网的用户行为等单独进行行为审计和数据分析。",,,
JR0071-2-FW-023,JR/T 0071.2—2020,requirement-control,审计时间戳统一,Extracted,2,8.1.3.5 f | 9.1.3.5 e,"8.1.3.5   安全审计
f)   所有的审计手段需要具备统一的时间戳，保持审计的时间标记一致 。（F3）

--- EXCERPT ---

9.1.3.5   安全审计
e)   所有的审计手段需要具备统一的时间戳，保持审计的时间标记一致 。（F4）",,,
JR0071-2-FW-024,JR/T 0071.2—2020,requirement-control,唯一身份和分级口令策略,Extracted,3,7.1.4.1 a | 8.1.4.1 a | 9.1.4.1 a,"7.1.4.1   身份鉴别
a)   应对登录的用户进行身份标识和鉴别，身份标识具有唯一性，静态口令应在8位以上，由字母、数字、 符号等混合组成并定期更换 。（F2）

--- EXCERPT ---

8.1.4.1   身份鉴别
a)   应对登录的用户进行身份标识和鉴别， 身份标识具有唯一性 ，应实现身份鉴别信息防窃取和防重用 。 静态口令应在 8 位以上 ， 由字母 、 数字 、 符号等混合组成并每半年更换口令 ，不允许新设定的口令与前次旧口令相同 。 应用系统用户口令应在满足口令复杂度要求的基础上定期更换 。（F3）

--- EXCERPT ---

9.1.4.1   身份鉴别
a)   应对登录的用户进行身份标识和鉴别，身份标识具有唯一性，应实现身份鉴别信息防窃取和防重用 。 静态口令应在 8 位以上 ， 由字母、 数字、 符号等混合组成，至少每 90 天更换口令一次，不允许新设定的口令与前三次旧口令相同。应用系统用户口令应在满足口令复杂度要求的基础上定期更换 。（F4）",,,
JR0071-2-FW-025,JR/T 0071.2—2020,requirement-control,登录失败处理和管理会话超时,Extracted,3,7.1.4.1 b | 8.1.4.1 b | 9.1.4.1 b,"7.1.4.1   身份鉴别
b)   应具有登录失败处理功能，应配置并启用结束会话、限制非法登录次数和当登录连接超时自动退出等相关措施。

--- EXCERPT ---

8.1.4.1   身份鉴别
b)   应具有登录失败处理功能，应配置并启用结束会话、限制登录间隔、限制非法登录次数和当登录连接超时自动退出等相关措施 。（F3）

--- EXCERPT ---

9.1.4.1   身份鉴别
b)   应具有登录失败处理功能，应配置并启用结束会话、限制登录间隔、限制非法登录次数和当登录连接超时自动退出等相关措施 。（F4）",,,
JR0071-2-FW-026,JR/T 0071.2—2020,requirement-control,安全远程管理与管理终端鉴别,Extracted,3,7.1.4.1 c | 8.1.4.1 c | 9.1.4.1 d,"7.1.4.1   身份鉴别
c)   当进行远程管理时，应采取必要措施防止鉴别信息在网络传输过程中被窃听。

--- EXCERPT ---

8.1.4.1   身份鉴别
c)   当进行远程管理时 ，应对管理终端进行身份标识和鉴别 ，采用密码技术防止鉴别信息在网络传输过程中被窃听 。（F3）

--- EXCERPT ---

9.1.4.1   身份鉴别
d)   当进行远程管理时，应对终端进行身份标识和鉴别，采用密码技术防止鉴别信息在网络传输过程中被窃听 。（F4）",,,
JR0071-2-FW-027,JR/T 0071.2—2020,requirement-control,管理用户多因素身份鉴别,Extracted,2,8.1.4.1 d | 9.1.4.1 e,"8.1.4.1   身份鉴别
d)   应采用口令、密码技术、生物技术等两种或两种以上组合的鉴别技术对用户进行身份鉴别，且其中一种鉴别技术至少应使用密码技术来实现。

--- EXCERPT ---

9.1.4.1   身份鉴别
e)   应采用口令 、密码技术 、生物技术等两种或两种以上组合的鉴别技术对用户进行身份鉴别，且其中一种鉴别技术至少应使用密码技术来实现。",,,
JR0071-2-FW-028,JR/T 0071.2—2020,requirement-control,默认账户和预设账户治理,Extracted,3,"7.1.4.2 b,e | 8.1.4.2 b-c,f | 9.1.4.2 b-c,g","7.1.4.2   访问控制
b)   应重命名或删除默认账户，修改默认账户或预设账户的默认口令 。（F2）
e)   应严格限制默认账户或预设账户的权限 ，如默认账户和预设账户的权限应为空权限或某单一功能专用权限等 。（F2）

--- EXCERPT ---

8.1.4.2   访问控制
b)   应重命名或删除默认账户，修改默认账户或预设账户的默认口令 。（F3）
c)   应用系统应对首次登录的用户提示修改默认账户或预设账户的默认口令 。（F3）
f)   应严格限制默认账户或预设账户的权限 ，如默认账户或预设账户的权限应为空权限或某单一功能专用权限等 。（F3）

--- EXCERPT ---

9.1.4.2   访问控制
b)   应重命名或删除默认账户，修改默认账户和预设账户的默认口令 。（F4）
c)   应用系统应强制首次登录的用户修改默认账户或预设账户的默认口令 。（F4）
g)   应严格限制默认账户或预设账户的权限 ，如默认账户或预设账户的权限应为空权限或某单一功能专用权限等 。（F4）",,,
JR0071-2-FW-029,JR/T 0071.2—2020,requirement-control,多余、过期和共享账户治理,Extracted,3,7.1.4.2 c | 8.1.4.2 d | 9.1.4.2 d-e,"7.1.4.2   访问控制
c)   应及时删除或停用多余的、 过期的账户，避免共享账户的存在。

--- EXCERPT ---

8.1.4.2   访问控制
d)   应及时删除或停用多余的、 过期的账户，避免共享账户的存在。

--- EXCERPT ---

9.1.4.2   访问控制
d)   宜通过技术手段定期检测是否存在多余的、 过期的账户 。（F4）
e)   应及时删除或停用多余的、 过期的账户，避免共享账户的存在。",,,
JR0071-2-FW-030,JR/T 0071.2—2020,requirement-control,最小权限、权限分离及默认账户权限限制,Extracted,3,7.1.4.2 d-e | 8.1.4.2 e-f | 9.1.4.2 f-g,"7.1.4.2   访问控制
d)   应授予管理用户所需的最小权限，实现管理用户的权限分离。
e)   应严格限制默认账户或预设账户的权限 ，如默认账户和预设账户的权限应为空权限或某单一功能专用权限等 。（F2）

--- EXCERPT ---

8.1.4.2   访问控制
e)   应授予管理用户所需的最小权限，实现管理用户的权限分离。
f)   应严格限制默认账户或预设账户的权限 ，如默认账户或预设账户的权限应为空权限或某单一功能专用权限等 。（F3）

--- EXCERPT ---

9.1.4.2   访问控制
f)   应授予管理用户所需的最小权限，实现管理用户的权限分离。
g)   应严格限制默认账户或预设账户的权限 ，如默认账户或预设账户的权限应为空权限或某单一功能专用权限等 。（F4）",,,
JR0071-2-FW-031,JR/T 0071.2—2020,requirement-control,限制远程管理终端来源,Extracted,3,7.1.4.4 c | 8.1.4.4 c | 9.1.4.4 c,"7.1.4.4   入侵防范
c)   应通过设定终端接入方式或网络地址范围对通过网络进行管理的管理终端进行限制。

--- EXCERPT ---

8.1.4.4   入侵防范
c)   应通过设定终端接入方式或网络地址范围对通过网络进行管理的管理终端进行限制。

--- EXCERPT ---

9.1.4.4   入侵防范
c)   应通过设定终端接入方式或网络地址范围对通过网络进行管理的管理终端进行限制。",,,
JR0071-2-FW-032,JR/T 0071.2—2020,requirement-control,最小安装并关闭不需要的服务和高危端口,Extracted,3,7.1.4.4 a-b | 8.1.4.4 a-b | 9.1.4.4 a-b,"7.1.4.4   入侵防范
a)   应遵循最小安装的原则，仅安装需要的组件和应用程序。
b)   应关闭不需要的系统服务、 默认共享和高危端口。

--- EXCERPT ---

8.1.4.4   入侵防范
a)   应遵循最小安装的原则，仅安装需要的组件和应用程序。
b)   应关闭不需要的系统服务、 默认共享和高危端口。

--- EXCERPT ---

9.1.4.4   入侵防范
a)   应遵循最小安装的原则，仅安装需要的组件和应用程序。
b)   应关闭不需要的系统服务、 默认共享和高危端口。",,,
JR0071-2-FW-033,JR/T 0071.2—2020,requirement-control,已知漏洞发现、评估和修补,Extracted,3,7.1.4.4 e | 8.1.4.4 e | 9.1.4.4 e,"7.1.4.4   入侵防范
e)   应能发现可能存在的已知漏洞，并在经过充分测试评估后，及时修补漏洞。

--- EXCERPT ---

8.1.4.4   入侵防范
e)   应能通过使用漏洞扫描工具 、 人工漏洞排查分析等漏洞检查手段 ，及时发现可能存在的已知漏洞，并在经过充分测试评估后，及时修补漏洞 。（F3）

--- EXCERPT ---

9.1.4.4   入侵防范
e)   应能通过使用漏洞扫描工具 、 人工漏洞排查分析等漏洞检查手段 ，及时发现可能存在的已知漏洞，并在经过充分测试评估后，及时修补漏洞 。（F4）",,,
JR0071-2-FW-034,JR/T 0071.2—2020,requirement-control,设备节点入侵检测和严重事件告警,Extracted,3,7.1.4.4 f | 8.1.4.4 f | 9.1.4.4 f,"7.1.4.4   入侵防范
f)   应能够检测到对重要节点进行入侵的行为，并在发生严重入侵事件时提供报警 。（F2）

--- EXCERPT ---

8.1.4.4   入侵防范
f)   应能够检测到对重要节点进行入侵的行为，并在发生严重入侵事件时提供报警。

--- EXCERPT ---

9.1.4.4   入侵防范
f)   应能够检测到对所有节点进行入侵的行为，并在发生严重入侵事件时提供报警 。（F4）",,,
JR0071-2-FW-035,JR/T 0071.2—2020,requirement-control,安全计算环境设备生产专用,Extracted,3,7.1.4.4 g | 8.1.4.4 g | 9.1.4.4 g,"7.1.4.4   入侵防范
g)   所有安全计算环境设备应全部专用化，不得进行与业务不相关的操作 。（F2）

--- EXCERPT ---

8.1.4.4   入侵防范
g)   所有安全计算环境设备应全部专用化，生产设备不得进行与业务不相关的操作 。（F3）

--- EXCERPT ---

9.1.4.4   入侵防范
g)   所有安全计算环境设备应全部专用化，生产设备不得进行与业务不相关的操作 。（F4）",,,
JR0071-2-FW-036,JR/T 0071.2—2020,requirement-control,设备安全审计覆盖与记录字段,Extracted,3,7.1.4.3 a-b | 8.1.4.3 a-b | 9.1.4.3 a-b,"7.1.4.3   安全审计
a)   应提供安全审计功能，审计应覆盖到每个用户，对重要的用户行为和重要安全事件进行审计。
b)   审计记录应包括事件的日期和时间、用户、事件类型、事件是否成功及其他与审计相关的信息。

--- EXCERPT ---

8.1.4.3   安全审计
a)   应启用安全审计功能，审计应覆盖到每个用户，对重要的用户行为和重要安全事件进行审计。
b)   审计记录应包括事件的日期和时间、用户、事件类型、事件是否成功及其他与审计相关的信息。

--- EXCERPT ---

9.1.4.3   安全审计
a)   应启用安全审计功能，审计应覆盖到每个用户，对重要的用户行为和重要安全事件进行审计。
b)   审计记录应包括事件的日期和时间、事件类型、主体标识、 客体标识和结果等。",,,
JR0071-2-FW-037,JR/T 0071.2—2020,requirement-control,设备审计保护、六个月留存和审计进程保护,Extracted,3,"7.1.4.3 c-d | 8.1.4.3 c-d,f | 9.1.4.3 c-d,f","7.1.4.3   安全审计
c)   应对审计记录进行保护 ，定期备份 ，避免受到未预期的删除、 修改或覆盖等，审计记录保存时间应不少于 6 个月 。（F2）
d)   审计记录产生时的时间应由系统范围内唯一确定的时钟产生 ， 以确保审计分析的一致性与正确性 。（F2）

--- EXCERPT ---

8.1.4.3   安全审计
c)   应对审计记录进行保护，定期备份，避免受到未预期的删除、修改或覆盖等，审计记录保存时间应不少于 6 个月 。（F3）
d)   应对审计进程进行保护， 防止未经授权的中断。
f)   审计记录产生时的时间应由系统范围内唯一确定的时钟产生 ， 以确保审计分析的一致性与正确性 。（F3）

--- EXCERPT ---

9.1.4.3   安全审计
c)   应对审计记录进行保护，定期备份 ，避免受到未预期的删除 、修改或覆盖等 ，审计记录保存时间应不少于6个月 。（F4）
d)   应对审计进程或程序进行保护， 防止未经授权的中断 。（F4）
f)   审计记录产生时的时间应由系统范围内唯一确定的时钟产生 ， 以确保审计分析的一致性与正确性 。（F4）",,,
JR0071-2-FW-038,JR/T 0071.2—2020,requirement-control,设备配置文件每月及变更后备份,Extracted,3,7.1.5.1 c | 8.1.5.1 c | 9.1.5.1 c,"7.1.5.1   系统管理
c)   应每月对设备的配置文件进行备份，发生变动时应及时备份 。（F2）

--- EXCERPT ---

8.1.5.1   系统管理
c)   应每月对设备的配置文件进行备份，发生变动时应及时备份 。（F3）

--- EXCERPT ---

9.1.5.1   系统管理
c)   应每月对设备的配置文件进行备份，发生变动时应及时备份 。（F4）",,,
JR0071-2-FW-039,JR/T 0071.2—2020,requirement-control,重要配置和日志数据备份恢复,Extracted,4,7.1.4.9 a-b | 7.1.5.1 f | 8.1.4.9 a-c | 9.1.4.9 a-d,"7.1.4.9   数据备份恢复
a)   应提供重要数据的本地数据备份与恢复功能。
b)   应提供异地数据备份功能，利用通信网络将重要数据定时批量传送至备用场地。

--- EXCERPT ---

7.1.5.1   系统管理
f)   应提供数据备份与恢复功能，增量数据备份至少每天一次 。（F2）

--- EXCERPT ---

8.1.4.9   数据备份恢复
a)   应提供重要数据的本地数据备份与恢复功能 ，采取实时备份与异步备份或增量备份与完全备份的方式，增量数据备份每天一次，完全数据备份可根据系统的业务连续性保障相关指标（如RPO，RTO） 以及系统数据的重要程度 、 行业监管要求 ，制定备份策略 。 备份介质场外存放 ，数据保存期限依照国家相关规定 。（F3）
b)   应提供异地实时备份功能，利用通信网络将重要数据实时备份至备份场地。
c)   应提供重要数据处理系统的热冗余，保证系统的高可用性。

--- EXCERPT ---

9.1.4.9   数据备份恢复
a)   应提供重要数据的本地数据备份与恢复功能，采取实时备份与异步备份或增量备份与完全备份的方式，增量数据备份每天一次，完全数据备份可根据系统的业务连续性保障相关指标（如RPO，RTO） 以及系统数据的重要程度 、 行业监管要求 ，制定备份策略 。 备份介质场外存放 ，数据保存期限依照国家相关规定 。（F4）
b)   应提供异地实时备份功能，利用通信网络将重要数据实时备份至备份场地。
c)   应提供重要数据处理系统的热冗余，保证系统的高可用性。
d)   应建立异地灾难备份中心，提供业务应用的实时切换。",,,
JR0071-2-FW-040,JR/T 0071.2—2020,requirement-control,系统管理员身份鉴别、受限界面和操作审计,Extracted,3,7.1.5.1 a-b | 8.1.5.1 a-b | 9.1.5.1 a-b,"7.1.5.1   系统管理
a)   应对系统管理员进行身份鉴别，只允许其通过特定的命令或操作界面进行系统管理操作，并对这些操作进行审计。
b)   应通过系统管理员对系统的资源和运行进行配置、控制和管理，包括用户身份、系统资源配置、系统加载和启动、 系统运行的异常处理、 数据和设备的备份与恢复等。

--- EXCERPT ---

8.1.5.1   系统管理
a)   应对系统管理员进行身份鉴别，只允许其通过特定的命令或操作界面进行系统管理操作，并对这些操作进行审计。
b)   应通过系统管理员对系统的资源和运行进行配置、控制和管理，包括用户身份、系统资源配置、系统加载和启动、 系统运行的异常处理、数据和设备的备份与恢复等。

--- EXCERPT ---

9.1.5.1   系统管理
a)   应对系统管理员进行身份鉴别，只允许其通过特定的命令或操作界面进行系统管理操作，并对这些操作进行审计。
b)   应通过系统管理员对系统的资源和运行进行配置、控制和管理，包括用户身份、系统资源配置、系统加载和启动、 系统运行的异常处理、 数据和设备的备份与恢复等。",,,
JR0071-2-FW-041,JR/T 0071.2—2020,requirement-control,设备运行状态监测和每日查看记录,Extracted,3,7.1.5.1 d | 8.1.5.1 d | 9.1.5.1 d,"7.1.5.1   系统管理
d)   应定期对设备运行状况进行监测 。（F2）

--- EXCERPT ---

8.1.5.1   系统管理
d)   应使用自动化技术手段对设备运行状况进行实时监测 ，运维人员应每天定期查看并记录系统运行状况 。（F3）

--- EXCERPT ---

9.1.5.1   系统管理
d)   应使用自动化监控平台对设备运行状况进行实时监测 ，运维人员应每天定期查看并记录系统运行状况 。（F4）",,,
JR0071-2-FW-042,JR/T 0071.2—2020,requirement-control,设备软件版本定期核验、测试后升级和留痕,Extracted,3,7.1.5.1 e | 8.1.5.1 e | 9.1.5.1 e,"7.1.5.1   系统管理
e)   应定期检验设备的软件版本信息，并留存记录 。（F2）

--- EXCERPT ---

8.1.5.1   系统管理
e)   应每季度检验网络设备软件版本信息 ，并通过有效测试验证后进行相应的升级 ， 同时留存测试验证相关记录 。（F3）

--- EXCERPT ---

9.1.5.1   系统管理
e)   应每月检验网络设备软件版本信息 ，并通过有效测试验证进行相应的升级 ， 同时留存测试验证相关记录 。（F4）",,,
JR0071-2-FW-043,JR/T 0071.2—2020,requirement-control,审计管理员鉴别、操作审计和审计数据权限分离,Extracted,3,7.1.5.2 a-b | 8.1.5.2 a-c | 9.1.5.2 a-c,"7.1.5.2   审计管理
a)   应对审计管理员进行身份鉴别，只允许其通过特定的命令或操作界面进行安全审计操作，并对这些操作进行审计。
b)   应通过审计管理员对审计记录进行分析，并根据分析结果进行处理，包括根据安全审计策略对审计记录进行存储、 管理和查询等。

--- EXCERPT ---

8.1.5.2   审计管理
a)   应对审计管理员进行身份鉴别，只允许其通过特定的命令或操作界面进行安全审计操作，并对这些操作进行审计。
b)   应通过审计管理员对审计记录进行分析，并根据分析结果进行处理，包括根据安全审计策略对审计记录进行存储、 管理和查询等。
c)   应严格限制审计数据的访问控制权限 ， 限制管理用户对审计数据的访问 ，实现管理用户和审计用户的权限分离，避免非授权的删除、修改或覆盖 。（F3）

--- EXCERPT ---

9.1.5.2   审计管理
a)   应对审计管理员进行身份鉴别，只允许其通过特定的命令或操作界面进行安全审计操作，并对这些操作进行审计。
b)   应通过审计管理员对审计记录进行分析，并根据分析结果进行处理，包括根据安全审计策略对审计记录进行存储、 管理和查询等。
c)   应严格限制审计数据的访问控制权限 ， 限制管理用户对审计数据的访问 ，实现管理用户和审计用户的权限分离，避免非授权的删除、修改或覆盖 。（F4）",,,
JR0071-2-FW-044,JR/T 0071.2—2020,requirement-control,安全管理员鉴别、受限操作和策略配置,Extracted,2,8.1.5.3 a-b | 9.1.5.3 a-b,"8.1.5.3   安全管理
a)   应对安全管理员进行身份鉴别，只允许其通过特定的命令或操作界面进行安全管理操作，并对这些操作进行审计。
b)   应通过安全管理员对系统中的安全策略进行配置，包括安全参数的设置，主体、客体进行统一安全标记，对主体进行授权，配置可信验证策略等。

--- EXCERPT ---

9.1.5.3   安全管理
a)   应对安全管理员进行身份鉴别，只允许其通过特定的命令或操作界面进行安全管理操作，并对这些操作进行审计。
b)   应通过安全管理员对系统中的安全策略进行配置，包括安全参数的设置，主体、客体进行统一安全标记，对主体进行授权，配置可信验证策略等。",,,
JR0071-2-FW-045,JR/T 0071.2—2020,requirement-control,安全设备集中管理区域和安全管理路径,Extracted,2,8.1.5.4 a-b | 9.1.5.4 a-b,"8.1.5.4   集中管控
a)   应划分出特定的管理区域，对分布在网络中的安全设备或安全组件进行管控。
b)   应能够建立一条安全的信息传输路径，对网络中的安全设备或安全组件进行管理。

--- EXCERPT ---

9.1.5.4   集中管控
a)   应划分出特定的管理区域，对分布在网络中的安全设备或安全组件进行管控。
b)   应能够建立一条安全的信息传输路径，对网络中的安全设备或安全组件进行管理。",,,
JR0071-2-FW-046,JR/T 0071.2—2020,requirement-control,设备运行状态集中监测,Extracted,2,8.1.5.4 c | 9.1.5.4 c,"8.1.5.4   集中管控
c)   应对网络链路、 安全设备、 网络设备和服务器等的运行状况进行集中监测。

--- EXCERPT ---

9.1.5.4   集中管控
c)   应对网络链路、 安全设备、 网络设备和服务器等的运行状况进行集中监测。",,,
JR0071-2-FW-047,JR/T 0071.2—2020,requirement-control,安全事件和审计数据集中收集分析与留存,Extracted,2,8.1.5.4 d | 9.1.5.4 d,"8.1.5.4   集中管控
d)   应对分散在各个设备上的安全事件、审计数据进行收集汇总和集中分析，并保证审计记录的留存时间符合法律法规要求 。（F3）

--- EXCERPT ---

9.1.5.4   集中管控
d)   应对分散在各个设备上的安全事件、审计数据进行收集汇总和集中分析，并保证审计记录的留存时间符合法律法规要求 。（F4）",,,
JR0071-2-FW-048,JR/T 0071.2—2020,requirement-control,安全策略、恶意代码和补丁升级集中管理,Extracted,2,8.1.5.4 e | 9.1.5.4 e,"8.1.5.4   集中管控
e)   应对安全策略、恶意代码、补丁升级等安全相关事项进行集中管理。

--- EXCERPT ---

9.1.5.4   集中管控
e)   应对安全策略、恶意代码、补丁升级等安全相关事项进行集中管理。",,,
JR0071-2-FW-049,JR/T 0071.2—2020,requirement-control,安全事件集中识别响应、统一时钟和告警合并,Extracted,2,8.1.5.4 f-g | 9.1.5.4 f-h,"8.1.5.4   集中管控
f)   应能对网络中发生的各类安全事件进行识别、报警、 分析、 响应和处置 。（F3）
g)   应具有对高频度发生的相同安全事件进行合并告警，避免出现告警风暴的能力 。（F3）

--- EXCERPT ---

9.1.5.4   集中管控
f)   应能对网络中发生的各类安全事件进行识别、报警、 分析、 响应和处置 。（F4）
g)   应保证系统范围内的时间由唯一确定的时钟产生，以保证各种数据的管理和分析在时间上的一致性。
h)   应具有对高频度发生的相同安全事件进行合并告警，避免出现告警风暴的能力 。（F4）",,,
JR0071-2-FW-CLOUD-001,JR/T 0071.2—2020,requirement-control,云虚拟网络及业务管理网络隔离,Extracted,3,"7.2.2.1 b-c | 8.2.2.1 b-d | 9.2.2.1 b-d,j","7.2.2.1   网络架构
b)   应实现不同云服务客户虚拟网络之间的隔离。
c)   应具有根据云服务客户业务需求提供通信传输、边界防护、入侵防范等安全机制的能力。

--- EXCERPT ---

8.2.2.1   网络架构
b)   应实现不同云服务客户虚拟网络之间及同一云服务客户不同虚拟网络之间的隔离 。（F3）
c)   应实现云计算平台的业务网络与管理网络安全隔离 。（F3）
d)   应具有根据云服务客户业务需求提供通信传输、边界防护、入侵防范等安全机制的能力。

--- EXCERPT ---

9.2.2.1   网络架构
b)   应实现不同云服务客户虚拟网络之间及同一云服务客户不同虚拟网络之间的隔离 。（F4）
c)   应实现云计算平台的业务网络与管理网络安全隔离 。（F4）
d)   应具有根据云服务客户业务需求提供通信传输、边界防护、入侵防范等安全机制的能力。
j)   对于团体云部署模式，应保证除广域网外为金融行业服务的网络物理硬件不与其他行业共享。 （F4）",,,
JR0071-2-FW-CLOUD-002,JR/T 0071.2—2020,requirement-control,虚拟化边界访问控制机制和规则,Extracted,3,7.2.3.1 a-b | 8.2.3.1 a-d | 9.2.3.1 a-d,"7.2.3.1   访问控制
a)   应在虚拟化网络边界部署访问控制机制，并设置访问控制规则。
b)   应在不同等级的网络区域边界部署访问控制机制，设置访问控制规则。

--- EXCERPT ---

8.2.3.1   访问控制
a)   应在虚拟化网络边界部署访问控制机制，并设置访问控制规则。
b)   应在不同等级的网络区域边界部署访问控制机制，设置访问控制规则。
c)   应实现虚拟机之间 、 虚拟机与资源管理和调度平台之间 、 虚拟机与外部网络之间的安全访问控制 。（F3）
d)   应对云计算平台管理员访问管理网络进行访问控制 。（F3）

--- EXCERPT ---

9.2.3.1   访问控制
a)   应在虚拟化网络边界部署访问控制机制，并设置访问控制规则。
b)   应在不同等级的网络区域边界部署访问控制机制，设置访问控制规则。
c)   应实现虚拟机之间 、 虚拟机与资源管理和调度平台之间 、 虚拟机与外部网络之间的安全访问控制 。（F4）
d)   应对云计算平台管理员访问管理网络进行访问控制 。（F4）",,,
JR0071-2-FW-CLOUD-003,JR/T 0071.2—2020,requirement-control,云客户自主安全策略、子网规则与 VPN,Extracted,4,8.2.2.1 e | 8.2.3.1 | 9.2.2.1 e | 9.2.3.1 e-g,"8.2.2.1   网络架构
e)   应具有根据云服务客户业务需求自主设置安全策略的能力，包括定义访问路径、选择安全组件、配置安全策略。

--- EXCERPT ---

8.2.3.1   访问控制
本项要求包括：
a)   应在虚拟化网络边界部署访问控制机制，并设置访问控制规则。
b)   应在不同等级的网络区域边界部署访问控制机制，设置访问控制规则。
c)   应实现虚拟机之间 、 虚拟机与资源管理和调度平台之间 、 虚拟机与外部网络之间的安全访问控制 。（F3）
d)   应对云计算平台管理员访问管理网络进行访问控制 。（F3）

--- EXCERPT ---

9.2.2.1   网络架构
e)   应具有根据云服务客户业务需求自主设置安全策略的能力，包括划分安全区域、定义访问路径、选择安全组件、配置安全策略 。（F4）

--- EXCERPT ---

9.2.3.1   访问控制
e)   应支持云服务客户通过VPN访问云计算平台 。（F4）
f)   应支持云服务客户自行在虚拟网络边界设置访问控制规则 。（F4）
g)   应支持云服务客户自行划分子网、 设置访问控制规则 。（F4）",,,
JR0071-2-FW-CLOUD-004,JR/T 0071.2—2020,requirement-control,云攻击与异常流量检测、记录和告警,Extracted,3,7.2.3.2 a-c | 8.2.3.2 a-e | 9.2.3.2 a-e,"7.2.3.2   入侵防范
a)   应能检测到云服务客户发起的网络攻击行为，并能记录攻击类型、攻击时间、 攻击流量等。
b)   应能检测到对虚拟网络节点的网络攻击行为，并能记录攻击类型、攻击时间、 攻击流量等。
c)   应能检测到虚拟机与宿主机、虚拟机与虚拟机之间的异常流量。

--- EXCERPT ---

8.2.3.2   入侵防范
a)   应能检测到云服务客户发起的网络攻击行为，并能记录攻击类型、攻击时间、 攻击流量等。
b)   应能检测到对虚拟网络节点的网络攻击行为，并能记录攻击类型、攻击时间、 攻击流量等。
c)   应能检测到虚拟机与宿主机、虚拟机与虚拟机之间的异常流量。
d)   应在检测到网络攻击行为、 异常流量情况时进行告警。
e)   应检测和防护云计算平台内部虚拟机发起的针对云计算平台的攻击 ， 能够定位发起攻击的虚拟机，记录攻击类型、攻击时间、 攻击流量等信息 。（F3）

--- EXCERPT ---

9.2.3.2   入侵防范
a)   应能检测到云服务客户发起的网络攻击行为，并能记录攻击类型、攻击时间、 攻击流量等。
b)   应能检测到对虚拟网络节点的网络攻击行为，并能记录攻击类型、攻击时间、 攻击流量等。
c)   应能检测到虚拟机与宿主机、虚拟机与虚拟机之间的异常流量。
d)   应在检测到网络攻击行为、 异常流量情况时进行告警。
e)   应检测和防护云计算平台内部虚拟机发起的针对云计算平台的攻击 ， 能够定位发起攻击的虚拟机，记录攻击类型、攻击时间、 攻击流量等信息 。（F4）",,,
JR0071-2-FW-CLOUD-005,JR/T 0071.2—2020,requirement-control,互联网金融服务 DoS/DDoS 清洗防护,Extracted,2,8.2.3.2 f | 9.2.3.2 f,"8.2.3.2   入侵防范
f)   云服务客户通过互联网提供金融服务时 ，应支持DoS/DDoS攻击防护 ，通过清洗DoS/DDoS攻击流量，保障网络、服务器及上层应用的可用性 。（F3）

--- EXCERPT ---

9.2.3.2   入侵防范
f)   云服务客户通过互联网提供金融服务时 ，应支持DoS/DDoS攻击防护 ，通过清洗DoS/DDoS攻击流量，保障网络、服务器及上层应用的可用性 。（F4）",,,
JR0071-2-FW-CLOUD-006,JR/T 0071.2—2020,requirement-control,互联网金融服务 Web 应用攻击防护,Extracted,2,8.2.3.2 g | 9.2.3.2 g,"8.2.3.2   入侵防范
g)   云服务客户通过互联网提供金融服务时，应支持检测Web应用漏洞，拦截SQL注入 、XSS攻击等多种Web应用攻击行为 。（F3）

--- EXCERPT ---

9.2.3.2   入侵防范
g)   云服务客户通过互联网提供金融服务时，应支持检测Web应用漏洞，拦截SQL注入 、XSS攻击等多种Web应用攻击行为 。（F4）",,,
JR0071-2-FW-CLOUD-007,JR/T 0071.2—2020,requirement-control,云远程特权命令和服务商操作审计,Extracted,3,7.2.3.3 a-b | 8.2.3.3 a-b | 9.2.3.3 a-b,"7.2.3.3   安全审计
a)   应对云服务商和云服务客户在远程管理时执行的特权命令进行审计，至少包括虚拟机删除、虚拟机重启。
b)   应保证云服务商对云服务客户系统和数据的操作可被云服务客户审计。

--- EXCERPT ---

8.2.3.3   安全审计
a)   应对云服务商和云服务客户在远程管理时执行的特权命令进行审计，至少包括虚拟机删除、虚拟机重启。
b)   应保证云服务商对云服务客户系统和数据的操作可被云服务客户审计。

--- EXCERPT ---

9.2.3.3   安全审计
a)   应对云服务商和云服务客户在远程管理时执行的特权命令进行审计，至少包括虚拟机删除、虚拟机重启。
b)   应保证云服务商对云服务客户系统和数据的操作可被云服务客户审计。",,,
JR0071-2-FW-CLOUD-008,JR/T 0071.2—2020,requirement-control,云客户网络节点流量监控,Extracted,1,9.2.2.1 k,"9.2.2.1   网络架构
k)   应支持云服务客户监控所拥有各网络节点间的流量 。（F4）",,,
JR0071-2-FW-MOBILE-001,JR/T 0071.2—2020,requirement-control,移动端到服务器安全通道和双向认证,Extracted,3,7.3.2.1 | 8.3.2.1 a-b | 9.3.2.1 a-b,"7.3.2.1   通信传输
应在移动终端与服务器之间建立安全的信息传输通道 ，并进行双向认证 ，例如使用有效安全版本的TLS或IPSec等协议 。（F2）

--- EXCERPT ---

8.3.2.1   通信传输
a)   应在移动终端与服务器之间建立安全的信息传输通道 ，例如使用有效安全版本的TLS或IPSec等协议 。（F3）
b)   客户端应用软件与服务器应进行双向认证 ，可通过密钥 、 证书等密码技术手段实现服务器与客户端应用软件之间的安全认证 。（F3）

--- EXCERPT ---

9.3.2.1   通信传输
a)   应在移动终端与服务器之间建立安全的信息传输通道 ，例如使用有效安全版本的TLS或IPSec等协议 。（F4）
b)   客户端应用软件与服务器应进行双向认证 ，可通过密钥 、 证书等密码技术手段实现服务器与客户端应用软件之间的安全认证 。（F4）",,,
JR0071-2-FW-MOBILE-002,JR/T 0071.2—2020,requirement-control,有线与无线网络边界经无线接入网关,Extracted,3,7.3.3.1 | 8.3.3.1 | 9.3.3.1,"7.3.3.1   边界防护
应保证有线网络与无线网络边界之间的访问和数据流通过无线接入网关设备。

--- EXCERPT ---

8.3.3.1   边界防护
应保证有线网络与无线网络边界之间的访问和数据流通过无线接入网关设备。

--- EXCERPT ---

9.3.3.1   边界防护
应保证有线网络与无线网络边界之间的访问和数据流通过无线接入网关设备。",,,
JR0071-2-FW-MOBILE-003,JR/T 0071.2—2020,requirement-control,无线攻击、高风险功能检测和非授权接入阻断,Extracted,3,7.3.3.3 a-e | 8.3.3.3 a-f | 9.3.3.3 a-f,"7.3.3.3   入侵防范
a)   应能够检测到非授权无线接入设备和非授权移动终端的接入行为。
b)   应能够检测到针对无线接入设备的网络扫描、DDoS 攻击、 密钥破解、 中间人攻击和欺骗攻击等行为。
c)   应能够检测到无线接入设备的SSID 广播、WPS 等高风险功能的开启状态。
d)   应禁用无线接入设备和无线接入网关存在风险的功能，如： SSID 广播、WEP 认证等。
e)   应禁止多个 AP 使用同一个认证密钥。

--- EXCERPT ---

8.3.3.3   入侵防范
a)   应能够检测到非授权无线接入设备和非授权移动终端的接入行为。
b)   应能够检测到针对无线接入设备的网络扫描、DDoS攻击、密钥破解、中间人攻击和欺骗攻击等行为。
c)   应能够检测到无线接入设备的SSID广播、WPS等高风险功能的开启状态。
d)   应禁用无线接入设备和无线接入网关存在风险的功能，如： SSID广播、WEP认证等。
e)   应禁止多个AP使用同一个认证密钥。
f)   应能够阻断非授权无线接入设备或非授权移动终端。

--- EXCERPT ---

9.3.3.3   入侵防范
a)   应能够检测到非授权无线接入设备和非授权移动终端的接入行为。
b)   应能够检测到针对无线接入设备的网络扫描、DDoS 攻击、 密钥破解、 中间人攻击和欺骗攻击等行为。
c)   应能够检测到无线接入设备的SSID 广播、WPS 等高风险功能的开启状态。
d)   应禁用无线接入设备和无线接入网关存在风险的功能，如： SSID 广播、WEP 认证等。
e)   应禁止多个 AP 使用同一个认证密钥。
f)   应能够阻断非授权无线接入设备或非授权移动终端。",,,
JR0071-2-FW-IOT-001,JR/T 0071.2—2020,requirement-control,物联网授权节点接入和非法节点数据过滤,Extracted,6,7.4.2.1 a-c | 7.4.3.2 b | 8.4.2.1 a-c | 8.4.3.2 b | 9.4.2.1 a-c | 9.4.3.2 b,"7.4.2.1   接入控制
a)   应保证只有授权的感知节点可以接入。
b)   每个感知节点和感知网关节点应具备传感网络中唯一标识 ，且该标识不应被非授权访问所篡改 。（F2）
c)   具有指令接收功能的感知节点设备 ，应保证只有授权过的系统 、 终端可以对感知节点下发指令 。（F2）

--- EXCERPT ---

7.4.3.2   网关节点设备安全
b)   应具备过滤非法节点和伪造节点所发送的数据的能力 。（F2）

--- EXCERPT ---

8.4.2.1   接入控制
a)   应保证只有授权的感知节点可以接入，应保证感知节点 、 感知网关节点及处理应用层任意两者间相互鉴别和授权，非授权的感知节点、感知网关节点、处理应用层不能相互接入 。（F3）
b)   每个感知节点和感知网关节点应具备传感网络中唯一标识 ，且该标识不应被非授权访问所篡改 。（F3）
c)   具有指令接收功能的感知节点设备 ，应保证只有授权过的系统 、 终端可以对感知节点下发指令 。（F3）

--- EXCERPT ---

8.4.3.2   网关节点设备安全
b)   应具备过滤非法节点和伪造节点所发送的数据的能力。

--- EXCERPT ---

9.4.2.1   接入控制
a)   应保证只有授权的感知节点可以接入，应保证感知节点 、 感知网关节点及处理应用层任意两者间相互鉴别和授权，非授权的感知节点、感知网关节点、处理应用层不能相互接入 。（F4）
b)   每个感知节点和感知网关节点应具备传感网络中唯一标识 ，且该标识不应被非授权访问所篡改 。（F4）
c)   具有指令接收功能的感知节点设备 ，应保证只有授权过的系统 、 终端可以对感知节点下发指令 。（F4）

--- EXCERPT ---

9.4.3.2   网关节点设备安全
b)   应具备过滤非法节点和伪造节点所发送的数据的能力。",,,
JR0071-2-FW-IOT-002,JR/T 0071.2—2020,requirement-control,限制感知节点和网关节点通信目标地址,Extracted,3,7.4.2.2 a-b | 8.4.2.2 a-b | 9.4.2.2 a-b,"7.4.2.2   入侵防范
a)   应能够限制与感知节点通信的目标地址， 以避免对陌生地址的攻击行为。
b)   应能够限制与网关节点通信的目标地址， 以避免对陌生地址的攻击行为。

--- EXCERPT ---

8.4.2.2   入侵防范
a)   应能够限制与感知节点通信的目标地址， 以避免对陌生地址的攻击行为。
b)   应能够限制与网关节点通信的目标地址， 以避免对陌生地址的攻击行为。

--- EXCERPT ---

9.4.2.2   入侵防范
a)   应能够限制与感知节点通信的目标地址， 以避免对陌生地址的攻击行为。
b)   应能够限制与网关节点通信的目标地址， 以避免对陌生地址的攻击行为。",,,
JR0071-2-FW-IOT-003,JR/T 0071.2—2020,requirement-control,物联网攻击信息上报,Extracted,2,8.4.2.2 c | 9.4.2.2 c,"8.4.2.2   入侵防范
c)   当感知网关节点检测到攻击行为时，应上报攻击源 IP、 攻击类型、 攻击时间等信息 。（F3）

--- EXCERPT ---

9.4.2.2   入侵防范
c)   当感知网关节点检测到攻击行为时，应上报攻击源 IP、 攻击类型、 攻击时间等信息 。（F4）",,,
L2|6.1.2.1|L2-CNS1-01|16,JR/T 0072—2020,measurement-unit,L2-CNS1-01 测评单元,Extracted,1,L2-CNS1-01,"测评单元（L2-CNS1-01）
该测评单元包括以下要求：
a)   测评指标： 应划分不同的网络区域，并按照方便管理和控制的原则为各网络区域分配地址。
b)   测评对象： 路由器、 交换机、无线接入设备和防火墙等提供网络通信功能的设备或相关组件。
c)   测评实施包括以下内容：
1)   应核查是否依据重要性、 部门等因素划分不同的网络区域。
2)   应核查相关网络设备配置信息，验证划分的网络区域是否与划分原则一致。
d)   单元判定：如果 1）和 2）均为肯定，则符合本测评单元指标要求，否则不符合或部分符合本测评单元指标要求。",,,
L2|6.1.2.1|L2-CNS1-02|16,JR/T 0072—2020,measurement-unit,L2-CNS1-02 测评单元,Extracted,1,L2-CNS1-02,"测评单元（L2-CNS1-02）
该测评单元包括以下要求：
a)   测评指标： 应避免将重要网络区域部署在边界处，重要网络区域与其他网络区域之间应采取可靠的技术隔离手段。
b)   测评对象： 网络拓扑。
c)   测评实施包括以下内容：
1)   应核查网络拓扑图是否与实际网络运行环境一致。
2)   应核查重要网络区域是否未部署在网络边界处。
3)   应核查重要网络区域与其他网络区域之间是否采取可靠的技术隔离手段，如网闸、 防火墙和设备访问控制列表（ACL）等。
d)   单元判定： 如果 1）～3）均为肯定，则符合本测评单元指标要求，否则不符合或部分符合本测评单元指标要求。",,,
L2|6.1.2.2|L2-CNS1-03|16,JR/T 0072—2020,measurement-unit,L2-CNS1-03 测评单元,Extracted,1,L2-CNS1-03,"测评单元（L2-CNS1-03）
该测评单元包括以下要求：
a)   测评指标： 应采用校验技术保证通信过程中数据的完整性。
b)   测评对象： 提供校验技术功能的设备或组件。
c)   测评实施： 应核查是否在数据传输过程中使用校验技术来保证其完整性。
d)   单元判定： 如果以上测评实施内容为肯定，则符合本测评单元指标要求，否则不符合本测评单元指标要求。",,,
L2|6.1.3.1|L2-ABS1-01|17,JR/T 0072—2020,measurement-unit,L2-ABS1-01 测评单元,Extracted,1,L2-ABS1-01,"测评单元（L2-ABS1-01）
该测评单元包括以下要求：
a)   测评指标： 应保证跨越边界的访问和数据流通过边界设备提供的受控接口进行通信。
b)   测评对象： 网闸、 防火墙、 路由器、 交换机和无线接入网关设备等提供访问控制功能的设备或相关组件。
c)   测评实施包括以下内容：
1)   应核查在网络边界处是否部署访问控制设备。
2)   应核查设备配置信息是否指定端口进行跨越边界的网络通信，指定端口是否配置并启用了安全策略。
3)   应采用其他技术手段（如非法无线网络设备定位、 核查设备配置信息等）核查是否不存在其他未受控端口进行跨越边界的网络通信。
d)   单元判定： 如果 1）～3）均为肯定，则符合本测评单元指标要求，否则不符合或部分符合本测评单元指标要求。",,,
L2|6.1.3.2|L2-ABS1-02|17,JR/T 0072—2020,measurement-unit,L2-ABS1-02 测评单元,Extracted,1,L2-ABS1-02,"测评单元（L2-ABS1-02）
该测评单元包括以下要求：
a)   测评指标： 应在网络边界或区域之间根据访问控制策略设置访问控制规则，默认情况下除允许通信外受控接口拒绝所有通信。
b)   测评对象： 网闸、 防火墙、 路由器、 交换机和无线接入网关设备等提供访问控制功能的设备或相关组件。
c)   测评实施包括以下内容：
1)   应核查在网络边界或区域之间是否部署访问控制设备并启用访问控制策略。
2)   应核查设备的最后一条访问控制策略是否为禁止所有网络通信。
d)   单元判定：如果 1）和 2）均为肯定，则符合本测评单元指标要求，否则不符合或部分符合本测评单元指标要求。",,,
L2|6.1.3.2|L2-ABS1-03|17,JR/T 0072—2020,measurement-unit,L2-ABS1-03 测评单元,Extracted,1,L2-ABS1-03,"测评单元（L2-ABS1-03）
该测评单元包括以下要求：
a)   测评指标： 应删除多余或无效的访问控制规则，优化访问控制列表，并保证访问控制规则数量最小化。
b)   测评对象： 网闸、 防火墙、 路由器、 交换机和无线接入网关设备等提供访问控制功能的设备或相关组件。
c)   测评实施包括以下内容：
1)   应核查是否不存在多余或无效的访问控制策略。
2)   应核查不同的访问控制策略之间的逻辑关系及前后排列顺序是否合理。
d)   单元判定：如果 1）和 2）均为肯定，则符合本测评单元指标要求，否则不符合或部分符合本测评单元指标要求。",,,
L2|6.1.3.2|L2-ABS1-04|18,JR/T 0072—2020,measurement-unit,L2-ABS1-04 测评单元,Extracted,1,L2-ABS1-04,"测评单元（L2-ABS1-04）
该测评单元包括以下要求：
a)   测评指标：应对源地址、 目的地址、源端口、 目的端口和协议等进行检查， 以允许/拒绝数据包进出。
b)   测评对象： 网闸、 防火墙、 路由器、 交换机和无线接入网关设备等提供访问控制功能的设备或相关组件。
c)   测评实施： 应核查设备的访问控制策略中是否设定了源地址、 目的地址、源端口、 目的端口和协议等相关配置参数。
d)   单元判定： 如果以上测评实施内容为肯定，则符合本测评单元指标要求，否则不符合本测评单元指标要求。",,,
L2|6.1.3.2|L2-ABS1-05|18,JR/T 0072—2020,measurement-unit,L2-ABS1-05 测评单元,Extracted,1,L2-ABS1-05,"测评单元（L2-ABS1-05）
该测评单元包括以下要求：
a)   测评指标：应能根据会话状态信息为进出数据流提供明确的允许/拒绝访问的能力，控制粒度为网段级 。（F2）
b)   测评对象： 网闸、 防火墙、 路由器、 交换机和无线接入网关设备等提供访问控制功能的设备或相关组件。
c)   测评实施：应核查是否采用会话认证等机制为进出数据流提供明确的允许/拒绝访问的能力，且控制粒度为网段级。
d)   单元判定： 如果以上测评实施内容为肯定，则符合本测评单元指标要求，否则不符合本测评单元指标要求。",,,
L2|6.1.3.3|L2-ABS1-06|18,JR/T 0072—2020,measurement-unit,L2-ABS1-06 测评单元,Extracted,1,L2-ABS1-06,"测评单元（L2-ABS1-06）
该测评单元包括以下要求：
a)   测评指标： 应在关键网络节点处监视网络攻击行为。
b)   测评对象：抗 APT 攻击系统、网络回溯系统、抗 DDoS 攻击系统、入侵保护系统和入侵检测系统或相关组件。
c)   测评实施包括以下内容：
1)   应核查是否能够检测到以下攻击行为：端口扫描、强力攻击、木马后门攻击、拒绝服务攻击、缓冲区溢出攻击、 IP 碎片攻击和网络蠕虫攻击等。
2)   应核查相关系统或设备的规则库版本是否已经更新到最新版本。
3)   应核查相关系统或设备配置信息或安全策略是否能够覆盖网络所有关键节点。
d)   单元判定： 如果 1）～3）均为肯定，则符合本测评单元指标要求，否则不符合或部分符合本测评单元指标要求。",,,
L2|6.1.3.4|L2-ABS1-07|18,JR/T 0072—2020,measurement-unit,L2-ABS1-07 测评单元,Extracted,1,L2-ABS1-07,"测评单元（L2-ABS1-07）
该测评单元包括以下要求：
a)   测评指标： 应在关键网络节点处对恶意代码进行检测和清除，并维护恶意代码防护机制的升级和更新。
b)   测评对象： 防病毒网关和 UTM 等提供防恶意代码功能的系统或相关组件。
c)   测评实施包括以下内容：
1)   应核查在关键网络节点处是否部署防恶意代码产品等技术措施。
2)   应核查防恶意代码产品运行是否正常，恶意代码库是否已经更新到最新。
d)   单元判定：如果 1）和 2）均为肯定，则符合本测评单元指标要求，否则不符合或部分符合本测评单元指标要求。",,,
L2|6.1.3.4|L2-ABS1-08|19,JR/T 0072—2020,measurement-unit,L2-ABS1-08 测评单元,Extracted,1,L2-ABS1-08,"测评单元（L2-ABS1-08）
该测评单元包括以下要求：
a)   测评指标： 应在关键网络节点处对垃圾邮件进行检测和防护，并维护垃圾邮件防护机制的升级和更新 。（F2）
b)   测评对象： 提供防垃圾邮件功能的系统或相关组件。
c)   测评实施包括以下内容：
1)   应核查在关键网络节点处是否部署防垃圾邮件产品等技术措施。
2)   应核查防垃圾邮件策略是否更新到最新版本。
3)   应核查防垃圾邮件产品运行是否正常。
d)   单元判定： 如果 1）～3）均为肯定，则符合本测评单元指标要求，否则不符合或部分符合本测评单元指标要求。",,,
L2|6.1.3.5|L2-ABS1-09|19,JR/T 0072—2020,measurement-unit,L2-ABS1-09 测评单元,Extracted,1,L2-ABS1-09,"测评单元（L2-ABS1-09）
该测评单元包括以下要求：
a)   测评指标： 应在网络边界、 重要网络节点进行安全审计，审计覆盖到每个用户，对重要的用户行为和重要安全事件进行审计。
b)   测评对象： 综合安全审计系统等。
c)   测评实施包括以下内容：
1)   应核查是否部署了综合安全审计系统或类似功能的系统平台。
2)   应核查安全审计范围是否覆盖到每个用户。
3)   应核查是否对重要的用户行为和重要安全事件进行了审计。
d)   单元判定： 如果 1）～3）均为肯定，则符合本测评单元指标要求，否则不符合或部分符合本测评单元指标要求。",,,
L2|6.1.3.5|L2-ABS1-10|19,JR/T 0072—2020,measurement-unit,L2-ABS1-10 测评单元,Extracted,1,L2-ABS1-10,"测评单元（L2-ABS1-10）
该测评单元包括以下要求：
a)   测评指标： 审计记录应包括事件的日期和时间、 用户、事件类型、事件是否成功及其他与审计相关的信息。
b)   测评对象： 综合安全审计系统等。
c)   测评实施： 应核查审计记录是否包括事件的日期和时间、 用户、事件类型、事件是否成功及其他与审计相关的信息。
d)   单元判定： 如果以上测评实施内容为肯定，则符合本测评单元指标要求，否则不符合本测评单元指标要求。",,,
L2|6.1.3.5|L2-ABS1-11|19,JR/T 0072—2020,measurement-unit,L2-ABS1-11 测评单元,Extracted,1,L2-ABS1-11,"测评单元（L2-ABS1-11）
该测评单元包括以下要求：
a)   测评指标： 应对审计记录进行保护，定期备份，避免受到未预期的删除、修改或覆盖等。
b)   测评对象： 综合安全审计系统等。
c)   测评实施包括以下内容：
1)   应核查是否采取了技术措施对审计记录进行保护。
2)   应核查是否采取技术措施对审计记录进行定期备份，并核查其备份策略。
d)   单元判定：如果 1）和 2）均为肯定，则符合本测评单元指标要求，否则不符合或部分符合本测评单元指标要求。",,,
L2|6.1.4.1|L2-CES1-01|20,JR/T 0072—2020,measurement-unit,L2-CES1-01 测评单元,Extracted,1,L2-CES1-01,"测评单元（L2-CES1-01）
该测评单元包括以下要求：
a)   测评指标：应对登录的用户进行身份标识和鉴别，身份标识具有唯一性，静态口令应在 8 位以上，由字母、数字、 符号等混合组成并定期更换 。（F2）
b)   测评对象： 终端和服务器等设备中的操作系统（包括宿主机和虚拟机操作系统） 、 网络设备（包括虚拟网络设备） 、 安全设备（包括虚拟安全设备） 、 移动终端、 移动终端管理系统、 移动终端管理客户端、感知节点设备、 网关节点设备、控制设备、业务应用系统、 数据库管理系统、 中间件和系统管理软件及系统设计文档等。
c)   测评实施包括以下内容：
1)   应核查用户在登录时是否采用了身份鉴别措施。
2)   应核查用户列表确认用户身份标识是否具有唯一性。
3)   应核查用户配置信息不存在空口令用户。
4)   应核查用户静态口令是否在 8 位以上， 由字母、 数字、符号等混合组成并定期更换。
d)   单元判定： 如果 1）～4）均为肯定，则符合本测评单元指标要求，否则不符合或部分符合本测评单元指标要求。",,,
L2|6.1.4.1|L2-CES1-02|20,JR/T 0072—2020,measurement-unit,L2-CES1-02 测评单元,Extracted,1,L2-CES1-02,"测评单元（L2-CES1-02）
该测评单元包括以下要求：
a)   测评指标： 应具有登录失败处理功能，应配置并启用结束会话、 限制非法登录次数和当登录连接超时自动退出等相关措施。
b)   测评对象： 终端和服务器等设备中的操作系统（包括宿主机和虚拟机操作系统） 、 网络设备（包括虚拟网络设备） 、 安全设备（包括虚拟安全设备） 、 移动终端、 移动终端管理系统、 移动终端管理客户端、感知节点设备、 网关节点设备、控制设备、业务应用系统、 数据库管理系统、 中间件和系统管理软件及系统设计文档等。
c)   测评实施包括以下内容：
1)   应核查是否配置并启用了登录失败处理功能。
2)   应核查是否配置并启用了限制非法登录功能，非法登录达到一定次数后采取特定动作，如账户锁定等。
3)   应核查是否配置并启用了登录连接超时及自动退出功能。
d)   单元判定： 如果 1）～3）均为肯定，则符合本测评单元指标要求，否则不符合或部分符合本测评单元指标要求。",,,
L2|6.1.4.1|L2-CES1-03|20,JR/T 0072—2020,measurement-unit,L2-CES1-03 测评单元,Extracted,1,L2-CES1-03,"测评单元（L2-CES1-03）
该测评单元包括以下要求：
a)   测评指标： 当进行远程管理时，应采取必要措施防止鉴别信息在网络传输过程中被窃听。
b)   测评对象： 终端和服务器等设备中的操作系统（包括宿主机和虚拟机操作系统） 、 网络设备（包括虚拟网络设备） 、 安全设备（包括虚拟安全设备） 、 移动终端、 移动终端管理系统、 移动终端管理客户端、感知节点设备、 网关节点设备、控制设备、业务应用系统、 数据库管理系统、 中间件和系统管理软件及系统设计文档等。
c)   测评实施： 应核查是否采用加密等安全方式对系统进行远程管理， 防止鉴别信息在网络传输过程中被窃听。
d)   单元判定： 如果以上测评实施内容为肯定，则符合本测评单元指标要求，否则不符合本测评单元指标要求。",,,
L2|6.1.4.2|L2-CES1-05|21,JR/T 0072—2020,measurement-unit,L2-CES1-05 测评单元,Extracted,1,L2-CES1-05,"测评单元（L2-CES1-05）
该测评单元包括以下要求：
a)   测评指标： 应重命名或删除默认账户，修改默认账户或预设账户的默认口令 。（F2）
b)   测评对象： 终端和服务器等设备中的操作系统（包括宿主机和虚拟机操作系统） 、 网络设备（包括虚拟网络设备） 、 安全设备（包括虚拟安全设备） 、 移动终端、 移动终端管理系统、 移动终端管理客户端、感知节点设备、 网关节点设备、控制设备、业务应用系统、 数据库管理系统、 中间件和系统管理软件及系统设计文档等。
c)   测评实施包括以下内容：
1)   应核查是否已经重命名或删除默认账户。
2)   应核查是否已修改默认账户或预设账户的默认口令。
d)   单元判定：如果 1）或 2）为肯定，则符合本测评单元指标要求，否则不符合或部分符合本测评单元指标要求。",,,
L2|6.1.4.2|L2-CES1-06|21,JR/T 0072—2020,measurement-unit,L2-CES1-06 测评单元,Extracted,1,L2-CES1-06,"测评单元（L2-CES1-06）
该测评单元包括以下要求：
a)   测评指标： 应及时删除或停用多余的、过期的账户，避免共享账户的存在。
b)   测评对象： 终端和服务器等设备中的操作系统（包括宿主机和虚拟机操作系统） 、 网络设备（包括虚拟网络设备） 、 安全设备（包括虚拟安全设备） 、 移动终端、 移动终端管理系统、 移动终端管理客户端、感知节点设备、 网关节点设备、控制设备、业务应用系统、 数据库管理系统、 中间件和系统管理软件及系统设计文档等。
c)   测评实施包括以下内容：
1)   应核查是否不存在多余或过期账户，管理员用户与账户之间是否一一对应。
2)   应核查并测试多余的、 过期的账户是否被删除或停用。
d)   单元判定：如果 1）和 2）均为肯定，则符合本测评单元指标要求，否则不符合或部分符合本测评单元指标要求。",,,
L2|6.1.4.2|L2-CES1-07|22,JR/T 0072—2020,measurement-unit,L2-CES1-07 测评单元,Extracted,1,L2-CES1-07,"测评单元（L2-CES1-07）
该测评单元包括以下要求：
a)   测评指标： 应授予管理用户所需的最小权限，实现管理用户的权限分离。
b)   测评对象： 终端和服务器等设备中的操作系统（包括宿主机和虚拟机操作系统） 、 网络设备（包括虚拟网络设备） 、 安全设备（包括虚拟安全设备） 、 移动终端、 移动终端管理系统、 移动终端管理客户端、感知节点设备、 网关节点设备、控制设备、业务应用系统、 数据库管理系统、 中间件和系统管理软件及系统设计文档等。
c)   测评实施包括以下内容：
1)   应核查是否进行角色划分。
2)   应核查管理用户的权限是否已进行分离。
3)   应核查管理用户权限是否为其工作任务所需的最小权限。
d)   单元判定： 如果 1）～3）均为肯定，则符合本测评单元指标要求，否则不符合或部分符合本测评单元指标要求。",,,
L2|6.1.4.2|L2-CES1-08|22,JR/T 0072—2020,measurement-unit,L2-CES1-08 测评单元,Extracted,1,L2-CES1-08,"测评单元（L2-CES1-08）
该测评单元包括以下要求：
a)   测评指标： 应严格限制默认账户或预设账户的权限，如默认账户和预设账户的权限应为空权限或某单一功能专用权限等 。（F2）
b)   测评对象： 终端和服务器等设备中的操作系统（包括宿主机和虚拟机操作系统） 、 网络设备（包括虚拟网络设备） 、 安全设备（包括虚拟安全设备） 、 移动终端、 移动终端管理系统、 移动终端管理客户端、感知节点设备、 网关节点设备、控制设备、业务应用系统、 数据库管理系统、 中间件和系统管理软件及系统设计文档等。
c)   测评实施： 应核查是否严格限制默认账户或预设账户的权限，如将默认账户或预设账户的权限设置为空权限或某单一功能专用权限等。
d)   单元判定： 如果以上测评实施内容为肯定，则符合本测评单元指标要求，否则不符合本测评单元指标要求。",,,
L2|6.1.4.3|L2-CES1-09|22,JR/T 0072—2020,measurement-unit,L2-CES1-09 测评单元,Extracted,1,L2-CES1-09,"测评单元（L2-CES1-09）
该测评单元包括以下要求：
a)   测评指标： 应提供安全审计功能，审计应覆盖到每个用户，对重要的用户行为和重要安全事件进行审计。
b)   测评对象： 终端和服务器等设备中的操作系统（包括宿主机和虚拟机操作系统） 、 网络设备（包括虚拟网络设备） 、 安全设备（包括虚拟安全设备） 、 移动终端、 移动终端管理系统、 移动终端管理客户端、感知节点设备、 网关节点设备、控制设备、业务应用系统、 数据库管理系统、 中间件和系统管理软件及系统设计文档等。
c)   测评实施包括以下内容：
1)   应核查是否提供并开启了安全审计功能。
2)   应核查安全审计范围是否覆盖到每个用户。
3)   应核查是否对重要的用户行为和重要安全事件进行审计。
d)   单元判定： 如果 1）～3）均为肯定，则符合本测评单元指标要求，否则不符合或部分符合本测评单元指标要求。",,,
L2|6.1.4.3|L2-CES1-10|22,JR/T 0072—2020,measurement-unit,L2-CES1-10 测评单元,Extracted,1,L2-CES1-10,"测评单元（L2-CES1-10）
该测评单元包括以下要求：
a)   测评指标： 审计记录应包括事件的日期和时间、 用户、事件类型、事件是否成功及其他与审计相关的信息。
b)   测评对象： 终端和服务器等设备中的操作系统（包括宿主机和虚拟机操作系统） 、 网络设备（包括虚拟网络设备） 、 安全设备（包括虚拟安全设备） 、 移动终端、 移动终端管理系统、 移动终端管理客户端、感知节点设备、 网关节点设备、控制设备、业务应用系统、 数据库管理系统、 中间件和系统管理软件及系统设计文档等。
c)   测评实施： 应核查审计记录信息是否包括事件的日期和时间、用户、事件类型、事件是否成功及其他与审计相关的信息。
d)   单元判定： 如果以上测评实施内容为肯定，则符合本测评单元指标要求，否则不符合本测评单元指标要求。",,,
L2|6.1.4.3|L2-CES1-11|23,JR/T 0072—2020,measurement-unit,L2-CES1-11 测评单元,Extracted,1,L2-CES1-11,"测评单元（L2-CES1-11）
该测评单元包括以下要求：
a)   测评指标： 应对审计记录进行保护，定期备份，避免受到未预期的删除、修改或覆盖等，审计记录保存时间应不少于 6 个月 。（F2）
b)   测评对象： 终端和服务器等设备中的操作系统（包括宿主机和虚拟机操作系统） 、 网络设备（包括虚拟网络设备） 、 安全设备（包括虚拟安全设备） 、 移动终端、 移动终端管理系统、 移动终端管理客户端、感知节点设备、 网关节点设备、控制设备、业务应用系统、 数据库管理系统、 中间件和系统管理软件及系统设计文档等。
c)   测评实施包括以下内容：
1)   应核查是否采取了保护措施对审计记录进行保护。
2)   应核查是否采取技术措施对审计记录进行定期备份，并核查其备份策略。
3)   应核查审计记录保存时间是否不少于 6 个月。
d)   单元判定： 如果 1）～3）均为肯定，则符合本测评单元指标要求，否则不符合或部分符合本测评单元指标要求。",,,
L2|6.1.4.3|L2-CES1-12|23,JR/T 0072—2020,measurement-unit,L2-CES1-12 测评单元,Extracted,1,L2-CES1-12,"测评单元（L2-CES1-12）
该测评单元包括以下要求：
a)   测评指标： 审计记录产生时的时间应由系统范围内唯一确定的时钟产生， 以确保审计分析的一致性与正确性 。（F2）
b)   测评对象： 时钟服务器、 终端和服务器等设备中的操作系统（包括宿主机和虚拟机操作系统） 、网络设备（包括虚拟网络设备） 、 安全设备（包括虚拟安全设备） 、移动终端、 移动终端管理系统、 移动终端管理客户端、 感知节点设备、 网关节点设备、控制设备、业务应用系统、 数据库管理系统、 中间件和系统管理软件及系统设计文档等。
c)   测评实施包括以下内容：
1)   应核查是否具有唯一确定的时钟同步服务器。
2)   应核查系统的时间与时钟同步服务器时间是否一致。
d)   单元判定：如果 1）和 2）均为肯定，则符合本测评单元指标要求，否则不符合或部分符合本测评单元指标要求。",,,
L2|6.1.4.4|L2-CES1-13|23,JR/T 0072—2020,measurement-unit,L2-CES1-13 测评单元,Extracted,1,L2-CES1-13,"测评单元（L2-CES1-13）
该测评单元包括以下要求：
a)   测评指标： 应遵循最小安装的原则，仅安装需要的组件和应用程序。
b)   测评对象： 终端和服务器等设备中的操作系统（包括宿主机和虚拟机操作系统） 、 网络设备（包括虚拟网络设备） 、 安全设备（包括虚拟安全设备） 、 移动终端、 移动终端管理系统、 移动终端管理客户端、 感知节点设备、 网关节点设备和控制设备等。
c)   测评实施包括以下内容：
1)   应核查是否遵循最小安装原则。
2)   应核查是否未安装非必要的组件和应用程序。
d)   单元判定：如果 1）和 2）均为肯定，则符合本测评单元指标要求，否则不符合或部分符合本测评单元指标要求。",,,
L2|6.1.4.4|L2-CES1-14|24,JR/T 0072—2020,measurement-unit,L2-CES1-14 测评单元,Extracted,1,L2-CES1-14,"测评单元（L2-CES1-14）
该测评单元包括以下要求：
a)   测评指标： 应关闭不需要的系统服务、 默认共享和高危端口。
b)   测评对象： 终端和服务器等设备中的操作系统（包括宿主机和虚拟机操作系统） 、 网络设备（包括虚拟网络设备） 、 安全设备（包括虚拟安全设备） 、 移动终端、 移动终端管理系统、 移动终端管理客户端、 感知节点设备、 网关节点设备和控制设备等。
c)   测评实施包括以下内容：
1)   应核查是否关闭了非必要的系统服务和默认共享。
2)   应核查是否不存在非必要的高危端口。
d)   单元判定：如果 1）和 2）均为肯定，则符合本测评单元指标要求，否则不符合或部分符合本测评单元指标要求。",,,
L2|6.1.4.4|L2-CES1-15|24,JR/T 0072—2020,measurement-unit,L2-CES1-15 测评单元,Extracted,1,L2-CES1-15,"测评单元（L2-CES1-15）
该测评单元包括以下要求：
a)   测评指标： 应通过设定终端接入方式或网络地址范围对通过网络进行管理的管理终端进行限制。
b)   测评对象： 终端和服务器等设备中的操作系统（包括宿主机和虚拟机操作系统） 、 网络设备（包括虚拟网络设备） 、 安全设备（包括虚拟安全设备） 、 移动终端、 移动终端管理系统、 移动终端管理客户端、 感知节点设备、 网关节点设备和控制设备等。
c)   测评实施： 应核查配置文件或参数是否对终端接入范围进行限制。
d)   单元判定： 如果以上测评实施内容为肯定，则符合本测评单元指标要求，否则不符合本测评单元指标要求。",,,
L2|6.1.4.4|L2-CES1-17|24,JR/T 0072—2020,measurement-unit,L2-CES1-17 测评单元,Extracted,1,L2-CES1-17,"测评单元（L2-CES1-17）
该测评单元包括以下要求：
a)   测评指标： 应能发现可能存在的已知漏洞，并在经过充分测试评估后，及时修补漏洞。
b)   测评对象： 终端和服务器等设备中的操作系统（包括宿主机和虚拟机操作系统） 、 网络设备（包括虚拟网络设备） 、 安全设备（包括虚拟安全设备） 、 移动终端、 移动终端管理系统、 移动终端管理客户端、感知节点设备、 网关节点设备、控制设备、控制设备、业务应用系统、 数据库管理系统、 中间件和系统管理软件等。
c)   测评实施包括以下内容：
1)   应核查是否不存在高风险漏洞，如通过漏洞扫描、渗透测试等方式。
2)   应核查是否在经过充分测试评估后及时修补漏洞。
d)   单元判定：如果 1）和 2）均为肯定，则符合本测评单元指标要求，否则不符合或部分符合本测评单元指标要求。",,,
L2|6.1.4.4|L2-CES1-18|24,JR/T 0072—2020,measurement-unit,L2-CES1-18 测评单元,Extracted,1,L2-CES1-18,"测评单元（L2-CES1-18）
该测评单元包括以下要求：
a)   测评指标：应能够检测到对重要节点进行入侵的行为，并在发生严重入侵事件时提供报警 。（F2）
b)   测评对象： 终端和服务器等设备中的操作系统（包括宿主机和虚拟机操作系统） 、 网络设备（包括虚拟网络设备） 、 安全设备（包括虚拟安全设备） 、 移动终端、 移动终端管理系统、 移动终端管理客户端、感知节点设备、 网关节点设备、控制设备、控制设备、业务应用系统、 数据库管理系统、 中间件和系统管理软件等。
c)   测评实施包括以下内容：
1)   应核查是否采取技术措施对重要节点进行入侵检测。
2)   应核查是否能对严重入侵事件进行报警，如通过声音、 邮件、 短信等方式。
d)   单元判定：如果 1）和 2）均为肯定，则符合本测评单元指标要求，否则不符合或部分符合本测评单元指标要求。",,,
L2|6.1.4.4|L2-CES1-19|25,JR/T 0072—2020,measurement-unit,L2-CES1-19 测评单元,Extracted,1,L2-CES1-19,"测评单元（L2-CES1-19）
该测评单元包括以下要求：
a)   测评指标： 所有安全计算环境设备应全部专用化，不得进行与业务不相关的操作 。（F2）
b)   测评对象： 终端和服务器等设备中的操作系统（包括宿主机和虚拟机操作系统） 、 网络设备（包括虚拟网络设备） 、 安全设备（包括虚拟安全设备） 、 移动终端、 移动终端管理系统、 移动终端管理客户端、感知节点设备、 网关节点设备、控制设备、业务应用系统、 数据库管理系统、 中间件和系统管理软件等。
c)   测评实施包括以下内容：
1)   应核查各安全计算环境设备的业务用途是否专用化。
2)   应核查各安全计算环境设备是否未进行过与业务用途不相关的操作。
d)   单元判定：如果 1）和 2）均为肯定，则符合本测评单元指标要求，否则不符合或部分符合本测评单元指标要求。",,,
L2|6.1.4.9|L2-CES1-25|26,JR/T 0072—2020,measurement-unit,L2-CES1-25 测评单元,Extracted,1,L2-CES1-25,"测评单元（L2-CES1-25）
该测评单元包括以下要求：
a)   测评指标： 应提供重要数据的本地数据备份与恢复功能。
b)   测评对象： 业务系统、 网络设备，操作系统、 数据库等配置数据。
c)   测评实施包括以下内容：
1)   应核查是否按照备份策略进行本地备份。
2)   应核查备份策略设置是否合理、配置是否正确。
3)   应核查备份结果是否与备份策略一致。
4)   应核查近期恢复测试记录是否能够进行正常的数据恢复。
d)   单元判定： 如果 1）～4）均为肯定，则符合本测评单元指标要求，否则不符合或部分符合本测评单元指标要求。",,,
L2|6.1.4.9|L2-CES1-26|26,JR/T 0072—2020,measurement-unit,L2-CES1-26 测评单元,Extracted,1,L2-CES1-26,"测评单元（L2-CES1-26）
该测评单元包括以下要求：
a)   测评指标： 应提供异地数据备份功能，利用通信网络将重要数据定时批量传送至备用场地。
b)   测评对象： 配置数据和业务数据。
c)   测评实施： 应核查是否提供异地数据备份功能，并通过通信网络将重要配置数据、 重要业务数据定时批量传送至备份场地。
d)   单元判定： 如果以上测评实施内容为肯定，则符合本测评单元指标要求，否则不符合本测评单元指标要求。",,,
L2|6.1.5.1|L2-SMC1-01|29,JR/T 0072—2020,measurement-unit,L2-SMC1-01 测评单元,Extracted,1,L2-SMC1-01,"测评单元（L2-SMC1-01）
该测评单元包括以下要求：
a)   测评指标： 应对系统管理员进行身份鉴别， 只允许其通过特定的命令或操作界面进行系统管理操作，并对这些操作进行审计。
b)   测评对象： 提供集中系统管理功能的系统。
c)   测评实施包括以下内容：
1)   应核查是否对系统管理员进行身份鉴别。
2)   应核查是否只允许系统管理员通过特定的命令或操作界面进行系统管理操作。
3)   应核查是否对系统管理的操作进行审计。
d)   单元判定： 如果 1）～3）均为肯定，则符合本测评单元指标要求，否则不符合或部分符合本测评单元指标要求。",,,
L2|6.1.5.1|L2-SMC1-02|29,JR/T 0072—2020,measurement-unit,L2-SMC1-02 测评单元,Extracted,1,L2-SMC1-02,"测评单元（L2-SMC1-02）
该测评单元包括以下要求：
a)   测评指标： 应通过系统管理员对系统的资源和运行进行配置、控制和管理，包括用户身份、 系统资源配置、 系统加载和启动、 系统运行的异常处理、数据和设备的备份与恢复等。
b)   测评对象： 提供集中系统管理功能的系统。
c)   测评实施： 应核查是否通过系统管理员对系统的资源和运行进行配置、控制和管理，包括用户身份、 系统资源配置、 系统加载和启动、 系统运行的异常处理、数据和设备的备份与恢复等。
d)   单元判定： 如果以上测评实施内容为肯定，则符合本测评单元指标要求，否则不符合本测评单元指标要求。",,,
L2|6.1.5.1|L2-SMC1-03|29,JR/T 0072—2020,measurement-unit,L2-SMC1-03 测评单元,Extracted,1,L2-SMC1-03,"测评单元（L2-SMC1-03）
该测评单元包括以下要求：
a)   测评指标： 应每月对设备的配置文件进行备份，发生变动时应及时备份 。（F2）
b)   测评对象： 提供集中系统管理功能的系统。
c)   测评实施包括以下内容：
1)   应核查是否每月对设备的配置文件进行备份。
2)   应核查系统发生变动时是否及时备份。
d)   单元判定：如果 1）和 2）均为肯定，则符合本测评单元指标要求，否则不符合或部分符合本测评单元指标要求。",,,
L2|6.1.5.1|L2-SMC1-04|30,JR/T 0072—2020,measurement-unit,L2-SMC1-04 测评单元,Extracted,1,L2-SMC1-04,"测评单元（L2-SMC1-04）
该测评单元包括以下要求：
a)   测评指标： 应定期对设备运行状况进行监测 。（F2）
b)   测评对象： 系统管理员、监测记录。
c)   测评实施： 应核查是否定期对设备运行状况进行监测。
d)   单元判定： 如果以上测评实施内容为肯定，则符合本测评单元指标要求，否则不符合本测评单元指标要求。",,,
L2|6.1.5.1|L2-SMC1-05|30,JR/T 0072—2020,measurement-unit,L2-SMC1-05 测评单元,Extracted,1,L2-SMC1-05,"测评单元（L2-SMC1-05）
该测评单元包括以下要求：
a)   测评指标： 应定期检验设备的软件版本信息，并留存记录 。（F2）
b)   测评对象： 系统管理员、测试验证记录。
c)   测评实施： 应核查是否对设备的版本进行定期更新，并核查测试验证记录，判断是否定期对版本进行有效测试验证。
d)   单元判定： 如果以上测评实施内容为肯定，则符合本测评单元指标要求，否则不符合本测评单元指标要求。",,,
L2|6.1.5.1|L2-SMC1-06|30,JR/T 0072—2020,measurement-unit,L2-SMC1-06 测评单元,Extracted,1,L2-SMC1-06,"测评单元（L2-SMC1-06）
该测评单元包括以下要求：
a)   测评指标： 应提供数据备份与恢复功能，增量数据备份至少每天一次 。（F2）
b)   测评对象： 提供集中系统管理功能的系统。
c)   测评实施：
1)   应核查是否提供数据备份与恢复功能。
2)   应核查增量数据备份是否至少每天一次。
d)   单元判定：如果 1）和 2）均为肯定，则符合本测评单元指标要求，否则不符合或部分符合本测评单元指标要求。",,,
L2|6.1.5.2|L2-SMC1-07|30,JR/T 0072—2020,measurement-unit,L2-SMC1-07 测评单元,Extracted,1,L2-SMC1-07,"测评单元（L2-SMC1-07）
该测评单元包括以下要求：
a)   测评指标： 应对审计管理员进行身份鉴别， 只允许其通过特定的命令或操作界面进行安全审计操作，并对这些操作进行审计。
b)   测评对象： 综合安全审计系统、 数据库审计系统等提供集中审计功能的系统。
c)   测评实施包括以下内容：
1)   应核查是否对审计管理员进行身份鉴别。
2)   应核查是否只允许审计管理员通过特定的命令或操作界面进行安全审计操作。
3)   应核查是否对审计管理员的操作进行审计。
d)   单元判定： 如果 1）～3）均为肯定，则符合本测评单元指标要求，否则不符合或部分符合本测评单元指标要求。",,,
L2|6.1.5.2|L2-SMC1-08|30,JR/T 0072—2020,measurement-unit,L2-SMC1-08 测评单元,Extracted,1,L2-SMC1-08,"测评单元（L2-SMC1-08）
该测评单元包括以下要求：
a)   测评指标： 应通过审计管理员对审计记录进行分析，并根据分析结果进行处理，包括根据安全审计策略对审计记录进行存储、 管理和查询等。
b)   测评对象： 综合安全审计系统、 数据库审计系统等提供集中审计功能的系统。
c)   测评实施： 应核查是否通过审计管理员对审计记录进行分析，并根据分析结果进行处理，包括根据安全审计策略对审计记录进行存储、 管理和查询等。
d)   单元判定： 如果以上测评实施内容为肯定，则符合本测评单元指标要求，否则不符合本测评单元指标要求。",,,
L2|6.2.2.1|L2-CNS2-02|60,JR/T 0072—2020,measurement-unit,L2-CNS2-02 测评单元,Extracted,1,L2-CNS2-02,"测评单元（L2-CNS2-02）
该测评单元包括以下要求：
a)   测评指标： 应实现不同云服务客户虚拟网络之间的隔离。
b)   测评对象： 网络资源隔离措施、 综合网管系统和云管理平台。
c)   测评实施包括以下内容：
1)   应核查云服务客户之间是否采取网络隔离措施。
2)   应核查云服务客户之间是否设置并启用网络资源隔离策略。
d)   单元判定： 如果1）和2）均为肯定，则符合本测评单元指标要求，否则不符合或部分符合本测评单元指标要求。",,,
L2|6.2.2.1|L2-CNS2-03|60,JR/T 0072—2020,measurement-unit,L2-CNS2-03 测评单元,Extracted,1,L2-CNS2-03,"测评单元（L2-CNS2-03）
该测评单元包括以下要求：
a)   测评指标： 应具有根据云服务客户业务需求提供通信传输、边界防护、入侵防范等安全机制的能力。
b)   测评对象： 防火墙、入侵检测系统等安全设备或相关组件。
c)   测评实施包括以下内容：
1)   应核查云计算平台是否具备为云服务客户提供通信传输、边界防护、入侵防范等安全防护机制的能力。
2)   应核查上述安全防护机制是否满足云服务客户的业务需求。
d)   单元判定： 如果1）和2）均为肯定，则符合本测评单元指标要求，否则不符合或部分符合本测评单元指标要求。",,,
L2|6.2.3.1|L2-ABS2-01|61,JR/T 0072—2020,measurement-unit,L2-ABS2-01 测评单元,Extracted,1,L2-ABS2-01,"测评单元（L2-ABS2-01）
该测评单元包括以下要求：
a)   测评指标： 应在虚拟化网络边界部署访问控制机制，并设置访问控制规则。
b)   测评对象： 访问控制机制、 网络边界设备和虚拟化网络边界设备。
c)   测评实施包括以下内容：
1)   应核查是否在虚拟化网络边界部署访问控制机制，并设置访问控制规则。
2)   应核查是否设置了云计算平台和云服务客户业务系统虚拟化网络边界访问控制规则和访问控制策略等。
3)   应核查是否设置了云计算平台的网络边界设备或虚拟化网络边界设备安全保障机制、访问控制规则和访问控制策略等。
4)   应核查是否设置了不同云服务客户间访问控制规则和访问控制策略等。
5)   应核查是否设置了云服务客户不同安全保护等级业务系统之间访问控制规则和访问控制策略等。
d)   单元判定： 如果1） ～5）均为肯定，则符合本测评单元指标要求，否则不符合或部分符合本测评单元指标要求。",,,
L2|6.2.3.1|L2-ABS2-02|61,JR/T 0072—2020,measurement-unit,L2-ABS2-02 测评单元,Extracted,1,L2-ABS2-02,"测评单元（L2-ABS2-02）
该测评单元包括以下要求：
a)   测评指标： 应在不同等级的网络区域边界部署访问控制机制，设置访问控制规则。
b)   测评对象： 访问控制机制、 网络边界设备和虚拟化网络边界设备。
c)   测评实施包括以下内容：
1)   应核查是否在不同等级的网络区域边界部署访问控制机制，设置访问控制规则。
2)   应核查不同安全等级网络区域边界的访问控制规则和访问控制策略是否有效。
d)   单元判定： 如果1）和2）均为肯定，则符合本测评单元指标要求，否则不符合或部分符合本测评单元指标要求。",,,
L2|6.2.3.2|L2-ABS2-03|61,JR/T 0072—2020,measurement-unit,L2-ABS2-03 测评单元,Extracted,1,L2-ABS2-03,"测评单元（L2-ABS2-03）
该测评单元包括以下要求：
a)   测评指标： 应能检测到云服务客户发起的网络攻击行为，并能记录攻击类型、 攻击时间、 攻击流量等。
b)   测评对象：抗APT攻击系统、网络回溯系统、威胁情报检测系统、抗DDoS攻击系统和入侵保护系统或相关组件。
c)   测评实施包括以下内容：
1)   应核查是否采取了入侵防范措施对网络入侵行为进行防范，如部署抗 APT 攻击系统、 网络回溯系统和网络入侵保护系统等入侵防范设备或相关组件。
2)   应核查部署的抗 APT 攻击系统、 网络入侵保护系统等入侵防范设备或相关组件的规则库升级方式，核查规则库是否进行及时更新。
3)   应核查部署的抗 APT 攻击系统、 网络入侵保护系统等入侵防范设备或相关组件是否具备异常流量、 大规模攻击流量、 高级持续性攻击的检测功能， 以及报警功能和清洗处置功能。
4)   应核查抗 APT 攻击系统、网络入侵保护系统等入侵防范设备或相关组件是否具有对 SQL 注入、跨站脚本等攻击行为的发现和阻断能力。
5)   应核查抗 APT 攻击系统、 网络入侵保护系统等入侵防范设备或相关组件是否能够检测出具有恶意行为、过分占用计算资源和带宽资源等恶意行为的虚拟机。
6)   应核查云管理平台对云服务客户攻击行为的防范措施，核查是否能够对云服务客户的网络攻击行为进行记录，记录应包括攻击类型、 攻击时间和攻击流量等内容。
7)   应核查云管理平台或入侵防范设备是否能够对云计算平台内部发起的恶意攻击或恶意外连行为进行限制，核查是否能够对内部行为进行监控。
8)   通过对外攻击发生器伪造对外攻击行为，核查云租户的网络攻击日志，确认是否正确记录相应的攻击行为，攻击行为日志记录是否包含攻击类型、攻击时间、攻击者 IP 和攻击流量规模等内容。
9)   应核查运行虚拟机监控器（VMM）和云管理平台软件的物理主机，确认其安全加固手段是否能够避免或减少虚拟化共享带来的安全漏洞。
d)   单元判定： 如果1） ～9）均为肯定，则符合本测评单元指标要求，否则不符合或部分符合本测评单元指标要求。",,,
L2|6.2.3.2|L2-ABS2-04|62,JR/T 0072—2020,measurement-unit,L2-ABS2-04 测评单元,Extracted,1,L2-ABS2-04,"测评单元（L2-ABS2-04）
该测评单元包括以下要求：
a)   测评指标： 应能检测到对虚拟网络节点的网络攻击行为，并能记录攻击类型、 攻击时间、 攻击流量等。
b)   测评对象：抗APT攻击系统、网络回溯系统、威胁情报检测系统、抗DDoS攻击系统和入侵保护系统或相关组件。
c)   测评实施包括以下内容：
1)   应核查是否部署网络攻击行为检测设备或相关组件对虚拟网络节点的网络攻击行为进行防范，并能记录攻击类型、攻击时间、 攻击流量等。
2)   应核查网络攻击行为检测设备或相关组件的规则库是否为最新。
d)   单元判定： 如果1）和2）均为肯定，则符合本测评单元指标要求，否则不符合或部分符合本测评单元指标要求。",,,
L2|6.2.3.2|L2-ABS2-05|62,JR/T 0072—2020,measurement-unit,L2-ABS2-05 测评单元,Extracted,1,L2-ABS2-05,"测评单元（L2-ABS2-05）
该测评单元包括以下要求：
a)   测评指标： 应能检测到虚拟机与宿主机、 虚拟机与虚拟机之间的异常流量。
b)   测评对象：虚拟机、宿主机、抗APT攻击系统、 网络回溯系统、威胁情报检测系统、抗DDoS攻击系统和入侵保护系统或相关组件。
c)   测评实施： 应核查是否具备虚拟机与宿主机之间、 虚拟机与虚拟机之间的异常流量的检测功能。
d)   单元判定： 如果以上测评实施内容为肯定，则符合本测评单元指标要求，否则不符合本测评单元指标要求。",,,
L2|6.2.3.3|L2-ABS2-06|62,JR/T 0072—2020,measurement-unit,L2-ABS2-06 测评单元,Extracted,1,L2-ABS2-06,"测评单元（L2-ABS2-06）
该测评单元包括以下要求：
a)   测评指标： 应对云服务商和云服务客户在远程管理时执行的特权命令进行审计，至少包括虚拟机删除、虚拟机重启。
b)   测评对象： 堡垒机和相关组件。
c)   测评实施： 应核查云服务商（含第三方运维服务商）和云服务客户在远程管理时执行的远程特权命令是否有相关审计记录。
d)   单元判定： 如果以上测评实施内容为肯定，则符合本测评单元指标要求，否则不符合本测评单元指标要求。",,,
L2|6.2.3.3|L2-ABS2-07|63,JR/T 0072—2020,measurement-unit,L2-ABS2-07 测评单元,Extracted,1,L2-ABS2-07,"测评单元（L2-ABS2-07）
该测评单元包括以下要求：
a)   测评指标： 应保证云服务商对云服务客户系统和数据的操作可被云服务客户审计。
b)   测评对象： 综合审计系统或相关组件。
c)   测评实施： 应核查是否能够保证云服务商对云服务客户系统和数据的操作（如增、删、 改、 查等操作）可被云服务客户审计。
d)   单元判定： 如果以上测评实施内容为肯定，则符合本测评单元指标要求，否则不符合本测评单元指标要求。",,,
L2|6.3.2.1|L2-CNS3-01|67,JR/T 0072—2020,measurement-unit,L2-CNS3-01 测评单元,Extracted,1,L2-CNS3-01,"测评单元（L2-CNS3-01）
该测评单元包括以下要求：
a)   测评指标： 应在移动终端与服务器之间建立安全的信息传输通道 ，并进行双向认证 ，例如使用有效安全版本的 TLS 或 IPSec 等协议 。（F2）
b)   测评对象： 路由器、 交换机、 无线接入设备和防火墙等提供网络通信功能的设备或相关组件的协议。
c)   测评实施： 应劫持移动端与服务器之间传输协议，核查是否进行双向认证、传输协议类型和版本是否安全。
d)   单元判定： 如果以上测评实施内容为肯定，则符合本测评单元指标要求，否则不符合本测评单元指标要求。",,,
L2|6.3.3.1|L2-ABS3-01|67,JR/T 0072—2020,measurement-unit,L2-ABS3-01 测评单元,Extracted,1,L2-ABS3-01,"测评单元（L2-ABS3-01）
该测评单元包括以下要求：
a)   测评指标： 应保证有线网络与无线网络边界之间的访问和数据流通过无线接入网关设备。
b)   测评对象： 无线接入网关设备。
c)   测评实施： 应核查有线网络与无线网络边界之间是否部署无线接入网关设备。
d)   单元判定： 如果以上测评实施内容为肯定，则符合本测评单元指标要求，否则不符合本测评单元指标要求。",,,
L2|6.3.3.3|L2-ABS3-03|68,JR/T 0072—2020,measurement-unit,L2-ABS3-03 测评单元,Extracted,1,L2-ABS3-03,"测评单元（L2-ABS3-03）
该测评单元包括以下要求：
a)   测评指标： 应能够检测到非授权无线接入设备和非授权移动终端的接入行为。
b)   测评对象： 终端准入控制系统、 移动终端管理系统或相关组件。
c)   测评实施： 应核查是否能够检测非授权无线接入设备和移动终端的接入行为。
d)   单元判定： 如果以上测评实施内容为肯定，则符合本测评单元指标要求，否则不符合本测评单元指标要求。",,,
L2|6.3.3.3|L2-ABS3-04|68,JR/T 0072—2020,measurement-unit,L2-ABS3-04 测评单元,Extracted,1,L2-ABS3-04,"测评单元（L2-ABS3-04）
该测评单元包括以下要求：
a)   测评指标： 应能够检测到针对无线接入设备的网络扫描、DDoS 攻击、密钥破解、 中间人攻击和欺骗攻击等行为。
b)   测评对象： 入侵保护系统或相关组件。
c)   测评实施包括以下内容：
1)   应核查是否能够对网络扫描、DDoS 攻击、密钥破解、中间人攻击和欺骗攻击等行为进行检测。
2)   应核查规则库版本是否及时更新。
d)   单元判定：如果 1）和 2）均为肯定，则符合本测评单元指标要求，否则不符合或部分符合本测评单元指标要求。",,,
L2|6.3.3.3|L2-ABS3-05|68,JR/T 0072—2020,measurement-unit,L2-ABS3-05 测评单元,Extracted,1,L2-ABS3-05,"测评单元（L2-ABS3-05）
该测评单元包括以下要求：
a)   测评指标： 应能够检测到无线接入设备的SSID 广播、WPS 等高风险功能的开启状态。
b)   测评对象： 无线接入设备或相关组件。
c)   测评实施： 应核查是否能够检测无线接入设备的SSID 广播、WPS 等高风险功能的开启状态。
d)   单元判定： 如果以上测评实施内容为肯定，则符合本测评单元指标要求，否则不符合本测评单元指标要求。",,,
L2|6.3.3.3|L2-ABS3-06|68,JR/T 0072—2020,measurement-unit,L2-ABS3-06 测评单元,Extracted,1,L2-ABS3-06,"测评单元（L2-ABS3-06）
该测评单元包括以下要求：
a)   测评指标： 应禁用无线接入设备和无线接入网关存在风险的功能，如： SSID 广播、WEP 认证等。
b)   测评对象： 无线接入设备和无线接入网关设备。
c)   测评实施： 应核查是否关闭了SSID 广播、WEP 认证等存在风险的功能。
d)   单元判定： 如果以上测评实施内容为肯定，则符合本测评单元指标要求，否则不符合本测评单元指标要求。",,,
L2|6.3.3.3|L2-ABS3-07|68,JR/T 0072—2020,measurement-unit,L2-ABS3-07 测评单元,Extracted,1,L2-ABS3-07,"测评单元（L2-ABS3-07）
该测评单元包括以下要求：
a)   测评指标： 应禁止多个 AP 使用同一个鉴别密钥。
b)   测评对象： 无线接入设备。
c)   测评实施： 应核查是否分别使用了不同的鉴别密钥。
d)   单元判定： 如果以上测评实施内容为肯定，则符合本测评单元指标要求，否则不符合本测评单元指标要求。",,,
L2|6.4.2.1|L2-ABS4-01|72,JR/T 0072—2020,measurement-unit,L2-ABS4-01 测评单元,Extracted,1,L2-ABS4-01,"测评单元（L2-ABS4-01）
该测评单元包括以下要求：
a)   测评指标： 应保证只有授权的感知节点可以接入。
b)   测评对象： 感知节点设备和设计文档。
c)   测评实施包括以下内容：
1)   应核查感知节点设备接入机制设计文档是否包括防止非法的感知节点设备接入网络的机制以及身份鉴别机制的描述。
2)   应对边界和感知层网络进行渗透测试，测试验证是否不存在绕过白名单或相关接入控制措施以及身份鉴别机制的方法。
d)   单元判定：如果 1）和 2）均为肯定，则符合本测评单元指标要求，否则不符合或部分符合本测评单元指标要求。",,,
L2|6.4.2.1|L2-ABS4-02|72,JR/T 0072—2020,measurement-unit,L2-ABS4-02 测评单元,Extracted,1,L2-ABS4-02,"测评单元（L2-ABS4-02）
该测评单元包括以下要求：
a)   测评指标： 每个感知节点和感知网关节点应具备传感网络中唯一标识，且该标识不应被非授权访问所篡改 。（F2）
b)   测评对象： 感知节点和感知网关节点设备的功能和系统设计文档、产品白皮书。
c)   测评实施包括以下内容：
1)   应核查感知节点和感知网关节点设备的功能和系统设计文档、产品白皮书，是否可创建永久唯一标识符。
2)   应核查感知节点和感知网关节点设备，创建的传感网络中唯一标识是否不可被非授权访问所篡改。
d)   单元判定：如果 1）和 2）均为肯定，则符合本测评单元指标要求，否则不符合或部分符合本测评单元指标要求。",,,
L2|6.4.2.1|L2-ABS4-03|73,JR/T 0072—2020,measurement-unit,L2-ABS4-03 测评单元,Extracted,1,L2-ABS4-03,"测评单元（L2-ABS4-03）
该测评单元包括以下要求：
a)   测评指标： 具有指令接收功能的感知节点设备 ，应保证只有授权过的系统 、 终端可以对感知节点下发指令 。（F2）
b)   测评对象： 感知节点设备和设计文档。
c)   测评实施包括以下内容：
1)   应核查感知节点设备接入机制设计文档是否具有防止非法系统、 终端设备下发指令的设计内容。
2)   应对边界和感知层网络进行渗透测试，测试验证是否不存在非法下发指令的可能。
d)   单元判定：如果 1）和 2）均为肯定，则符合本测评单元指标要求，否则不符合或部分符合本测评单元指标要求。",,,
L2|6.4.2.2|L2-ABS4-05|73,JR/T 0072—2020,measurement-unit,L2-ABS4-05 测评单元,Extracted,1,L2-ABS4-05,"测评单元（L2-ABS4-05）
该测评单元包括以下要求：
a)   测评指标： 应能够限制与感知节点通信的目标地址， 以避免对陌生地址的攻击行为。
b)   测评对象： 感知节点设备和设计文档。
c)   测评实施包括以下内容：
1)   应核查感知层安全设计文档，是否有对感知节点通信目标地址的控制措施说明。
2)   应核查感知节点设备，是否配置了对感知节点通信目标地址的控制措施，相关参数配置是否符合设计要求。
3)   应对感知节点设备进行渗透测试，测试是否能够限制感知节点设备对违反访问控制策略的通信目标地址进行访问或攻击。
d)   单元判定： 如果 1）～3）均为肯定，则符合本测评单元指标要求，否则不符合或部分符合本测评单元指标要求。",,,
L2|6.4.2.2|L2-ABS4-06|73,JR/T 0072—2020,measurement-unit,L2-ABS4-06 测评单元,Extracted,1,L2-ABS4-06,"测评单元（L2-ABS4-06）
该测评单元包括以下要求：
a)   测评指标： 应能够限制与网关节点通信的目标地址， 以避免对陌生地址的攻击行为。
b)   测评对象： 网关节点设备和设计文档。
c)   测评实施包括以下内容：
1)   应核查感知层安全设计文档，是否有对网关节点通信目标地址的控制措施说明。
2)   应核查网关节点设备，是否配置了对网关节点通信目标地址的控制措施，相关参数配置是否符合设计要求。
3)   应对感知节点设备进行渗透测试，测试是否能够限制网关节点设备对违反访问控制策略的通信目标地址进行访问或攻击。
d)   单元判定： 如果 1）～3）均为肯定，则符合本测评单元指标要求，否则不符合或部分符合本测评单元指标要求。",,,
L2|6.4.3.2|L2-CES4-05|75,JR/T 0072—2020,measurement-unit,L2-CES4-05 测评单元,Extracted,1,L2-CES4-05,"测评单元（L2-CES4-05）
该测评单元包括以下要求：
a)   测评指标： 应具备过滤非法节点和伪造节点所发送的数据的能力 。（F2）
b)   测评对象： 网关节点设备。
c)   测评实施包括以下内容：
1)   应核查是否具备过滤非法节点和伪造节点发送的数据的功能。
2)   应测试验证是否能够过滤非法节点和伪造节点发送的数据。
d)   单元判定： 如果 1）和 2）均为肯定 ，则符合本测评单元指标要求 ， 否则不符合或部分符合本测评单元指标要求。",,,
L3|7.1.2.1|L3-CNS1-01|85,JR/T 0072—2020,measurement-unit,L3-CNS1-01 测评单元,Extracted,1,L3-CNS1-01,"测评单元（L3-CNS1-01）
该测评单元包括以下要求：
a)   测评指标： 应保证网络设备的业务处理能力满足业务高峰期需要，如： 业务处理能力能满足业务高峰期需要的 50%以上 。（F3）
b)   测评对象： 路由器、 交换机、无线接入设备和防火墙等提供网络通信功能的设备或相关组件。
c)   测评实施包括以下内容：
1)   应核查业务高峰时期一段时间内主要网络设备的CPU 使用率和内存使用率是否满足需要，如：业务处理能力能满足业务高峰期需要的 50%以上。
2)   应核查网络设备是否从未出现过因设备性能问题导致的宕机情况。
3)   应测试验证设备是否满足业务高峰期需求。
d)   单元判定： 如果 1）～3）均为肯定，则符合本测评单元指标要求，否则不符合或部分符合本测评单元指标要求。",,,
L3|7.1.2.1|L3-CNS1-02|86,JR/T 0072—2020,measurement-unit,L3-CNS1-02 测评单元,Extracted,1,L3-CNS1-02,"测评单元（L3-CNS1-02）
该测评单元包括以下要求：
a)   测评指标： 应保证网络各个部分的带宽满足业务高峰期需要。
b)   测评对象： 综合网管系统等。
c)   测评实施包括以下内容：
1)   应核查综合网管系统各通信链路带宽是否满足高峰时段的业务流量需要。
2)   应测试验证网络带宽是否满足业务高峰期需求。
d)   单元判定：如果 1）和 2）均为肯定，则符合本测评单元指标要求，否则不符合或部分符合本测评单元指标要求。",,,
L3|7.1.2.1|L3-CNS1-03|86,JR/T 0072—2020,measurement-unit,L3-CNS1-03 测评单元,Extracted,1,L3-CNS1-03,"测评单元（L3-CNS1-03）
该测评单元包括以下要求：
a)   测评指标： 应划分不同的网络区域，并按照方便管理和控制的原则为各网络区域分配地址。
b)   测评对象： 路由器、 交换机、无线接入设备和防火墙等提供网络通信功能的设备或相关组件。
c)   测评实施包括以下内容：
1)   应核查是否依据重要性、 部门等因素划分不同的网络区域。
2)   应核查相关网络设备配置信息，验证划分的网络区域是否与划分原则一致。
d)   单元判定：如果 1）和 2）均为肯定，则符合本测评单元指标要求，否则不符合或部分符合本测评单元指标要求。",,,
L3|7.1.2.1|L3-CNS1-04|86,JR/T 0072—2020,measurement-unit,L3-CNS1-04 测评单元,Extracted,1,L3-CNS1-04,"测评单元（L3-CNS1-04）
该测评单元包括以下要求：
a)   测评指标： 应避免将重要网络区域部署在边界处，重要网络区域与其他网络区域之间应采取可靠的技术隔离手段。
b)   测评对象： 网络拓扑。
c)   测评实施包括以下内容：
1)   应核查网络拓扑图是否与实际网络运行环境一致。
2)   应核查重要网络区域是否未部署在网络边界处。
3)   应核查重要网络区域与其他网络区域之间是否采取可靠的技术隔离手段，如网闸、 防火墙和设备访问控制列表（ACL）等。
d)   单元判定： 如果 1）～3）均为肯定，则符合本测评单元指标要求，否则不符合或部分符合本测评单元指标要求。",,,
L3|7.1.2.1|L3-CNS1-05|86,JR/T 0072—2020,measurement-unit,L3-CNS1-05 测评单元,Extracted,1,L3-CNS1-05,"测评单元（L3-CNS1-05）
该测评单元包括以下要求：
a)   测评指标： 应提供通信线路、 关键网络设备和关键计算设备的硬件冗余，保证系统的可用性，双线路设计时，宜由不同的电信运营商提供 。（F3）
b)   测评对象： 网络管理员和网络拓扑。
c)   测评实施包括以下内容：
1)   应核查是否有关键网络设备、 安全设备和关键计算设备的硬件冗余（主备或双活等）和通信线路冗余。
2)   应核查通信线路是否由不同电信运营商提供。
d)   单元判定：如果 1）和 2）均为肯定，则符合本测评单元指标要求，否则不符合或部分符合本测评单元指标要求。",,,
L3|7.1.2.2|L3-CNS1-06|86,JR/T 0072—2020,measurement-unit,L3-CNS1-06 测评单元,Extracted,1,L3-CNS1-06,"测评单元（L3-CNS1-06）
该测评单元包括以下要求：
a)   测评指标： 应采用校验技术保证通信过程中数据的完整性，并按照国家密码管理部门与行业有关要求使用密码算法 。（F3）
b)   测评对象： 提供校验技术或密码技术功能的设备或组件。
c)   测评实施包括以下内容：
1)   应核查是否在数据传输过程中使用密码技术来保证其完整性。
2)   应核查完整性措施所使用的密码算法是否符合国家密码管理部门与行业有关要求。
3)   应测试验证密码技术设备或组件能否保证通信过程中数据的完整性。
d)   单元判定： 如果 1）～3）均为肯定，则符合本测评单元指标要求，否则不符合或部分符合本测评单元指标要求。",,,
L3|7.1.2.2|L3-CNS1-07|87,JR/T 0072—2020,measurement-unit,L3-CNS1-07 测评单元,Extracted,1,L3-CNS1-07,"测评单元（L3-CNS1-07）
该测评单元包括以下要求：
a)   测评指标： 应采用校验技术保证通信过程中数据的保密性，并按照国家密码管理部门与行业有关要求使用密码算法 。（F3）
b)   测评对象： 提供校验技术功能的设备或组件。
c)   测评实施包括以下内容：
1)   应核查是否在通信过程中采取保密措施，具体采用哪些技术措施。
2)   应核查保密技术措施使用的密码算法是否符合国家密码管理部门与行业有关要求。
3)   应测试验证在通信过程中是否对数据进行加密。
d)   单元判定： 如果 1）～3）均为肯定，则符合本测评单元指标要求，否则不符合或部分符合本测评单元指标要求。",,,
L3|7.1.3.1|L3-ABS1-01|87,JR/T 0072—2020,measurement-unit,L3-ABS1-01 测评单元,Extracted,1,L3-ABS1-01,"测评单元（L3-ABS1-01）
该测评单元包括以下要求：
a)   测评指标： 应保证跨越边界的访问和数据流通过边界设备提供的受控接口进行通信。
b)   测评对象： 网闸、 防火墙、 路由器、 交换机和无线接入网关设备等提供访问控制功能的设备或相关组件。
c)   测评实施包括以下内容：
1)   应核查在网络边界处是否部署访问控制设备。
2)   应核查设备配置信息是否指定端口进行跨越边界的网络通信，指定端口是否配置并启用了安全策略。
3)   应采用其他技术手段（如非法无线网络设备定位、 核查设备配置信息等）核查是否不存在其他未受控端口进行跨越边界的网络通信。
d)   单元判定： 如果 1）～3）均为肯定，则符合本测评单元指标要求，否则不符合或部分符合本测评单元指标要求。",,,
L3|7.1.3.1|L3-ABS1-02|88,JR/T 0072—2020,measurement-unit,L3-ABS1-02 测评单元,Extracted,1,L3-ABS1-02,"测评单元（L3-ABS1-02）
该测评单元包括以下要求：
a)   测评指标： 应能够对非授权设备私自联到内部网络的行为进行检查或限制。
b)   测评对象： 终端管理系统或相关设备。
c)   测评实施包括以下内容：
1)   应核查是否采用技术措施防止非授权设备接入内部网络。
2)   应核查所有路由器和交换机等相关设备闲置端口是否均已关闭。
d)   单元判定：如果 1）和 2）均为肯定，则符合本测评单元指标要求，否则不符合或部分符合本测评单元指标要求。",,,
L3|7.1.3.1|L3-ABS1-03|88,JR/T 0072—2020,measurement-unit,L3-ABS1-03 测评单元,Extracted,1,L3-ABS1-03,"测评单元（L3-ABS1-03）
该测评单元包括以下要求：
a)   测评指标： 应能够对内部用户非授权联到外部网络的行为进行检查或限制。
b)   测评对象： 终端管理系统或相关设备。
c)   测评实施： 应核查是否采用技术措施防止内部用户存在非法外联行为。
d)   单元判定： 如果以上测评实施内容为肯定，则符合本测评单元指标要求，否则不符合本测评单元指标要求。",,,
L3|7.1.3.2|L3-ABS1-05|88,JR/T 0072—2020,measurement-unit,L3-ABS1-05 测评单元,Extracted,1,L3-ABS1-05,"测评单元（L3-ABS1-05）
该测评单元包括以下要求：
a)   测评指标： 应在网络边界或区域之间根据访问控制策略设置访问控制规则，默认情况下除允许通信外受控接口拒绝所有通信。
b)   测评对象： 网闸、 防火墙、 路由器、 交换机和无线接入网关设备等提供访问控制功能的设备或相关组件。
c)   测评实施包括以下内容：
1)   应核查在网络边界或区域之间是否部署访问控制设备并启用访问控制策略。
2)   应核查设备的最后一条访问控制策略是否为禁止所有网络通信。
d)   单元判定：如果 1）和 2）均为肯定，则符合本测评单元指标要求，否则不符合或部分符合本测评单元指标要求。",,,
L3|7.1.3.2|L3-ABS1-06|88,JR/T 0072—2020,measurement-unit,L3-ABS1-06 测评单元,Extracted,1,L3-ABS1-06,"测评单元（L3-ABS1-06）
该测评单元包括以下要求：
a)   测评指标： 应删除多余或无效的访问控制规则，优化访问控制列表，并保证访问控制规则数量最小化。
b)   测评对象： 网闸、 防火墙、 路由器、 交换机和无线接入网关设备等提供访问控制功能的设备或相关组件。
c)   测评实施包括以下内容：
1)   应核查是否不存在多余或无效的访问控制策略。
2)   应核查不同的访问控制策略之间的逻辑关系及前后排列顺序是否合理。
d)   单元判定：如果 1）和 2）均为肯定，则符合本测评单元指标要求，否则不符合或部分符合本测评单元指标要求。",,,
L3|7.1.3.2|L3-ABS1-07|89,JR/T 0072—2020,measurement-unit,L3-ABS1-07 测评单元,Extracted,1,L3-ABS1-07,"测评单元（L3-ABS1-07）
该测评单元包括以下要求：
a)   测评指标：应对源地址、 目的地址、源端口、 目的端口和协议等进行检查， 以允许/拒绝数据包进出。
b)   测评对象： 网闸、 防火墙、 路由器、 交换机和无线接入网关设备等提供访问控制功能的设备或相关组件。
c)   测评实施包括以下内容：
1)   应核查设备的访问控制策略中是否设定了源地址、 目的地址、源端口、 目的端口和协议等相关配置参数。
2)   应测试验证访问控制策略中设定的相关配置参数是否有效。
d)   单元判定：如果 1）和 2）均为肯定，则符合本测评单元指标要求，否则不符合或部分符合本测评单元指标要求。",,,
L3|7.1.3.2|L3-ABS1-08|89,JR/T 0072—2020,measurement-unit,L3-ABS1-08 测评单元,Extracted,1,L3-ABS1-08,"测评单元（L3-ABS1-08）
该测评单元包括以下要求：
a)   测评指标：应能根据会话状态信息为进出数据流提供明确的允许/拒绝访问的能力，控制粒度为端口级 。（F3）
b)   测评对象： 网闸、 防火墙、 路由器、 交换机和无线接入网关设备等提供访问控制功能的设备或相关组件。
c)   测评实施包括以下内容：
1)   应核查是否采用会话认证等机制为进出数据流提供明确的允许/拒绝访问的能力，控制粒度是否为端口级。
2)   应测试验证是否为进出数据流提供明确的允许/拒绝访问的能力。
d)   单元判定：如果 1）和 2）均为肯定，则符合本测评单元指标要求，否则不符合或部分符合本测评单元指标要求。",,,
L3|7.1.3.2|L3-ABS1-09|89,JR/T 0072—2020,measurement-unit,L3-ABS1-09 测评单元,Extracted,1,L3-ABS1-09,"测评单元（L3-ABS1-09）
该测评单元包括以下要求：
a)   测评指标： 应对进出网络的数据流实现基于应用协议和应用内容的访问控制。
b)   测评对象： 第二代防火墙等提供应用层访问控制功能的设备或相关组件。
c)   测评实施包括以下内容：
1)   应核查是否部署访问控制设备并启用访问控制策略。
2)   应测试验证设备访问控制策略是否能够对进出网络的数据流实现基于应用协议和应用内容的访问控制。
d)   单元判定：如果 1）和 2）均为肯定，则符合本测评单元指标要求，否则不符合或部分符合本测评单元指标要求。",,,
L3|7.1.3.2|L3-ABS1-10|89,JR/T 0072—2020,measurement-unit,L3-ABS1-10 测评单元,Extracted,1,L3-ABS1-10,"测评单元（L3-ABS1-10）
该测评单元包括以下要求：
a)   测评指标： 应对网络设备系统自带的服务端口进行梳理，关掉不必要的系统服务端口 ，并建立相应的端口开放审批制度 。（F3）
b)   测评对象： 网闸、 防火墙、 路由器、 交换机和无线接入网关设备等提供访问控制功能的设备或相关组件。
c)   测评实施包括以下内容：
1)   应核查是否梳理网络设备自带端口并关闭不必要端口。
2)   应核查是否制定端口开放审批制度。
d)   单元判定：如果 1）和 2）均为肯定，则符合本测评单元指标要求，否则不符合或部分符合本测评单元指标要求。",,,
L3|7.1.3.2|L3-ABS1-11|90,JR/T 0072—2020,measurement-unit,L3-ABS1-11 测评单元,Extracted,1,L3-ABS1-11,"测评单元（L3-ABS1-11）
该测评单元包括以下要求：
a)   测评指标： 应定期检查并锁定或撤销网络设备中不必要的用户账号 。（F3）
b)   测评对象： 网闸、 防火墙、 路由器、 交换机和无线接入网关设备等提供访问控制功能的设备或相关组件。
c)   测评实施包括以下内容：
1)   应核查是否定期检查网络设备的用户账号。
2)   应核查是否锁定或撤销不必要的用户账号。
d)   单元判定：如果 1）和 2）均为肯定，则符合本测评单元指标要求，否则不符合或部分符合本测评单元指标要求。",,,
L3|7.1.3.3|L3-ABS1-12|90,JR/T 0072—2020,measurement-unit,L3-ABS1-12 测评单元,Extracted,1,L3-ABS1-12,"测评单元（L3-ABS1-12）
该测评单元包括以下要求：
a)   测评指标： 应在关键网络节点处检测、 防止或限制从外部发起的网络攻击行为。
b)   测评对象：抗 APT 攻击系统、网络回溯系统、威胁情报检测系统、抗 DDoS 攻击系统和入侵保护系统或相关组件。
c)   测评实施包括以下内容：
1)   应核查相关系统或组件是否能够检测从外部发起的网络攻击行为。
2)   应核查相关系统或组件的规则库版本或威胁情报库是否已经更新到最新版本。
3)   应核查相关系统或组件的配置信息或安全策略是否能够覆盖网络所有关键节点。
4)   应测试验证相关系统或组件的配置信息或安全策略是否有效。
d)   单元判定： 如果 1）～4）均为肯定，则符合本测评单元指标要求，否则不符合或部分符合本测评单元指标要求。",,,
L3|7.1.3.3|L3-ABS1-13|90,JR/T 0072—2020,measurement-unit,L3-ABS1-13 测评单元,Extracted,1,L3-ABS1-13,"测评单元（L3-ABS1-13）
该测评单元包括以下要求：
a)   测评指标： 应在关键网络节点处检测、 防止或限制从内部发起的网络攻击行为。
b)   测评对象：抗 APT 攻击系统、网络回溯系统、威胁情报检测系统、抗 DDoS 攻击系统和入侵保护系统或相关组件。
c)   测评实施包括以下内容：
1)   应核查相关系统或组件是否能够检测从内部发起的网络攻击行为。
2)   应核查相关系统或组件的规则库版本或威胁情报库是否已经更新到最新版本。
3)   应核查相关系统或组件的配置信息或安全策略是否能够覆盖网络所有关键节点。
4)   应测试验证相关系统或组件的配置信息或安全策略是否有效。
d)   单元判定： 如果 1）～4）均为肯定，则符合本测评单元指标要求，否则不符合或部分符合本测评单元指标要求。",,,
L3|7.1.3.3|L3-ABS1-14|90,JR/T 0072—2020,measurement-unit,L3-ABS1-14 测评单元,Extracted,1,L3-ABS1-14,"测评单元（L3-ABS1-14）
该测评单元包括以下要求：
a)   测评指标： 应采取技术措施对网络行为进行分析，实现对网络攻击特别是新型网络攻击行为的分析。
b)   测评对象： 抗 APT 攻击系统、 网络回溯系统和威胁情报检测系统或相关组件。
c)   测评实施包括以下内容：
1)   应核查是否部署相关系统或组件对新型网络攻击进行检测和分析。
2)   应测试验证是否对网络行为进行分析，实现对网络攻击特别是未知的新型网络攻击的检测和分析。
d)   单元判定：如果 1）和 2）均为肯定，则符合本测评单元指标要求，否则不符合或部分符合本测评单元指标要求。",,,
L3|7.1.3.3|L3-ABS1-15|91,JR/T 0072—2020,measurement-unit,L3-ABS1-15 测评单元,Extracted,1,L3-ABS1-15,"测评单元（L3-ABS1-15）
该测评单元包括以下要求：
a)   测评指标： 当检测到攻击行为时，记录攻击源 IP、攻击类型、攻击目标、攻击时间，在发生严重入侵事件时应提供报警。
b)   测评对象：抗 APT 攻击系统、网络回溯系统、威胁情报检测系统、抗 DDoS 攻击系统和入侵保护系统或相关组件。
c)   测评实施包括以下内容：
1)   应核查相关系统或组件的记录是否包括攻击源 IP、攻击类型、攻击目标、攻击时间等相关内容。
2)   应测试验证相关系统或组件的报警策略是否有效。
d)   单元判定：如果 1）和 2）均为肯定，则符合本测评单元指标要求，否则不符合或部分符合本测评单元指标要求。",,,
L3|7.1.3.3|L3-ABS1-16|91,JR/T 0072—2020,measurement-unit,L3-ABS1-16 测评单元,Extracted,1,L3-ABS1-16,"测评单元（L3-ABS1-16）
该测评单元包括以下要求：
a)   测评指标： 应采取技术手段对高级持续威胁进行监测、 发现 。（F3）
b)   测评对象：抗 APT 攻击系统、网络回溯系统、威胁情报检测系统、抗 DDoS 攻击系统和入侵保护系统或相关组件。
c)   测评实施： 应核查相关系统或组件是否采取技术手段对高级持续威胁进行监测、 发现。
d)   单元判定： 如果以上测评实施内容为肯定，则符合本测评单元指标要求，否则不符合本测评单元指标要求。",,,
L3|7.1.3.3|L3-ABS1-17|91,JR/T 0072—2020,measurement-unit,L3-ABS1-17 测评单元,Extracted,1,L3-ABS1-17,"测评单元（L3-ABS1-17）
该测评单元包括以下要求：
a)   测评指标： 应建立诱捕、欺骗攻击者的安全防护手段，对攻击者的行为进行捕获和分析 。（F3）
b)   测评对象：抗 APT 攻击系统、网络回溯系统、威胁情报检测系统、抗 DDoS 攻击系统和入侵保护系统或相关组件。
c)   测评实施包括以下内容：
1)   应核查是否建立安全防护技术手段能诱捕、欺骗攻击者。
2)   应核查技术手段是否能对攻击者行为进行捕获和分析。
d)   单元判定：如果 1）和 2）均为肯定，则符合本测评单元指标要求，否则不符合或部分符合本测评单元指标要求。",,,
L3|7.1.3.4|L3-ABS1-18|91,JR/T 0072—2020,measurement-unit,L3-ABS1-18 测评单元,Extracted,1,L3-ABS1-18,"测评单元（L3-ABS1-18）
该测评单元包括以下要求：
a)   测评指标： 应在关键网络节点处对恶意代码进行检测和清除，并维护恶意代码防护机制的升级和更新。
b)   测评对象： 防病毒网关和 UTM 等提供防恶意代码功能的系统或相关组件。
c)   测评实施包括以下内容：
1)   应核查在关键网络节点处是否部署防恶意代码产品等技术措施。
2)   应核查防恶意代码产品运行是否正常，恶意代码库是否已经更新到最新。
d)   单元判定：如果 1）和 2）均为肯定，则符合本测评单元指标要求，否则不符合或部分符合本测评单元指标要求。",,,
L3|7.1.3.4|L3-ABS1-19|92,JR/T 0072—2020,measurement-unit,L3-ABS1-19 测评单元,Extracted,1,L3-ABS1-19,"测评单元（L3-ABS1-19）
该测评单元包括以下要求：
a)   测评指标： 应在关键网络节点处对垃圾邮件进行检测和防护，并维护垃圾邮件防护机制的升级和更新。
b)   测评对象： 提供防垃圾邮件功能的系统或相关组件。
c)   测评实施包括以下内容：
1)   应核查在关键网络节点处是否部署防垃圾邮件产品等技术措施。
2)   应核查防垃圾邮件策略是否更新到最新版本。
3)   应核查防垃圾邮件产品运行是否正常。
d)   单元判定： 如果 1）～3）均为肯定，则符合本测评单元指标要求，否则不符合或部分符合本测评单元指标要求。",,,
L3|7.1.3.5|L3-ABS1-20|92,JR/T 0072—2020,measurement-unit,L3-ABS1-20 测评单元,Extracted,1,L3-ABS1-20,"测评单元（L3-ABS1-20）
该测评单元包括以下要求：
a)   测评指标： 应在网络边界、 重要网络节点进行安全审计，审计覆盖到每个用户，对重要的用户行为和重要安全事件进行审计。
b)   测评对象： 综合安全审计系统等。
c)   测评实施包括以下内容：
1)   应核查是否部署了综合安全审计系统或类似功能的系统平台。
2)   应核查安全审计范围是否覆盖到每个用户。
3)   应核查是否对重要的用户行为和重要安全事件进行了审计。
d)   单元判定： 如果 1）～3）均为肯定，则符合本测评单元指标要求，否则不符合或部分符合本测评单元指标要求。",,,
L3|7.1.3.5|L3-ABS1-21|92,JR/T 0072—2020,measurement-unit,L3-ABS1-21 测评单元,Extracted,1,L3-ABS1-21,"测评单元（L3-ABS1-21）
该测评单元包括以下要求：
a)   测评指标： 应记录无线网络接入行为，形成日志进行留存，保存时间不少于 6 个月 。（F3）
b)   测评对象： 综合安全审计系统等。
c)   测评实施包括以下内容：
1)   应核查是否有记录无线网络接入行为，并形成日志进行留存。
2)   应核查日志保存时间不少于 6 个月。
d)   单元判定：如果 1）和 2）均为肯定，则符合本测评单元指标要求，否则不符合或部分符合本测评单元指标要求。",,,
L3|7.1.3.5|L3-ABS1-22|92,JR/T 0072—2020,measurement-unit,L3-ABS1-22 测评单元,Extracted,1,L3-ABS1-22,"测评单元（L3-ABS1-22）
该测评单元包括以下要求：
a)   测评指标： 审计记录应包括事件的日期和时间、 用户、事件类型、事件是否成功及其他与审计相关的信息。
b)   测评对象： 综合安全审计系统等。
c)   测评实施： 应核查审计记录信息是否包括事件的日期和时间、用户、事件类型、事件是否成功及其他与审计相关的信息。
d)   单元判定： 如果以上测评实施内容为肯定，则符合本测评单元指标要求，否则不符合本测评单元指标要求。",,,
L3|7.1.3.5|L3-ABS1-23|93,JR/T 0072—2020,measurement-unit,L3-ABS1-23 测评单元,Extracted,1,L3-ABS1-23,"测评单元（L3-ABS1-23）
该测评单元包括以下要求：
a)   测评指标： 应对审计记录进行保护，定期备份，避免受到未预期的删除、修改或覆盖等，审计记录保存时间不少于 6 个月 。（F3）
b)   测评对象： 综合安全审计系统等。
c)   测评实施包括以下内容：
1)   应核查是否采取了技术措施对审计记录进行保护。
2)   应核查是否采取技术措施对审计记录进行定期备份。
3)   应核查审计记录保存时间是否不少于 6 个月。
d)   单元判定： 如果 1）～3）均为肯定，则符合本测评单元指标要求，否则不符合或部分符合本测评单元指标要求。",,,
L3|7.1.3.5|L3-ABS1-24|93,JR/T 0072—2020,measurement-unit,L3-ABS1-24 测评单元,Extracted,1,L3-ABS1-24,"测评单元（L3-ABS1-24）
该测评单元包括以下要求：
a)   测评指标：应能对远程访问的用户行为、访问互联网的用户行为等单独进行行为审计和数据分析。
b)   测评对象： 综合安全审计系统等。
c)   测评实施： 应核查是否对远程访问用户及互联网访问用户行为单独进行审计分析。
d)   单元判定： 如果以上测评实施内容为肯定，则符合本测评单元指标要求，否则不符合本测评单元指标要求。",,,
L3|7.1.3.5|L3-ABS1-25|93,JR/T 0072—2020,measurement-unit,L3-ABS1-25 测评单元,Extracted,1,L3-ABS1-25,"测评单元（L3-ABS1-25）
该测评单元包括以下要求：
a)   测评指标： 所有的审计手段需要具备统一的时间戳，保持审计的时间标记一致 。（F3）
b)   测评对象： 综合安全审计系统等。
c)   测评实施包括以下内容：
1)   应访谈网络安全管理员是否采用了技术手段进行网络设备时钟同步。
2)   应核查是否所有的审计手段都具备统一的时间戳。
3)   应抽查相关网络设备，核查是否时间一致。
d)   单元判定： 如果以上测评实施内容为肯定，则符合本测评单元指标要求，否则不符合本测评单元指标要求。",,,
L3|7.1.4.1|L3-CES1-01|94,JR/T 0072—2020,measurement-unit,L3-CES1-01 测评单元,Extracted,1,L3-CES1-01,"测评单元（L3-CES1-01）
该测评单元包括以下要求：
a)   应对登录的用户进行身份标识和鉴别，身份标识具有唯一性，应实现身份鉴别信息防窃取和防重用 。 静态口令应在 8 位以上， 由字母、 数字 、 符号等混合组成并每半年更换口令 ，不允许新设定的口令与前次旧口令相同。应用系统用户口令应在满足口令复杂度要求的基础上定期更换 。（F3）
b)   测评对象： 终端和服务器等设备中的操作系统（包括宿主机和虚拟机操作系统） 、 网络设备（包括虚拟网络设备） 、 安全设备（包括虚拟安全设备） 、 移动终端、 移动终端管理系统、 移动终端管理客户端、感知节点设备、 网关节点设备、控制设备、业务应用系统、 数据库管理系统、 中间件和系统管理软件及系统设计文档等。
c)   测评实施包括以下内容：
1)   应核查用户在登录时是否采用了身份鉴别措施。
2)   应核查用户列表确认用户身份标识是否具有唯一性。
3)   应核查用户配置信息是否不存在空口令用户。
4)   应核查用户身份鉴别信息是否具有防窃取和防重用措施。
5)   应核查除应用系统用户以外的用户静态口令是否满足 8 位以上， 由字母、 数字、 符号混合组成并每半年更换一次，新设定的口令不允许与前次旧口令相同。
6)   应核查应用系统用户口令是否满足 8 位以上， 由字母、 数字、符号混合组成并定期更换。
d)   单元判定： 如果 1）～6）均为肯定，则符合本测评单元指标要求，否则不符合或部分符合本测评单元指标要求。",,,
L3|7.1.4.1|L3-CES1-02|94,JR/T 0072—2020,measurement-unit,L3-CES1-02 测评单元,Extracted,1,L3-CES1-02,"测评单元（L3-CES1-02）
该测评单元包括以下要求：
a)   测评指标： 应具有登录失败处理功能，应配置并启用结束会话、 限制登录间隔、 限制非法登录次数和当登录连接超时自动退出等相关措施 。（F3）
b)   测评对象： 终端和服务器等设备中的操作系统（包括宿主机和虚拟机操作系统） 、 网络设备（包括虚拟网络设备） 、 安全设备（包括虚拟安全设备） 、 移动终端、 移动终端管理系统、 移动终端管理客户端、感知节点设备、 网关节点设备、控制设备、业务应用系统、 数据库管理系统、 中间件和系统管理软件及系统设计文档等。
c)   测评实施包括以下内容：
1)   应核查是否配置并启用了登录失败处理功能。
2)   应核查是否配置并启用了限制非法登录功能，非法登录达到一定次数后采取特定动作，如账户锁定、 限制登录间隔等。
3)   应核查是否配置并启用了登录连接超时及自动退出功能。
d)   单元判定： 如果 1）～3）均为肯定，则符合本测评单元指标要求，否则不符合或部分符合本测评单元指标要求。",,,
L3|7.1.4.1|L3-CES1-03|94,JR/T 0072—2020,measurement-unit,L3-CES1-03 测评单元,Extracted,1,L3-CES1-03,"测评单元（L3-CES1-03）
该测评单元包括以下要求：
a)   测评指标： 当进行远程管理时，应采取必要措施防止鉴别信息在网络传输过程中被窃听。
b)   测评对象： 终端和服务器等设备中的操作系统（包括宿主机和虚拟机操作系统） 、 网络设备（包括虚拟网络设备） 、 安全设备（包括虚拟安全设备） 、 移动终端、 移动终端管理系统、 移动终端管理客户端、感知节点设备、 网关节点设备、控制设备、业务应用系统、 数据库管理系统、 中间件和系统管理软件及系统设计文档等。
c)   测评实施： 应核查是否采用加密等安全方式对系统进行远程管理， 防止鉴别信息在网络传输过程中被窃听。
d)   单元判定： 如果以上测评实施内容为肯定，则符合本测评单元指标要求，否则不符合本测评单元指标要求。",,,
L3|7.1.4.1|L3-CES1-04|95,JR/T 0072—2020,measurement-unit,L3-CES1-04 测评单元,Extracted,1,L3-CES1-04,"测评单元（L3-CES1-04）
该测评单元包括以下要求：
a)   测评指标： 应采用口令、密码技术、 生物技术等两种或两种以上组合的鉴别技术对用户进行身份鉴别，且其中一种鉴别技术至少应使用密码技术来实现。
b)   测评对象： 终端和服务器等设备中的操作系统（包括主机和虚拟机操作系统） 、 网络设备（包括虚拟网络设备） 、 安全设备（包括虚拟安全设备）移动终端、 移动终端管理系统、 移动终端管理客户端、 感知节点设备网关节点设备、控制设备、业务应用系统数据库管理系统、 中间件和系统管理软件及系统设计文档等。
c)   测评实施包括以下内容：
1)   应核查是否采用动态口令、 数字证书、 生物技术和设备指纹等两种或两种以上组合的鉴别技术对用户身份进行鉴别：
2)   应核查其中一种鉴别技术是否使用密码技术来实现。
d)   单元判定：如果 1）和 2）均为肯定，则符合本测评单元指标要求，否则不符合或部分符合本测评单元指标要求。",,,
L3|7.1.4.2|L3-CES1-06|95,JR/T 0072—2020,measurement-unit,L3-CES1-06 测评单元,Extracted,1,L3-CES1-06,"测评单元（L3-CES1-06）
该测评单元包括以下要求：
a)   测评指标： 应重命名或删除默认账户，修改默认账户或预设账户的默认口令 。（F3）
b)   测评对象： 终端和服务器等设备中的操作系统（包括宿主机和虚拟机操作系统） 、 网络设备（包括虚拟网络设备） 、 安全设备（包括虚拟安全设备） 、 移动终端、 移动终端管理系统、 移动终端管理客户端、感知节点设备、 网关节点设备、控制设备、业务应用系统、 数据库管理系统、 中间件和系统管理软件及系统设计文档等。
c)   测评实施包括以下内容：
1)   应核查是否已经重命名默认账户或默认账户已被删除。
2)   应核查是否已修改默认账户或预设账户的默认口令。
d)   单元判定：如果 1）或 2）为肯定，则符合本测评单元指标要求，否则不符合或部分符合本测评单元指标要求。",,,
L3|7.1.4.2|L3-CES1-07|95,JR/T 0072—2020,measurement-unit,L3-CES1-07 测评单元,Extracted,1,L3-CES1-07,"测评单元（L3-CES1-07）
该测评单元包括以下要求：
a)   测评指标： 应用系统应对首次登录的用户提示修改默认账户或预设账户的默认口令 。（F3）
b)   测评对象： 业务应用系统。
c)   测评实施包括以下内容：
1)   应核查应用系统是否对首次登录的用户提示修改默认账户或预设账户的默认口令。
2)   应核查是否已修改默认账户或预设账户的默认口令。
d)   单元判定：如果 1）和 2）均为肯定，则符合本测评单元指标要求，否则不符合或部分符合本测评单元指标要求。",,,
L3|7.1.4.2|L3-CES1-08|96,JR/T 0072—2020,measurement-unit,L3-CES1-08 测评单元,Extracted,1,L3-CES1-08,"测评单元（L3-CES1-08）
该测评单元包括以下要求：
a)   测评指标： 应及时删除或停用多余的、过期的账户，避免共享账户的存在。
b)   测评对象： 终端和服务器等设备中的操作系统（包括宿主机和虚拟机操作系统） 、 网络设备（包括虚拟网络设备） 、 安全设备（包括虚拟安全设备） 、 移动终端、 移动终端管理系统、 移动终端管理客户端、感知节点设备、 网关节点设备、控制设备、业务应用系统、 数据库管理系统、 中间件和系统管理软件及系统设计文档等。
c)   测评实施包括以下内容：
1)   应核查是否不存在多余或过期账户，管理员用户与账户之间是否一一对应。
2)   应核查并测试多余的、 过期的账户是否被删除或停用。
d)   单元判定：如果 1）和 2）均为肯定，则符合本测评单元指标要求，否则不符合或部分符合本测评单元指标要求。",,,
L3|7.1.4.2|L3-CES1-09|96,JR/T 0072—2020,measurement-unit,L3-CES1-09 测评单元,Extracted,1,L3-CES1-09,"测评单元（L3-CES1-09）
该测评单元包括以下要求：
a)   测评指标： 应授予管理用户所需的最小权限，实现管理用户的权限分离。
b)   测评对象： 终端和服务器等设备中的操作系统（包括宿主机和虚拟机操作系统） 、 网络设备（包括虚拟网络设备） 、 安全设备（包括虚拟安全设备） 、 移动终端、 移动终端管理系统、 移动终端管理客户端、感知节点设备、 网关节点设备、控制设备、业务应用系统、 数据库管理系统、 中间件和系统管理软件及系统设计文档等。
c)   测评实施包括以下内容：
1)   应核查是否进行角色划分。
2)   应核查管理用户的权限是否已进行分离。
3)   应核查管理用户权限是否为其工作任务所需的最小权限。
d)   单元判定： 如果 1）～3）均为肯定，则符合本测评单元指标要求，否则不符合或部分符合本测评单元指标要求。",,,
L3|7.1.4.2|L3-CES1-10|96,JR/T 0072—2020,measurement-unit,L3-CES1-10 测评单元,Extracted,1,L3-CES1-10,"测评单元（L3-CES1-10）
该测评单元包括以下要求：
a)   测评指标： 应严格限制默认账户或预设账户的权限，如默认账户和预设账户的权限应为空权限或某单一功能专用权限等 。（F3）
b)   测评对象： 终端和服务器等设备中的操作系统（包括宿主机和虚拟机操作系统） 、 网络设备（包括虚拟网络设备） 、 安全设备（包括虚拟安全设备） 、 移动终端、 移动终端管理系统、 移动终端管理客户端、感知节点设备、 网关节点设备、控制设备、业务应用系统、 数据库管理系统、 中间件和系统管理软件及系统设计文档等。
c)   测评实施： 应核查是否严格限制默认账户或预设账户的权限，如将默认账户或预设账户的权限设置为空权限或某单一功能专用权限等。
d)   单元判定： 如果以上测评实施内容为肯定，则符合本测评单元指标要求，否则不符合本测评单元指标要求。",,,
L3|7.1.4.3|L3-CES1-14|97,JR/T 0072—2020,measurement-unit,L3-CES1-14 测评单元,Extracted,1,L3-CES1-14,"测评单元（L3-CES1-14）
该测评单元包括以下要求：
a)   测评指标： 应启用安全审计功能，审计覆盖到每个用户，对重要的用户行为和重要安全事件进行审计。
b)   测评对象： 终端和服务器等设备中的操作系统（包括宿主机和虚拟机操作系统） 、 网络设备（包括虚拟网络设备） 、 安全设备（包括虚拟安全设备） 、 移动终端、 移动终端管理系统、 移动终端管理客户端、感知节点设备、 网关节点设备、控制设备、业务应用系统、 数据库管理系统、 中间件和系统管理软件及系统设计文档等。
c)   测评实施包括以下内容：
1)   应核查是否提供并开启了安全审计功能。
2)   应核查安全审计范围是否覆盖到每个用户。
3)   应核查是否对重要的用户行为和重要安全事件进行审计。
d)   单元判定： 如果 1）～3）均为肯定，则符合本测评单元指标要求，否则不符合或部分符合本测评单元指标要求。",,,
L3|7.1.4.3|L3-CES1-15|98,JR/T 0072—2020,measurement-unit,L3-CES1-15 测评单元,Extracted,1,L3-CES1-15,"测评单元（L3-CES1-15）
该测评单元包括以下要求：
a)   测评指标： 审计记录应包括事件的日期和时间、 用户、事件类型、事件是否成功及其他与审计相关的信息。
b)   测评对象： 终端和服务器等设备中的操作系统（包括宿主机和虚拟机操作系统） 、 网络设备（包括虚拟网络设备） 、 安全设备（包括虚拟安全设备） 、 移动终端、 移动终端管理系统、 移动终端管理客户端、感知节点设备、 网关节点设备、控制设备、业务应用系统、 数据库管理系统、 中间件和系统管理软件及系统设计文档等。
c)   测评实施： 应核查审计记录信息是否包括事件的日期和时间、用户、事件类型、事件是否成功及其他与审计相关的信息。
d)   单元判定： 如果以上测评实施内容为肯定，则符合本测评单元指标要求，否则不符合本测评单元指标要求。",,,
L3|7.1.4.3|L3-CES1-16|98,JR/T 0072—2020,measurement-unit,L3-CES1-16 测评单元,Extracted,1,L3-CES1-16,"测评单元（L3-CES1-16）
该测评单元包括以下要求：
a)   测评指标： 应对审计记录进行保护，定期备份，避免受到未预期的删除、修改或覆盖等，审计记录保存时间应不少于 6 个月 。（F3）
b)   测评对象： 终端和服务器等设备中的操作系统（包括宿主机和虚拟机操作系统） 、 网络设备（包括虚拟网络设备） 、 安全设备（包括虚拟安全设备） 、 移动终端、 移动终端管理系统、 移动终端管理客户端、感知节点设备、 网关节点设备、控制设备、业务应用系统、 数据库管理系统、 中间件和系统管理软件及系统设计文档等。
c)   测评实施包括以下内容：
1)   应核查是否采取了保护措施对审计记录进行保护。
2)   应核查是否采取技术措施对审计记录进行定期备份，并核查其备份策略。
3)   应核查审计记录保持时间是否不少于 6 个月。
d)   单元判定： 如果 1）～3）均为肯定，则符合本测评单元指标要求，否则不符合或部分符合本测评单元指标要求。",,,
L3|7.1.4.3|L3-CES1-17|98,JR/T 0072—2020,measurement-unit,L3-CES1-17 测评单元,Extracted,1,L3-CES1-17,"测评单元（L3-CES1-17）
该测评单元包括以下要求：
a)   测评指标： 应对审计进程进行保护， 防止未经授权的中断。
b)   测评对象： 终端和服务器等设备中的操作系统（包括宿主机和虚拟机操作系统） 、 网络设备（包括虚拟网络设备） 、 安全设备（包括虚拟安全设备） 、 移动终端、 移动终端管理系统、 移动终端管理客户端、感知节点设备、 网关节点设备、控制设备、业务应用系统、 数据库管理系统、 中间件和系统管理软件及系统设计文档等。
c)   测评实施： 应测试验证通过非审计管理员的其他账户来中断审计进程，验证审计进程是否受到保护。
d)   单元判定： 如果以上测评实施内容为肯定，则符合本测评单元指标要求，否则不符合本测评单元指标要求。",,,
L3|7.1.4.3|L3-CES1-19|99,JR/T 0072—2020,measurement-unit,L3-CES1-19 测评单元,Extracted,1,L3-CES1-19,"测评单元（L3-CES1-19）
该测评单元包括以下要求：
a)   测评指标： 审计记录产生时的时间应由系统范围内唯一确定的时钟产生， 以确保审计分析的一致性与正确性 。（F3）
b)   测评对象： 时钟服务器、 终端和服务器等设备中的操作系统（包括宿主机和虚拟机操作系统） 、网络设备（包括虚拟网络设备） 、 安全设备（包括虚拟安全设备） 、移动终端、 移动终端管理系统、 移动终端管理客户端、 感知节点设备、 网关节点设备、控制设备、业务应用系统、 数据库管理系统、 中间件和系统管理软件及系统设计文档等。
c)   测评实施包括以下内容：
1)   应核查是否具有唯一确定的时钟同步服务器。
2)   应核查系统的时间与时钟同步服务器时间是否一致。
d)   单元判定：如果 1）和 2）均为肯定，则符合本测评单元指标要求，否则不符合或部分符合本测评单元指标要求。",,,
L3|7.1.4.4|L3-CES1-20|99,JR/T 0072—2020,measurement-unit,L3-CES1-20 测评单元,Extracted,1,L3-CES1-20,"测评单元（L3-CES1-20）
该测评单元包括以下要求：
a)   测评指标： 应遵循最小安装的原则，仅安装需要的组件和应用程序。
b)   测评对象： 终端和服务器等设备中的操作系统（包括宿主机和虚拟机操作系统） 、 网络设备（包括虚拟网络设备） 、 安全设备（包括虚拟安全设备） 、 移动终端、 移动终端管理系统、 移动终端管理客户端、 感知节点设备、 网关节点设备和控制设备等。
c)   测评实施包括以下内容：
1)   应核查是否遵循最小安装原则。
2)   应核查是否未安装非必要的组件和应用程序。
d)   单元判定：如果 1）和 2）均为肯定，则符合本测评单元指标要求，否则不符合或部分符合本测评单元指标要求。",,,
L3|7.1.4.4|L3-CES1-21|99,JR/T 0072—2020,measurement-unit,L3-CES1-21 测评单元,Extracted,1,L3-CES1-21,"测评单元（L3-CES1-21）
该测评单元包括以下要求：
a)   测评指标： 应关闭不需要的系统服务、 默认共享和高危端口。
b)   测评对象： 终端和服务器等设备中的操作系统（包括宿主机和虚拟机操作系统） 、 网络设备（包括虚拟网络设备） 、 安全设备（包括虚拟安全设备） 、 移动终端、 移动终端管理系统、 移动终端管理客户端、 感知节点设备、 网关节点设备和控制设备等。
c)   测评实施包括以下内容：
1)   应核查是否关闭了非必要的系统服务和默认共享。
2)   应核查是否不存在非必要的高危端口。
d)   单元判定：如果 1）和 2）均为肯定，则符合本测评单元指标要求，否则不符合或部分符合本测评单元指标要求。",,,
L3|7.1.4.4|L3-CES1-22|99,JR/T 0072—2020,measurement-unit,L3-CES1-22 测评单元,Extracted,1,L3-CES1-22,"测评单元（L3-CES1-22）
该测评单元包括以下要求：
a)   测评指标： 应通过设定终端接入方式或网络地址范围对通过网络进行管理的管理终端进行限制。
b)   测评对象： 终端和服务器等设备中的操作系统（包括宿主机和虚拟机操作系统） 、 网络设备（包括虚拟网络设备） 、 安全设备（包括虚拟安全设备） 、 移动终端、 移动终端管理系统、 移动终端管理客户端、 感知节点设备、 网关节点设备和控制设备等。
c)   测评实施： 应核查配置文件或参数是否对终端接入范围进行限制。
d)   单元判定： 如果以上测评实施内容为肯定，则符合本测评单元指标要求，否则不符合本测评单元指标要求。",,,
L3|7.1.4.4|L3-CES1-24|100,JR/T 0072—2020,measurement-unit,L3-CES1-24 测评单元,Extracted,1,L3-CES1-24,"测评单元（L3-CES1-24）
该测评单元包括以下要求：
a)   测评指标： 应能通过使用漏洞扫描工具、 人工漏洞排查分析等漏洞检查手段，及时发现可能存在的已知漏洞，并在经过充分测试评估后，及时修补漏洞 。（F3）
b)   测评对象： 终端和服务器等设备中的操作系统（包括宿主机和虚拟机操作系统） 、 网络设备（包括虚拟网络设备） 、 安全设备（包括虚拟安全设备） 、 移动终端、 移动终端管理系统、 移动终端管理客户端、感知节点设备、 网关节点设备、控制设备、控制设备、业务应用系统、 数据库管理系统、 中间件和系统管理软件等。
c)   测评实施包括以下内容：
1)   应核查是否有使用漏洞扫描工具、人工漏洞排查分析等检查手段开展漏洞检查工作。
2)   应核查是否不存在高风险漏洞或在充分测试评估后及时修补漏洞。
d)   单元判定：如果 1）和 2）均为肯定，则符合本测评单元指标要求，否则不符合或部分符合本测评单元指标要求。",,,
L3|7.1.4.4|L3-CES1-25|100,JR/T 0072—2020,measurement-unit,L3-CES1-25 测评单元,Extracted,1,L3-CES1-25,"测评单元（L3-CES1-25）
该测评单元包括以下要求：
a)   测评指标： 应能够检测到对重要节点进行入侵的行为，并在发生严重入侵事件时提供报警。
b)   测评对象： 终端和服务器等设备中的操作系统（包括宿主机和虚拟机操作系统） 、 网络设备（包括虚拟网络设备） 、 安全设备（包括虚拟安全设备） 、 移动终端、 移动终端管理系统、 移动终端管理客户端、感知节点设备、 网关节点设备、控制设备、控制设备、业务应用系统、 数据库管理系统、 中间件和系统管理软件等。
c)   测评实施包括以下内容：
1)   应核查是否采取技术措施对重要节点进行入侵检测。
2)   应核查是否能对严重入侵事件进行报警，如声音、 邮件、 短信等方式。
d)   单元判定：如果 1）和 2）均为肯定，则符合本测评单元指标要求，否则不符合或部分符合本测评单元指标要求。",,,
L3|7.1.4.4|L3-CES1-26|100,JR/T 0072—2020,measurement-unit,L3-CES1-26 测评单元,Extracted,1,L3-CES1-26,"测评单元（L3-CES1-26）
该测评单元包括以下要求：
a)   测评指标： 所有安全计算环境设备应全部专用化，不得进行与业务不相关的操作 。（F3）
b)   测评对象： 终端和服务器等设备中的操作系统（包括宿主机和虚拟机操作系统） 、 网络设备（包括虚拟网络设备） 、 安全设备（包括虚拟安全设备） 、 移动终端、 移动终端管理系统、 移动终端管理客户端、感知节点设备、 网关节点设备、控制设备、控制设备、业务应用系统、 数据库管理系统、 中间件和系统管理软件等。
c)   测评实施包括以下内容：
1)   应核查各安全计算环境设备的业务用途是否专用化。
2)   应核查各安全计算环境设备是否未进行过与业务用途不相关的操作。
d)   单元判定：如果 1）和 2）均为肯定，则符合本测评单元指标要求，否则不符合或部分符合本测评单元指标要求。",,,
L3|7.1.4.9|L3-CES1-35|103,JR/T 0072—2020,measurement-unit,L3-CES1-35 测评单元,Extracted,1,L3-CES1-35,"测评单元（L3-CES1-35）
该测评单元包括以下要求：
a)   测评指标： 应提供重要数据的本地数据备份与恢复功能，采取实时备份与异步备份或增量备份与完全备份的方式，增量数据备份每天一次 ，完全数据备份可根据系统的业务连续性保障相关指标（如 RPO，RTO） 以及系统数据的重要程度 、 行业监管要求，制定备份策略 。 备份介质场外存放，数据保存期限依照国家相关规定 。（F3）
b)   测评对象： 配置数据和业务数据。
c)   测评实施包括以下内容：
1)   应核查备份策略设置是否合理、配置是否正确。
2)   应核查是否按照备份策略进行本地备份。
3)   应核查备份结果是否与备份策略一致。
4)   应核查近期恢复测试记录是否能够进行正常的数据恢复。
5)   应核查备份介质是否场外存放。
6)   应核查备份数据保存期限是否满足国家相关规定。
d)   单元判定： 如果 1）～6）均为肯定，则符合本测评单元指标要求，否则不符合或部分符合本测评单元指标要求。",,,
L3|7.1.4.9|L3-CES1-36|103,JR/T 0072—2020,measurement-unit,L3-CES1-36 测评单元,Extracted,1,L3-CES1-36,"测评单元（L3-CES1-36）
该测评单元包括以下要求：
a)   测评指标： 应提供异地实时备份功能，利用通信网络将重要数据实时备份至备份场地 。。
b)   测评对象： 配置数据和业务数据。
c)   测评实施： 应核查是否提供异地数据备份功能，并通过通信网络将重要配置数据、 重要业务数据定时批量传送至备份场地。
d)   单元判定： 如果以上测评实施内容为肯定，则符合本测评单元指标要求，否则不符合本测评单元指标要求。",,,
L3|7.1.4.9|L3-CES1-37|103,JR/T 0072—2020,measurement-unit,L3-CES1-37 测评单元,Extracted,1,L3-CES1-37,"测评单元（L3-CES1-37）
该测评单元包括以下要求：
a)   测评指标： 应提供重要数据处理系统的热冗余，保证系统的高可用性。
b)   测评对象： 重要数据处理系统。
c)   测评实施： 应核查重要数据处理系统（包括边界路由器、边界防火墙、 核心交换机、应用服务器和数据库服务器等）是否采用热冗余方式部署。
d)   单元判定： 如果以上测评实施内容为肯定，则符合本测评单元指标要求，否则不符合本测评单元指标要求。",,,
L3|7.1.5.1|L3-SMC1-01|107,JR/T 0072—2020,measurement-unit,L3-SMC1-01 测评单元,Extracted,1,L3-SMC1-01,"测评单元（L3-SMC1-01）
该测评单元包括以下要求：
a)   测评指标： 应对系统管理员进行身份鉴别， 只允许其通过特定的命令或操作界面进行系统管理操作，并对这些操作进行审计。
b)   测评对象： 提供集中系统管理功能的系统。
c)   测评实施包括以下内容：
1)   应核查是否对系统管理员进行身份鉴别。
2)   应核查是否只允许系统管理员通过特定的命令或操作界面进行系统管理操作。
3)   应核查是否对系统管理的操作进行审计。
d)   单元判定： 如果 1）～3）均为肯定，则符合本测评单元指标要求，否则不符合或部分符合本测评单元指标要求。",,,
L3|7.1.5.1|L3-SMC1-02|107,JR/T 0072—2020,measurement-unit,L3-SMC1-02 测评单元,Extracted,1,L3-SMC1-02,"测评单元（L3-SMC1-02）
该测评单元包括以下要求：
a)   测评指标： 应通过系统管理员对系统的资源和运行进行配置、控制和管理，包括用户身份、 系统资源配置、 系统加载和启动、 系统运行的异常处理、数据和设备的备份与恢复等。
b)   测评对象： 提供集中系统管理功能的系统。
c)   测评实施： 应核查是否通过系统管理员对系统的资源和运行进行配置、控制和管理，包括用户身份、 系统资源配置、 系统加载和启动、 系统运行的异常处理、数据和设备的备份与恢复等。
d)   单元判定： 如果以上测评实施内容为肯定，则符合本测评单元指标要求，否则不符合本测评单元指标要求。",,,
L3|7.1.5.1|L3-SMC1-03|107,JR/T 0072—2020,measurement-unit,L3-SMC1-03 测评单元,Extracted,1,L3-SMC1-03,"测评单元（L3-SMC1-03）
该测评单元包括以下要求：
a)   测评指标： 应每月对设备的配置文件进行备份，发生变动时应及时备份 。（F3）
b)   测评对象： 提供集中系统管理功能的系统。
c)   测评实施包括以下内容：
1)   应核查是否每月对设备的配置文件进行备份。
2)   应核查系统发生变动时是否及时备份。
d)   单元判定：如果 1）和 2）均为肯定，则符合本测评单元指标要求，否则不符合或部分符合本测评单元指标要求。",,,
L3|7.1.5.1|L3-SMC1-04|108,JR/T 0072—2020,measurement-unit,L3-SMC1-04 测评单元,Extracted,1,L3-SMC1-04,"测评单元（L3-SMC1-04）
该测评单元包括以下要求：
a)   测评指标： 应使用自动化技术手段对设备运行状况进行实时监测 ，运维人员应每天定期查看并记录系统运行状况 。（F3）
b)   测评对象： 提供集中系统管理功能的系统和运维人员。
c)   测评实施包括以下内容：
1)   应核查是否使用自动化手段对设备的运行状况进行监测。
2)   应核查运维人员是否每天定期查看并记录系统运行状况。
d)   单元判定：如果 1）和 2）均为肯定，则符合本测评单元指标要求，否则不符合或部分符合本测评单元指标要求。",,,
L3|7.1.5.1|L3-SMC1-05|108,JR/T 0072—2020,measurement-unit,L3-SMC1-05 测评单元,Extracted,1,L3-SMC1-05,"测评单元（L3-SMC1-05）
该测评单元包括以下要求：
a)   测评指标： 应每季度检验网络设备软件版本信息，并通过有效测试验证后进行相应的升级， 同时留存测试验证相关记录 。（F3）
b)   测评对象： 提供集中系统管理功能的系统。
c)   测评实施包括以下内容：
1)   应核查是否每季度检验网络设备软件版本信息，并通过有效测试验证后进行相应的升级。
2)   应核查是否有具有网络设备软件版本升级测试验证相关记录。
d)   单元判定：如果 1）和 2）均为肯定，则符合本测评单元指标要求，否则不符合或部分符合本测评单元指标要求。",,,
L3|7.1.5.2|L3-SMC1-06|108,JR/T 0072—2020,measurement-unit,L3-SMC1-06 测评单元,Extracted,1,L3-SMC1-06,"测评单元（L3-SMC1-06）
该测评单元包括以下要求：
a)   测评指标： 应对审计管理员进行身份鉴别， 只允许其通过特定的命令或操作界面进行安全审计操作，并对这些操作进行审计。
b)   测评对象： 综合安全审计系统、 数据库审计系统等提供集中审计功能的系统。
c)   测评实施包括以下内容：
1)   应核查是否对审计管理员进行身份鉴别。
2)   应核查是否只允许审计管理员通过特定的命令或操作界面进行安全审计操作。
3)   应核查是否对审计管理员的操作进行审计。
d)   单元判定： 如果 1）～3）均为肯定，则符合本测评单元指标要求，否则不符合或部分符合本测评单元指标要求。",,,
L3|7.1.5.2|L3-SMC1-07|108,JR/T 0072—2020,measurement-unit,L3-SMC1-07 测评单元,Extracted,1,L3-SMC1-07,"测评单元（L3-SMC1-07）
该测评单元包括以下要求：
a)   测评指标： 应通过审计管理员对审计记录进行分析，并根据分析结果进行处理，包括根据安全审计策略对审计记录进行存储、 管理和查询等。
b)   测评对象： 综合安全审计系统、 数据库审计系统等提供集中审计功能的系统。
c)   测评实施： 应核查是否通过审计管理员对审计记录进行分析，并根据分析结果进行处理，包括根据安全审计策略对审计记录进行存储、 管理和查询等。
d)   单元判定： 如果以上测评实施内容为肯定，则符合本测评单元指标要求，否则不符合本测评单元指标要求。",,,
L3|7.1.5.2|L3-SMC1-08|109,JR/T 0072—2020,measurement-unit,L3-SMC1-08 测评单元,Extracted,1,L3-SMC1-08,"测评单元（L3-SMC1-08）
该测评单元包括以下要求：
a)   测评指标： 应严格限制审计数据的访问控制权限 ， 限制管理用户对审计数据的访问，实现管理用户和审计用户的权限分离，避免非授权的删除、修改或覆盖 。（F3）
b)   测评对象： 综合安全审计系统、 数据库审计系统等提供集中审计功能的系统。
c)   测评实施包括以下内容：
1)   应核查是否严格限制审计数据的访问控制权限， 限制管理用户对审计数据的访问。
2)   应核查管理用户和审计用户的权限是否分离。
d)   单元判定：如果 1）和 2）均为肯定，则符合本测评单元指标要求，否则不符合或部分符合本测评单元指标要求。",,,
L3|7.1.5.3|L3-SMC1-09|109,JR/T 0072—2020,measurement-unit,L3-SMC1-09 测评单元,Extracted,1,L3-SMC1-09,"测评单元（L3-SMC1-09）
该测评单元包括以下要求：
a)   测评指标： 应对安全管理员进行身份鉴别， 只允许其通过特定的命令或操作界面进行安全管理操作，并对这些操作进行审计。
b)   测评对象： 提供集中安全管理功能的系统。
c)   测评实施包括以下内容：
1)   应核查是否对安全管理员进行身份鉴别。
2)   应核查是否只允许安全管理员通过特定的命令或操作界面进行安全审计操作。
3)   应核查是否对安全管理操作进行审计。
d)   单元判定： 如果 1）～3）均为肯定，则符合本测评单元指标要求，否则不符合或部分符合本测评单元指标要求。",,,
L3|7.1.5.3|L3-SMC1-10|109,JR/T 0072—2020,measurement-unit,L3-SMC1-10 测评单元,Extracted,1,L3-SMC1-10,"测评单元（L3-SMC1-10）
该测评单元包括以下要求：
a)   测评指标： 应通过安全管理员对系统中的安全策略进行配置，包括安全参数的设置，主体、 客体进行统一安全标记，对主体进行授权，配置可信验证策略等。
b)   测评对象： 提供集中安全管理功能的系统。
c)   测评实施： 应核查是否通过安全管理员对系统中的安全策略进行配置，包括安全参数的设置，主体、 客体进行统一安全标记，对主体进行授权，配置可信验证策略等。
d)   单元判定： 如果以上测评实施内容为肯定，则符合本测评单元指标要求，否则不符合本测评单元指标要求。",,,
L3|7.1.5.4|L3-SMC1-11|109,JR/T 0072—2020,measurement-unit,L3-SMC1-11 测评单元,Extracted,1,L3-SMC1-11,"测评单元（L3-SMC1-11）
该测评单元包括以下要求：
a)   测评指标： 应划分出特定的管理区域，对分布在网络中的安全设备或安全组件进行管控。
b)   测评对象： 网络拓扑。
c)   测评实施包括以下内容：
1)   应核查是否划分出单独的网络区域用于部署安全设备或安全组件。
2)   应核查各个安全设备或安全组件是否集中部署在单独的网络区域内。
d)   单元判定：如果 1）和 2）均为肯定，则符合本测评单元指标要求，否则不符合或部分符合本测评单元指标要求。",,,
L3|7.1.5.4|L3-SMC1-12|109,JR/T 0072—2020,measurement-unit,L3-SMC1-12 测评单元,Extracted,1,L3-SMC1-12,"测评单元（L3-SMC1-12）
该测评单元包括以下要求：
a)   测评指标： 应能够建立一条安全的信息传输路径，对网络中的安全设备或安全组件进行管理。
b)   测评对象： 路由器、 交换机和防火墙等设备或相关组件。
c)   测评实施包括以下内容：
1)   应核查是否采用安全方式（如 SSH、HTTPS、IPSec VPN 等）对安全设备或安全组件进行管理。
2)   应核查是否使用独立的带外管理网络对安全设备或安全组件进行管理。
d)   单元判定：如果 1）或 2）为肯定，则符合本测评单元指标要求，否则不符合本测评单元指标要求。",,,
L3|7.1.5.4|L3-SMC1-13|110,JR/T 0072—2020,measurement-unit,L3-SMC1-13 测评单元,Extracted,1,L3-SMC1-13,"测评单元（L3-SMC1-13）
该测评单元包括以下要求：
a)   测评指标： 应对网络链路、 安全设备、 网络设备和服务器等的运行状况进行集中监测。
b)   测评对象： 综合网管系统等提供运行状态监测功能的系统。
c)   测评实施包括以下内容：
1)   应核查是否部署了具备运行状态监测功能的系统或设备，能够对网络链路、 安全设备、 网络设备和服务器等的运行状况进行集中监测。
2)   应测试验证运行状态监测系统是否根据网络链路、 安全设备、 网络设备和服务器等的工作状态、 依据设定的阀值（或默认阀值）实时报警。
d)   单元判定：如果 1）和 2）均为肯定，则符合本测评单元指标要求，否则不符合或部分符合本测评单元指标要求。",,,
L3|7.1.5.4|L3-SMC1-14|110,JR/T 0072—2020,measurement-unit,L3-SMC1-14 测评单元,Extracted,1,L3-SMC1-14,"测评单元（L3-SMC1-14）
该测评单元包括以下要求：
a)   测评指标： 应对分散在各个设备上的安全事件、 审计数据进行收集汇总和集中分析，并保证审计记录的留存时间符合法律法规要求 。（F3）
b)   测评对象： 综合安全审计系统、 数据库审计系统等提供集中审计功能的系统。
c)   测评实施包括以下内容：
1)   应核查各个设备是否配置并启用了相关策略，将安全事件、 审数据发送到独立于设备自身的外部集中安全审计系统中。
2)   应核查是否部署统一的集中安全审计系统，统一收集和存储各设备日志，并根据需要进行集中审计分析。
3)   应核查审记录的留存时间是否至少为 6 个月。
d)   单元判定： 如果 1）～3）均为肯定，则符合本测评单元指标要求，否则不符合或部分符合本测评单元指标要求。",,,
L3|7.1.5.4|L3-SMC1-15|110,JR/T 0072—2020,measurement-unit,L3-SMC1-15 测评单元,Extracted,1,L3-SMC1-15,"测评单元（L3-SMC1-15）
该测评单元包括以下要求：
a)   测评指标： 应对安全策略、 恶意代码、补丁升级等安全相关事项进行集中管理。
b)   测评对象： 提供集中安全管控功能的系统。
c)   测评实施包括以下内容：
1)   应核查是否能够对安全策略（如防火墙访回控制策略、 入侵保护系统防护策略、WAF 安全防护策略等）进行集中管理。
2)   应核查是否实现对操作系统防恶意代码系统及网络恶意代码防护设备的集中管理，实现对防恶意代码病毒规则库的升级进行集中管理。
3)   应核查是否实现对各个系统或设备的补丁升级进行集中管理。
d)   单元判定： 如果 1）～3）均为肯定，则符合本测评单元指标要求，否则不符合或部分符合本测评单元指标要求。",,,
L3|7.2.2.1|L3-CNS2-02|155,JR/T 0072—2020,measurement-unit,L3-CNS2-02 测评单元,Extracted,1,L3-CNS2-02,"测评单元（L3-CNS2-02）
该测评单元包括以下要求：
a)   测评指标：应实现不同云服务客户虚拟网络之间及同一云服务客户不同虚拟网络之间的隔离。（F3）
b)   测评对象： 网络资源隔离措施、 综合网管系统和云管理平台。
c)   测评实施包括以下内容：
1)   应核查云服务客户之间是否采取网络隔离措施。
2)   应核查同一云服务客户不同虚拟网络之间是否采取网络隔离措施。
3)   应核查云服务客户之间是否设置并启用网络资源隔离策略。
4)   应核查同一云服务客户不同虚拟网络之间是否设置并启用网络资源隔离策略。
5)   应测试验证不同云服务客户之间的网络隔离措施是否有效。
6)   应测试验证同一云服务客户不同虚拟网络之间的网络隔离措施是否有效。
d)   单元判定： 如果1） ～6）均为肯定，则符合本测评单元指标要求，否则不符合或部分符合本测评单元指标要求。",,,
L3|7.2.2.1|L3-CNS2-03|156,JR/T 0072—2020,measurement-unit,L3-CNS2-03 测评单元,Extracted,1,L3-CNS2-03,"测评单元（L3-CNS2-03）
该测评单元包括以下要求：
a)   测评指标： 应实现云计算平台的业务网络与管理网络安全隔离 。（F3）
b)   测评对象： 网络资源隔离措施、 综合网管系统和云管理平台。
c)   测评实施包括以下内容：
1)   应核查业务网络与管理网络之间是否存在隔离措施。
2)   应测试验证业务网络与管理网络之间的隔离措施是否有效。
d)   单元判定： 如果1）和2）均为肯定，则符合本测评单元指标要求，否则不符合或部分符合本测评单元指标要求。",,,
L3|7.2.2.1|L3-CNS2-04|156,JR/T 0072—2020,measurement-unit,L3-CNS2-04 测评单元,Extracted,1,L3-CNS2-04,"测评单元（L3-CNS2-04）
该测评单元包括以下要求：
a)   测评指标： 应具有根据云服务客户业务需求提供通信传输、边界防护、入侵防范等安全机制的能力。
b)   测评对象： 防火墙、入侵检测系统、入侵保护系统和抗APT攻击系统等安全设备。
c)   测评实施包括以下内容：
1)   应核查云计算平台是否具备为云服务客户提供通信传输、边界防护、入侵防范等安全防护机制的能力。
2)   应核查上述安全防护机制是否满足云服务客户的业务需求。
d)   单元判定： 如果1）和2）均为肯定，则符合本测评单元指标要求，否则不符合或部分符合本测评单元指标要求。",,,
L3|7.2.2.1|L3-CNS2-05|156,JR/T 0072—2020,measurement-unit,L3-CNS2-05 测评单元,Extracted,1,L3-CNS2-05,"测评单元（L3-CNS2-05）
该测评单元包括以下要求：
a)   测评指标： 应具有根据云服务客户业务需求自主设置安全策略的能力，包括定义访问路径、选择安全组件、配置安全策略。
b)   测评对象： 云管理平台、 网络管理平台、 网络设备和安全访问路径。
c)   测评实施包括以下内容：
1)   应核查云计算平台是否支持云服务客户自主定义安全策略，包括定义访问路径、选择安全组件、配置安全策略。
2)   应核查云服务客户是否能够自主设置安全策略，包括定义访问路径、选择安全组件、配置安全策略。
d)   单元判定： 如果1）和2）均为肯定，则符合本测评单元指标要求，否则不符合或部分符合本测评单元指标要求。",,,
L3|7.2.3.1|L3-ABS2-01|157,JR/T 0072—2020,measurement-unit,L3-ABS2-01 测评单元,Extracted,1,L3-ABS2-01,"测评单元（L3-ABS2-01）
该测评单元包括以下要求：
a)   测评指标： 应在虚拟化网络边界部署访问控制机制，并设置访问控制规则。
b)   测评对象： 访问控制机制、 网络边界设备和虚拟化网络边界设备。
c)   测评实施包括以下内容：
1)   应核查是否在虚拟化网络边界部署访问控制机制，并设置访问控制规则。
2)   应核查并测试验证云计算平台和云服务客户业务系统虚拟化网络边界访问控制规则和访问控制策略是否有效。
3)   应核查并测试验证云计算平台的网络边界设备或虚拟化网络边界设备安全保障机制、访问控制规则和访问控制策略等是否有效。
4)   应核查并测试验证不同云服务客户间访问控制规则和访问控制策略是否有效。
5)   应核查并测试验证云服务客户不同安全保护等级业务系统之间访问控制规则和访问控制策略是否有效。
d)   单元判定： 如果1） ～5）均为肯定，则符合本测评单元指标要求，否则不符合或部分符合本测评单元指标要求。",,,
L3|7.2.3.1|L3-ABS2-02|157,JR/T 0072—2020,measurement-unit,L3-ABS2-02 测评单元,Extracted,1,L3-ABS2-02,"测评单元（L3-ABS2-02）
该测评单元包括以下要求：
a)   测评指标： 应在不同等级的网络区域边界部署访问控制机制，设置访问控制规则。
b)   测评对象： 网闸、 防火墙、 路由器和交换机等提供访问控制功能的设备。
c)   测评实施包括以下内容：
1)   应核查是否在不同等级的网络区域边界部署访问控制机制，设置访问控制规则。
2)   应核查不同安全等级网络区域边界的访问控制规则和访问控制策略是否有效。
3)   应测试验证不同安全等级的网络区域间进行非法访问时，是否可以正确拒绝该非法访问。
d)   单元判定： 如果1） ～3）均为肯定，则符合本测评单元指标要求，否则不符合或部分符合本测评单元指标要求。",,,
L3|7.2.3.1|L3-ABS2-03|157,JR/T 0072—2020,measurement-unit,L3-ABS2-03 测评单元,Extracted,1,L3-ABS2-03,"测评单元（L3-ABS2-03）
该测评单元包括以下要求：
a)   测评指标： 应实现虚拟机之间、 虚拟机与资源管理和调度平台之间、 虚拟机与外部网络之间的安全访问控制 。（F3）
b)   测评对象： 云计算平台。
c)   测评实施： 应核查云计算平台是否具备不同层面的访问控制能力，如在虚拟防火墙、虚拟路由器、虚拟交换机上配置访问控制策略，实现虚拟机之间、 虚拟机与管理平台之间、 虚拟机与外部网络之间访问控制。
d)   单元判定： 如果以上测评实施内容为肯定，则符合本测评单元指标要求 ，否则不符合本测评单元指标要求。",,,
L3|7.2.3.1|L3-ABS2-04|157,JR/T 0072—2020,measurement-unit,L3-ABS2-04 测评单元,Extracted,1,L3-ABS2-04,"测评单元（L3-ABS2-04）
该测评单元包括以下要求：
a)   测评指标： 应对云计算平台管理员访问管理网络进行访问控制 。（F3）
b)   测评对象： 云计算平台管理员访问控制策略。
c)   测评实施包括以下内容：
1)   应核查是否支持云计算平台管理员访问网络的身份验证和权限控制。
2)   应核查云计算平台对网络资源管理员的访问控制措施是否有效。
d)   单元判定： 如果1）和2）均为肯定，则符合本测评单元指标要求，否则不符合或部分符合本测评单元指标要求。",,,
L3|7.2.3.2|L3-ABS2-05|158,JR/T 0072—2020,measurement-unit,L3-ABS2-05 测评单元,Extracted,1,L3-ABS2-05,"测评单元（L3-ABS2-05）
该测评单元包括以下要求：
a)   测评指标： 应能检测到云服务客户发起的网络攻击行为，并能记录攻击类型、 攻击时间、 攻击流量等。
b)   测评对象：抗APT攻击系统、网络回溯系统、威胁情报检测系统、抗DDoS攻击系统和入侵保护系统或相关组件。
c)   测评实施包括以下内容：
1)   应核查是否采取了入侵防范措施对网络入侵行为进行防范，如部署抗 APT 攻击系统、 网络回溯系统和网络入侵保护系统等入侵防范设备或相关组件。
2)   应核查部署的抗 APT 攻击系统、 网络入侵保护系统等入侵防范设备或相关组件的规则库升级方式，核查规则库是否进行及时更新。
3)   应核查部署的抗 APT 攻击系统、 网络入侵保护系统等入侵防范设备或相关组件是否具备异常流量、 大规模攻击流量、 高级持续性攻击的检测功能， 以及报警功能和清洗处置功能。
4)   应验证抗 APT 攻击系统、 网络入侵保护系统等入侵防范设备或相关组件对异常流量和未知威胁的监控策略是否有效（如模拟产生攻击动作，验证入侵防范设备或相关组件是否能记录攻击类型、 攻击时间、攻击流量）。
5)   应验证抗 APT 攻击系统、 网络入侵保护系统等入侵防范设备或相关组件对云服务客户网络攻击行为的报警策略是否有效（如模拟产生攻击动作，验证抗 APT 攻击系统或网络入侵保护系统是否能实时报警）。
6)   应核查抗 APT 攻击系统、网络入侵保护系统等入侵防范设备或相关组件是否具有对 SQL 注入、跨站脚本等攻击行为的发现和阻断能力。
7)   应核查抗 APT 攻击系统、 网络入侵保护系统等入侵防范设备或相关组件是否能够检测出具有恶意行为、过分占用计算资源和带宽资源等恶意行为的虚拟机。
8)   应核查云管理平台对云服务客户攻击行为的防范措施，核查是否能够对云服务客户的网络攻击行为进行记录，记录应包括攻击类型、 攻击时间和攻击流量等内容。
9)   应核查云管理平台或入侵防范设备是否能够对云计算平台内部发起的恶意攻击或恶意外连行为进行限制，核查是否能够对内部行为进行监控。
10) 通过对外攻击发生器伪造对外攻击行为，核查云服务客户的网络攻击日志，确认是否正确记录相应的攻击行为，攻击行为日志记录是否包含攻击类型、攻击时间、攻击者 IP 和攻击流量规模等内容。
11) 应核查运行虚拟机监控器（VMM）、容器监控器和云管理平台软件的物理主机，确认其安全加固手段是否能够避免或减少虚拟化共享带来的安全漏洞。
d)   单元判定：如果1）～11）均为肯定，则符合本测评单元指标要求，否则不符合或部分符合本测评单元指标要求。",,,
L3|7.2.3.2|L3-ABS2-06|158,JR/T 0072—2020,measurement-unit,L3-ABS2-06 测评单元,Extracted,1,L3-ABS2-06,"测评单元（L3-ABS2-06）
该测评单元包括以下要求：
a)   测评指标： 应能检测到对虚拟网络节点的网络攻击行为，并能记录攻击类型、 攻击时间、 攻击流量等。
b)   测评对象：抗APT攻击系统、网络回溯系统、威胁情报检测系统、抗DDoS攻击系统和入侵保护系统或相关组件。
c)   测评实施包括以下内容：
1)   应核查是否部署网络攻击行为检测设备或相关组件对虚拟网络节点的网络攻击行为进行防范，并能记录攻击类型、攻击时间、 攻击流量等。
2)   应核查网络攻击行为检测设备或相关组件的规则库是否为最新。
3)   应测试验证网络攻击行为检测设备或相关组件对异常流量和未知威胁的监控策略是否有效。
d)   单元判定： 如果1） ～3）均为肯定，则符合本测评单元指标要求，否则不符合或部分符合本测评单元指标要求。",,,
L3|7.2.3.2|L3-ABS2-07|159,JR/T 0072—2020,measurement-unit,L3-ABS2-07 测评单元,Extracted,1,L3-ABS2-07,"测评单元（L3-ABS2-07）
该测评单元包括以下要求：
a)   测评指标： 应能检测到虚拟机与宿主机、 虚拟机与虚拟机之间的异常流量。
b)   测评对象：虚拟机、宿主机、抗APT攻击系统、 网络回溯系统、威胁情报检测系统、抗DDoS攻击系统和入侵保护系统或相关组件。
c)   测评实施包括以下内容：
1)   应核查是否具备虚拟机与宿主机之间、虚拟机与虚拟机之间的异常流量的检测功能。
2)   应测试验证对异常流量的监测策略是否有效。
d)   单元判定： 如果1）和2）均为肯定，则符合本测评单元指标要求，否则不符合或部分符合本测评单元指标要求。",,,
L3|7.2.3.2|L3-ABS2-08|159,JR/T 0072—2020,measurement-unit,L3-ABS2-08 测评单元,Extracted,1,L3-ABS2-08,"测评单元（L3-ABS2-08）
该测评单元包括以下要求：
a)   测评指标： 应在检测到网络攻击行为、 异常流量情况时进行告警。
b)   测评对象：虚拟机、宿主机、抗APT攻击系统、 网络回溯系统、威胁情报检测系统、抗DDoS攻击系统和入侵保护系统或相关组件。
c)   测评实施包括以下内容：
1)   应核查检测到网络攻击行为、 异常流量时是否进行告警。
2)   应测试验证其对异常流量的监测策略是否有效。
d)   单元判定： 如果1）和2）均为肯定，则符合本测评单元指标要求，否则不符合或部分符合本测评单元指标要求。",,,
L3|7.2.3.2|L3-ABS2-09|159,JR/T 0072—2020,measurement-unit,L3-ABS2-09 测评单元,Extracted,1,L3-ABS2-09,"测评单元（L3-ABS2-09）
该测评单元包括以下要求：
a)   测评指标： 应检测和防护云计算平台内部虚拟机发起的针对云计算平台的攻击， 能够定位发起攻击的虚拟机，记录攻击类型、 攻击时间、 攻击流量等信息 。（F3）
b)   测评对象： 安全服务、 安全组件、监测信息。
c)   测评实施包括以下内容：
1)   应核查云计算平台是否对内部虚拟机发起的针对云计算平台的攻击进行识别、检测与防护。
2)   应核查云计算平台是否能够定位发起攻击的虚拟机，记录攻击类型、 攻击时间、攻击流量。
d)   单元判定： 如果1）和2）均为肯定，则符合本测评单元指标要求，否则不符合或部分符合本测评单元指标要求。",,,
L3|7.2.3.2|L3-ABS2-10|159,JR/T 0072—2020,measurement-unit,L3-ABS2-10 测评单元,Extracted,1,L3-ABS2-10,"测评单元（L3-ABS2-10）
该测评单元包括以下要求：
a)   测评指标：云服务客户通过互联网提供金融服务时，应支持DoS/DDoS攻击防护，通过清洗DoS/DDoS攻击流量，保障网络、服务器及上层应用的可用性 。（F3）
b)   测评对象： 入侵保护系统、DoS/DDoS防护模块或相关组件。
c)   测评实施包括以下内容：
1)   应核查系统是否具备对 DoS/DDoS 攻击的防护措施。
2)   应核查历史记录或测试验证对 DoS/DDoS 攻击的防护措施是否有效（如模拟产生攻击动作，验证入侵保护系统和相关组件等）。
d)   单元判定： 如果1）和2）均为肯定，则符合本测评单元指标要求，否则不符合或部分符合本测评单元指标要求。",,,
L3|7.2.3.2|L3-ABS2-11|159,JR/T 0072—2020,measurement-unit,L3-ABS2-11 测评单元,Extracted,1,L3-ABS2-11,"测评单元（L3-ABS2-11）
该测评单元包括以下要求：
a)   测评指标：云服务客户通过互联网提供金融服务时 ，应支持检测Web应用漏洞，拦截SQL注入、XSS攻击等多种Web应用攻击行为 。（F3）
b)   测评对象： 入侵保护系统Web应用防火墙或相关组件。
c)   测评实施包括以下内容：
1)   应核查相关系统或设备是否具备 Web 应用漏洞检测功能 ，包括拦截 SQL 注入、XSS 攻击相关功能。
2)   应测试验证或核查历史记录判断相关系统或设备的检测措施是否有效。
d)   单元判定： 如果1）和2）均为肯定，则符合本测评单元指标要求，否则不符合或部分符合本测评单元指标要求。",,,
L3|7.2.3.3|L3-ABS2-12|160,JR/T 0072—2020,measurement-unit,L3-ABS2-12 测评单元,Extracted,1,L3-ABS2-12,"测评单元（L3-ABS2-12）
该测评单元包括以下要求：
a)   测评指标： 应对云服务商和云服务客户在远程管理时执行的特权命令进行审计，至少包括虚拟机删除、虚拟机重启。
b)   测评对象： 堡垒机或相关组件。
c)   测评实施包括以下内容：
1)   应核查云服务商（含第三方运维服务商）和云服务客户在远程管理时执行的远程特权命令是否有相关审计记录。
2)   应测试验证云服务商或云服务客户远程删除或重启虚拟机后，是否有产生相应审计记录。
d)   单元判定： 如果1）和2）均为肯定，则符合本测评单元指标要求，否则不符合或部分符合本测评单元指标要求。",,,
L3|7.2.3.3|L3-ABS2-13|160,JR/T 0072—2020,measurement-unit,L3-ABS2-13 测评单元,Extracted,1,L3-ABS2-13,"测评单元（L3-ABS2-13）
该测评单元包括以下要求：
a)   测评指标： 应保证云服务商对云服务客户系统和数据的操作可被云服务客户审计。
b)   测评对象： 综合审计系统或相关组件。
c)   测评实施包括以下内容：
1)   应核查是否能够保证云服务商对云服务客户系统和数据的操作（如增、删、 改、 查等操作）可被云服务客户审计。
2)   应测试验证云服务商对云服务客户系统和数据的操作是否可被云服务客户审计。
d)   单元判定： 如果1）和2）均为肯定，则符合本测评单元指标要求，否则不符合或部分符合本测评单元指标要求。",,,
L3|7.3.2.1|L3-CNS3-01|171,JR/T 0072—2020,measurement-unit,L3-CNS3-01 测评单元,Extracted,1,L3-CNS3-01,"测评单元（L3-CNS3-01）
该测评单元包括以下要求：
a)   测评指标：应在移动终端与服务器之间建立安全的信息传输通道，例如使用有效安全版本的 TLS或 IPSec 等协议 。（F3）
b)   测评对象： 路由器、 交换机、 无线接入设备和防火墙等提供网络通信功能的设备或相关组件的协议。
c)   测评实施： 应劫持移动端与服务器之间传输协议，核查传输协议类型和版本是否安全。
d)   单元判定： 如果以上测评实施内容为肯定，则符合本测评单元指标要求，否则不符合本测评单元指标要求。",,,
L3|7.3.2.1|L3-CNS3-02|172,JR/T 0072—2020,measurement-unit,L3-CNS3-02 测评单元,Extracted,1,L3-CNS3-02,"测评单元（L3-CNS3-02）
该测评单元包括以下要求：
a)   测评指标： 客户端应用软件与服务器应进行双向认证，可通过密钥、证书等密码技术手段实现服务器与客户端应用软件之间的安全认证 。（F3）
b)   测评对象： 客户端认证协议。
c)   测评实施包括以下内容：
1)   应核查客户端应用软件与服务器是否采用双向协议。
2)   应核查认证方式是否为安全认证方式。
d)   单元判定：如果 1）和 2）均为肯定，则符合本测评单元指标要求，否则不符合或部分符合本测评单元指标要求。",,,
L3|7.3.3.1|L3-ABS3-01|172,JR/T 0072—2020,measurement-unit,L3-ABS3-01 测评单元,Extracted,1,L3-ABS3-01,"测评单元（L3-ABS3-01）
该测评单元包括以下要求：
a)   测评指标： 应保证有线网络与无线网络边界之间的访问和数据流通过无线接入网关设备。
b)   测评对象： 无线接入网关设备。
c)   测评实施： 应核查有线网络与无线网络边界之间是否部署无线接入网关设备。
d)   单元判定： 如果以上测评实施内容为肯定，则符合本测评单元指标要求，否则不符合本测评单元指标要求。",,,
L3|7.3.3.3|L3-ABS3-03|173,JR/T 0072—2020,measurement-unit,L3-ABS3-03 测评单元,Extracted,1,L3-ABS3-03,"测评单元（L3-ABS3-03）
该测评单元包括以下要求：
a)   测评指标： 应能够检测到非授权无线接入设备和非授权移动终端的接入行为。
b)   测评对象： 终端准入控制系统、 移动终端管理系统或相关组件。
c)   测评实施包括以下内容：
1)   应核查是否能够检测非授权无线接入设备和移动终端的接入行为。
2)   应测试验证是否能够检测非授权无线接入设备和移动终端的接入行为。
d)   单元判定：如果 1）和 2）均为肯定，则符合本测评单元指标要求，否则不符合或部分符合本测评单元指标要求。",,,
L3|7.3.3.3|L3-ABS3-04|173,JR/T 0072—2020,measurement-unit,L3-ABS3-04 测评单元,Extracted,1,L3-ABS3-04,"测评单元（L3-ABS3-04）
该测评单元包括以下要求：
a)   测评指标： 应能够检测到针对无线接入设备的网络扫描、DDoS 攻击、密钥破解、 中间人攻击和欺骗攻击等行为。
b)   测评对象：抗 APT 攻击系统、网络回溯系统、威胁情报检测系统、抗 DDoS 攻击系统和入侵保护系统或相关组件。
c)   测评实施包括以下内容：
1)   应核查是否能够对网络扫描、DDoS 攻击、密钥破解、中间人攻击和欺骗攻击等行为进行检测。
2)   应核查规则库版本是否及时更新。
d)   单元判定：如果 1）和 2）均为肯定，则符合本测评单元指标要求，否则不符合或部分符合本测评单元指标要求。",,,
L3|7.3.3.3|L3-ABS3-05|173,JR/T 0072—2020,measurement-unit,L3-ABS3-05 测评单元,Extracted,1,L3-ABS3-05,"测评单元（L3-ABS3-05）
该测评单元包括以下要求：
a)   测评指标： 应能够检测到无线接入设备的SSID 广播、WPS 等高风险功能的开启状态。
b)   测评对象： 无线接入设备或相关组件。
c)   测评实施： 应核查是否能够检测无线接入设备的SSID 广播、WPS 等高风险功能的开启状态。
d)   单元判定： 如果以上测评实施内容为肯定，则符合本测评单元指标要求，否则不符合本测评单元指标要求。",,,
L3|7.3.3.3|L3-ABS3-06|173,JR/T 0072—2020,measurement-unit,L3-ABS3-06 测评单元,Extracted,1,L3-ABS3-06,"测评单元（L3-ABS3-06）
该测评单元包括以下要求：
a)   测评指标： 应禁用无线接入设备和无线接入网关存在风险的功能，如： SSID 广播、WEP 认证等。
b)   测评对象： 无线接入设备和无线接入网关设备。
c)   测评实施： 应核查是否关闭了SSID 广播、WEP 认证等存在风险的功能。
d)   单元判定： 如果以上测评实施内容为肯定，则符合本测评单元指标要求，否则不符合本测评单元指标要求。",,,
L3|7.3.3.3|L3-ABS3-07|173,JR/T 0072—2020,measurement-unit,L3-ABS3-07 测评单元,Extracted,1,L3-ABS3-07,"测评单元（L3-ABS3-07）
该测评单元包括以下要求：
a)   测评指标： 应禁止多个 AP 使用同一个认证密钥。
b)   测评对象： 无线接入设备。
c)   测评实施： 应核查是否分别使用了不同的认证密钥。
d)   单元判定： 如果以上测评实施内容为肯定，则符合本测评单元指标要求，否则不符合本测评单元指标要求。",,,
L3|7.3.3.3|L3-ABS3-08|174,JR/T 0072—2020,measurement-unit,L3-ABS3-08 测评单元,Extracted,1,L3-ABS3-08,"测评单元（L3-ABS3-08）
该测评单元包括以下要求：
a)   测评指标： 应能够阻断非授权无线接入设备或非授权移动终端。
b)   测评对象： 终端准入控制系统、 移动终端管理系统或相关组件。
c)   测评实施包括以下内容：
1)   应核查是否能够阻断非授权无线接入设备或非授权移动终端接入。
2)   应测试验证是否能够阻断非授权无线接入设备或非授权移动终端接入。
d)   单元判定：如果 1）和 2）均为肯定，则符合本测评单元指标要求，否则不符合或部分符合本测评单元指标要求。",,,
L3|7.4.2.1|L3-ABS4-01|179,JR/T 0072—2020,measurement-unit,L3-ABS4-01 测评单元,Extracted,1,L3-ABS4-01,"测评单元（L3-ABS4-01）
该测评单元包括以下要求：
a)   测评指标： 应保证只有授权的感知节点可以接入，应保证感知节点 、 感知网关节点及处理应用层任意两者间相互鉴别和授权，非授权的感知节点、感知网关节点、处理应用层不能相互接入 。（F3）
b)   测评对象： 感知节点设备、 感知网关节点及处理应用层和设计文档。
c)   测评实施包括以下内容：
1)   应核查感知节点、感知网关节点及处理应用层任意两者间是否可相互进行鉴别和授权。
2)   应对边界和感知层网络进行渗透测试，测试验证是否不存在绕过相关接入控制措施以及身份鉴别机制的方法。
d)   单元判定：如果 1）和 2）均为肯定，则符合本测评单元指标要求，否则不符合或部分符合本测评单元指标要求。",,,
L3|7.4.2.1|L3-ABS4-02|180,JR/T 0072—2020,measurement-unit,L3-ABS4-02 测评单元,Extracted,1,L3-ABS4-02,"测评单元（L3-ABS4-02）
该测评单元包括以下要求：
a)   测评指标： 每个感知节点和感知网关节点应具备传感网络中唯一标识，且该标识不应被非授权访问所篡改 。（F3）
b)   测评对象： 感知节点和感知网关节点设备的功能和系统设计文档、产品白皮书。
c)   测评实施包括以下内容：
1)   应核查感知节点和感知网关节点设备的功能和系统设计文档、产品白皮书，是否可创建永久唯一标识符。
2)   应核查感知节点和感知网关节点设备，创建的传感网络中唯一标识是否不可被非授权访问所篡改。
d)   单元判定：如果 1）和 2）均为肯定，则符合本测评单元指标要求，否则不符合或部分符合本测评单元指标要求。",,,
L3|7.4.2.1|L3-ABS4-03|180,JR/T 0072—2020,measurement-unit,L3-ABS4-03 测评单元,Extracted,1,L3-ABS4-03,"测评单元（L3-ABS4-03）
该测评单元包括以下要求：
a)   测评指标： 具有指令接收功能的感知节点设备 ，应保证只有授权过的系统 、 终端可以对感知节点下发指令 。（F3）
b)   测评对象： 感知节点设备和设计文档。
c)   测评实施包括以下内容：
1)   应核查感知节点设备接入机制设计文档是否具有防止非法系统、 终端设备下发指令的设计内容。
2)   应对边界和感知层网络进行渗透测试，测试验证是否不存在非法下发指令的可能。
d)   单元判定：如果 1）和 2）均为肯定，则符合本测评单元指标要求，否则不符合或部分符合本测评单元指标要求。",,,
L3|7.4.2.2|L3-ABS4-05|180,JR/T 0072—2020,measurement-unit,L3-ABS4-05 测评单元,Extracted,1,L3-ABS4-05,"测评单元（L3-ABS4-05）
该测评单元包括以下要求：
a)   测评指标： 应能够限制与感知节点通信的目标地址， 以避免对陌生地址的攻击行为。
b)   测评对象： 感知节点设备和设计文档。
c)   测评实施包括以下内容：
1)   应核查感知层安全设计文档，是否有对感知节点通信目标地址的控制措施说明。
2)   应核查感知节点设备，是否配置了对感知节点通信目标地址的控制措施，相关参数配置是否符合设计要求。
3)   应对感知节点设备进行渗透测试，测试是否能够限制感知节点设备对违反访问控制策略的通信目标地址进行访问或攻击。
d)   单元判定： 如果 1）～3）均为肯定，则符合本测评单元指标要求，否则不符合或部分符合本测评单元指标要求。",,,
L3|7.4.2.2|L3-ABS4-06|181,JR/T 0072—2020,measurement-unit,L3-ABS4-06 测评单元,Extracted,1,L3-ABS4-06,"测评单元（L3-ABS4-06）
该测评单元包括以下要求：
a)   测评指标： 应能够限制与网关节点通信的目标地址， 以避免对陌生地址的攻击行为。
b)   测评对象： 网关节点设备和设计文档。
c)   测评实施包括以下内容：
1)   应核查感知层安全设计文档，是否有对网关节点通信目标地址的控制措施说明。
2)   应核查网关节点设备，是否配置了对网关节点通信目标地址的控制措施，相关参数配置是否符合设计要求。
3)   应对感知节点设备进行渗透测试，测试是否能够限制网关节点设备对违反访问控制策略的通信目标地址进行访问或攻击。
d)   单元判定： 如果 1）～3）均为肯定，则符合本测评单元指标要求，否则不符合或部分符合本测评单元指标要求。",,,
L3|7.4.2.2|L3-ABS4-07|181,JR/T 0072—2020,measurement-unit,L3-ABS4-07 测评单元,Extracted,1,L3-ABS4-07,"测评单元（L3-ABS4-07）
该测评单元包括以下要求：
a)   测评指标： 当感知网关节点检测到攻击行为时 ，应上报攻击源 IP、攻击类型 、攻击时间等信息。 （F3）
b)   测评对象： 网关节点设备和报警信息。
c)   测评实施包括以下内容：
1)   应测试验证当感知网关节点受到攻击行为是否进行报警。
2)   应测试验证报警信息是否包含攻击源 IP、攻击类型、 攻击时间等。
d)   单元判定： 如果 1）和 2）均为肯定 ，则符合本测评单元指标要求 ， 否则不符合或部分符合本测评单元指标要求。",,,
L3|7.4.3.2|L3-CES4-07|183,JR/T 0072—2020,measurement-unit,L3-CES4-07 测评单元,Extracted,1,L3-CES4-07,"测评单元（L3-CES4-07）
该测评单元包括以下要求：
a)   测评指标： 应具备过滤非法节点和伪造节点所发送的数据的能力。
b)   测评对象： 网关节点设备。
c)   测评实施包括以下内容：
1)   应核查是否具备过滤非法节点和伪造节点发送的数据的功能。
2)   应测试验证是否能够过滤非法节点和伪造节点发送的数据。
d)   单元判定： 如果 1）和 2）均为肯定 ，则符合本测评单元指标要求 ， 否则不符合或部分符合本测评单元指标要求。",,,
L4|8.1.2.1|L4-CNS1-01|197,JR/T 0072—2020,measurement-unit,L4-CNS1-01 测评单元,Extracted,1,L4-CNS1-01,"测评单元（L4-CNS1-01）
该测评单元包括以下要求：
a)   测评指标： 应保证网络设备的业务处理能力满足业务高峰期需要，如： 业务处理能力能满足业务高峰期需要的 50%以上 。（F4）
b)   测评对象： 路由器、 交换机、无线接入设备和防火墙等提供网络通信功能的设备或相关组件。
c)   测评实施包括以下内容：
1)   应核查业务高峰时期一段时间内主要网络设备的 CPU 使用率和内存使用率是否满足需要。
2)   应核查网络设备是否从未出现过因设备性能问题导致的宕机情况。
3)   应测试验证设备是否满足业务高峰期需求。
d)   单元判定： 如果 1）～3）均为肯定，则符合本测评单元指标要求，否则不符合或部分符合本测评单元指标要求。",,,
L4|8.1.2.1|L4-CNS1-02|197,JR/T 0072—2020,measurement-unit,L4-CNS1-02 测评单元,Extracted,1,L4-CNS1-02,"测评单元（L4-CNS1-02）
该测评单元包括以下要求：
a)   测评指标： 应保证网络各个部分的带宽满足业务高峰期需要。
b)   测评对象： 综合网管系统等。
c)   测评实施包括以下内容：
1)   应核查综合网管系统各通信链路带宽是否满足高峰时段的业务流量需要。
2)   应测试验证网络带宽是否满足业务高峰期需求。
d)   单元判定：如果 1）和 2）均为肯定，则符合本测评单元指标要求，否则不符合或部分符合本测评单元指标要求。",,,
L4|8.1.2.1|L4-CNS1-03|197,JR/T 0072—2020,measurement-unit,L4-CNS1-03 测评单元,Extracted,1,L4-CNS1-03,"测评单元（L4-CNS1-03）
该测评单元包括以下要求：
a)   测评指标： 应划分不同的网络区域，并按照方便管理和控制的原则为各网络区域分配地址。
b)   测评对象： 路由器、 交换机、无线接入设备和防火墙等提供网络通信功能的设备或相关组件。
c)   测评实施包括以下内容：
1)   应核查是否依据重要性、 部门等因素划分不同的网络区域。
2)   应核查相关网络设备配置信息，验证划分的网络区域是否与划分原则一致。
d)   单元判定：如果 1）和 2）均为肯定，则符合本测评单元指标要求，否则不符合或部分符合本测评单元指标要求。",,,
L4|8.1.2.1|L4-CNS1-04|198,JR/T 0072—2020,measurement-unit,L4-CNS1-04 测评单元,Extracted,1,L4-CNS1-04,"测评单元（L4-CNS1-04）
该测评单元包括以下要求：
a)   测评指标： 应避免将重要网络区域部署在边界处，重要网络区域与其他网络区域之间应采取可靠的技术隔离手段。
b)   测评对象： 网络拓扑。
c)   测评实施包括以下内容：
1)   应核查网络拓扑图是否与实际网络运行环境一致。
2)   应核查重要网络区域是否未部署在网络边界处。
3)   应核查重要网络区域与其他网络区域之间是否采取可靠的技术隔离手段，如网闸、 防火墙和设备访问控制列表（ACL）等。
d)   单元判定： 如果 1）～3）均为肯定，则符合本测评单元指标要求，否则不符合或部分符合本测评单元指标要求。",,,
L4|8.1.2.1|L4-CNS1-05|198,JR/T 0072—2020,measurement-unit,L4-CNS1-05 测评单元,Extracted,1,L4-CNS1-05,"测评单元（L4-CNS1-05）
该测评单元包括以下要求：
a)   测评指标： 应提供通信线路、 关键网络设备和关键计算设备的硬件冗余，保证系统的可用性，双线路设计时，宜由不同的电信运营商提供 。（F4）
b)   测评对象： 网络管理员和网络拓扑。
c)   测评实施包括以下内容：
1)   应核查是否有关键网络设备、 安全设备和关键计算设备的硬件冗余（主备或双活等）和通信线路冗余。
2)   应核查通信线路是否由不同电信运营商提供。
d)   单元判定：如果 1）和 2）均为肯定，则符合本测评单元指标要求，否则不符合或部分符合本测评单元指标要求。",,,
L4|8.1.2.1|L4-CNS1-06|198,JR/T 0072—2020,measurement-unit,L4-CNS1-06 测评单元,Extracted,1,L4-CNS1-06,"测评单元（L4-CNS1-06）
该测评单元包括以下要求：
a)   测评指标： 应按照业务服务的重要程度分配带宽，优先保障重要业务。
b)   测评对象： 路由器、 交换机和流量控制设备等提供带宽控制功能的设备或相关组件。
c)   测评实施： 应核查带宽控制设备是否按照业务服务的重要程度配置并启用了带宽策略。
d)   单元判定： 如果以上测评实施内容为肯定 ，则符合本测评单元指标要求，否则不符合本测评单元指标要求。",,,
L4|8.1.2.1|L4-CNS1-07|198,JR/T 0072—2020,measurement-unit,L4-CNS1-07 测评单元,Extracted,1,L4-CNS1-07,"测评单元（L4-CNS1-07）
该测评单元包括以下要求：
a)   测评指标： 应使用前置设备实现跨机构联网系统与入网金融机构业务主机系统的隔离， 防止外部系统直接对入网金融机构业务主机的访问和操作 。（F4）
b)   测评对象： 路由器、 交换机和流量控制设备等提供带宽控制功能的设备或相关组件。
c)   测评实施包括以下内容：
1)   应核查是否使用前置设备实现跨机构联网系统与入网金融机构业务主机系统的隔离。
2)   应测试验证前置设备是否能够防止外部系统直接对入网金融机构业务主机进行访问和操作。
d)   单元判定：如果 1）和 2）均为肯定，则符合本测评单元指标要求，否则不符合或部分符合本测评单元指标要求。",,,
L4|8.1.2.1|L4-CNS1-08|198,JR/T 0072—2020,measurement-unit,L4-CNS1-08 测评单元,Extracted,1,L4-CNS1-08,"测评单元（L4-CNS1-08）
该测评单元包括以下要求：
a)   测评指标： 应使用专用网络用于金融机构间的重要信息交换，与公用数据网络隔离 。（F4）
b)   测评对象： 路由器、 交换机和流量控制设备等提供带宽控制功能的设备或相关组件。
c)   测评实施： 应核查是否使用与公用数据网络隔离的专用网络用于金融机构间的重要信息交换。
d)   单元判定： 如果以上测评实施内容为肯定 ，则符合本测评单元指标要求，否则不符合本测评单元指标要求。",,,
L4|8.1.2.1|L4-CNS1-09|199,JR/T 0072—2020,measurement-unit,L4-CNS1-09 测评单元,Extracted,1,L4-CNS1-09,"测评单元（L4-CNS1-09）
该测评单元包括以下要求：
a)   测评指标： 机构应至少通过两条主干链路接入跨机构交易交换网络，并可根据实际情况选择使用专用的通信链路 。 两条主干链路应具有不同的路由 ， 当一条链路发生异常时 ，另一条链路应能承载全部的交易数据 。（F4）
b)   测评对象： 路由器、 交换机和流量控制设备等提供带宽控制功能的设备或相关组件。
c)   测评实施包括以下内容：
1)   应核查机构是否至少通过两条主干链路接入跨机构交易交换网络，是否可根据实际情况选择使用专用的通信链路。
2)   应核查两条主干链路是否具有不同的路由。
3)   应核查当一条链路发生异常时，另一条链路是否能承载全部的交易数据。
d)   单元判定： 如果 1）～3）均为肯定，则符合本测评单元指标要求，否则不符合或部分符合本测评单元指标要求。",,,
L4|8.1.2.2|L4-CNS1-10|199,JR/T 0072—2020,measurement-unit,L4-CNS1-10 测评单元,Extracted,1,L4-CNS1-10,"测评单元（L4-CNS1-10）
该测评单元包括以下要求：
a)   测评指标： 应采用密码技术保证通信过程中数据的完整性，并按照国家密码管理部门与行业有关要求使用密码算法 。（F4）
b)   测评对象： 提供密码技术功能的设备或组件。
c)   测评实施包括以下内容：
1)   应核查是否在数据传输过程中使用密码技术来保证其完整性。
2)   应核查完整性措施所使用的密码算法是否符合国家密码管理部门与行业有关要求。
3)   应测试验证密码技术设备或组件能否保证通信过程中数据的完整性。
d)   单元判定： 如果 1）～3）均为肯定，则符合本测评单元指标要求，否则不符合或部分符合本测评单元指标要求。",,,
L4|8.1.2.2|L4-CNS1-11|199,JR/T 0072—2020,measurement-unit,L4-CNS1-11 测评单元,Extracted,1,L4-CNS1-11,"测评单元（L4-CNS1-11）
该测评单元包括以下要求：
a)   测评指标： 应采用密码技术保证通信过程中数据的保密性，并按照国家密码管理部门与行业有关要求使用密码算法 。（F4）
b)   测评对象： 提供密码技术功能的设备或组件。
c)   测评实施包括以下内容：
1)   应核查是否在通信过程中采取保密措施，具体采用哪些技术措施。
2)   应核查保密技术措施使用的密码算法是否符合国家密码管理部门与行业有关要求。
3)   应测试验证在通信过程中是否对数据进行加密。
d)   单元判定： 如果 1）～3）均为肯定，则符合本测评单元指标要求，否则不符合或部分符合本测评单元指标要求。",,,
L4|8.1.2.2|L4-CNS1-12|199,JR/T 0072—2020,measurement-unit,L4-CNS1-12 测评单元,Extracted,1,L4-CNS1-12,"测评单元（L4-CNS1-12）
该测评单元包括以下要求：
a)   测评指标： 应在通信前基于密码技术对通信的双方进行验证或认证。
b)   测评对象： 提供密码技术功能的设备或组件。
c)   测评实施： 应核查是否能在通信双方建立连接之前利用密码技术进行会话初始化验证或认证。
d)   单元判定： 如果以上测评实施内容为肯定 ，则符合本测评单元指标要求，否则不符合本测评单元指标要求。",,,
L4|8.1.2.2|L4-CNS1-13|200,JR/T 0072—2020,measurement-unit,L4-CNS1-13 测评单元,Extracted,1,L4-CNS1-13,"测评单元（L4-CNS1-13）
该测评单元包括以下要求：
a)   测评指标： 应基于硬件密码模块对重要通信过程进行密码运算和密钥管理。
b)   测评对象： 提供密码技术功能的设备或组件。
c)   测评实施包括以下内容：
1)   应核查是否基于硬件密码模块产生密钥并进行密码运算。
2)   应核查相关产品是否获得有效的国家密码管理主管部门规定的检测报告或密码产品型号证书。
d)   单元判定：如果 1）和 2）均为肯定，则符合本测评单元指标要求，否则不符合或部分符合本测评单元指标要求。",,,
L4|8.1.3.1|L4-ABS1-01|200,JR/T 0072—2020,measurement-unit,L4-ABS1-01 测评单元,Extracted,1,L4-ABS1-01,"测评单元（L4-ABS1-01）
该测评单元包括以下要求：
a)   测评指标： 应保证跨越边界的访问和数据流通过边界设备提供的受控接口进行通信。
b)   测评对象： 网闸、 防火墙、 路由器、 交换机和无线接入网关设备等提供访问控制功能的设备或相关组件。
c)   测评实施包括以下内容：
1)   应核查在网络边界处是否部署访问控制设备。
2)   应核查设备配置信息是否指定端口进行跨越边界的网络通信，指定端口是否配置并启用了安全策略。
3)   应采用其他技术手段（如非法无线网络设备定位、 核查设备配置信息等）核查或测试验证是否不存在其他未受控端口进行跨越边界的网络通信。
d)   单元判定： 如果 1）～3）均为肯定，则符合本测评单元指标要求，否则不符合或部分符合本测评单元指标要求。",,,
L4|8.1.3.1|L4-ABS1-02|200,JR/T 0072—2020,measurement-unit,L4-ABS1-02 测评单元,Extracted,1,L4-ABS1-02,"测评单元（L4-ABS1-02）
该测评单元包括以下要求：
a)   测评指标： 应能够对非授权设备私自联到内部网络的行为进行检查或限制。
b)   测评对象： 终端管理系统或相关设备。
c)   测评实施包括以下内容：
1)   应核查是否采用技术措施防止非授权设备接入内部网络。
2)   应核查所有路由器和交换机等相关设备闲置端口是否均已关闭。
d)   单元判定：如果 1）和 2）均为肯定，则符合本测评单元指标要求，否则不符合或部分符合本测评单元指标要求。",,,
L4|8.1.3.1|L4-ABS1-03|201,JR/T 0072—2020,measurement-unit,L4-ABS1-03 测评单元,Extracted,1,L4-ABS1-03,"测评单元（L4-ABS1-03）
该测评单元包括以下要求：
a)   测评指标： 应能够对内部用户非授权联到外部网络的行为进行检查或限制。
b)   测评对象： 终端管理系统或相关设备。
c)   测评实施： 应核查是否采用技术措施防止内部用户存在非法外联行为。
d)   单元判定： 如果以上测评实施内容为肯定 ，则符合本测评单元指标要求，否则不符合本测评单元指标要求。",,,
L4|8.1.3.1|L4-ABS1-05|201,JR/T 0072—2020,measurement-unit,L4-ABS1-05 测评单元,Extracted,1,L4-ABS1-05,"测评单元（L4-ABS1-05）
该测评单元包括以下要求：
a)   测评指标： 应能够在发现非授权设备私自联到内部网络的行为或内部用户非授权联到外部网络的行为时，对其进行有效阻断。
b)   测评对象： 终端管理系统或相关设备。
c)   测评实施包括以下内容：
1)   应核查是否采用技术措施能够对非授权设备接入内部网络的行为进行有效阻断。
2)   应核查是否采用技术措施能够对内部用户非授权联到外部网络的行为进行有效阻断。
3)   应测试验证是否能够对非授权设备私自联到内部网络的行为或内部用户非授权联到外部网络的行为进行有效阻断。
d)   单元判定： 如果 1）～3）均为肯定，则符合本测评单元指标要求，否则不符合或部分符合本测评单元指标要求。",,,
L4|8.1.3.2|L4-ABS1-07|202,JR/T 0072—2020,measurement-unit,L4-ABS1-07 测评单元,Extracted,1,L4-ABS1-07,"测评单元（L4-ABS1-07）
该测评单元包括以下要求：
a)   测评指标： 应在网络边界或区域之间根据访问控制策略设置访问控制规则，默认情况下除允许通信外受控接口拒绝所有通信。
b)   测评对象： 网闸、 防火墙、 路由器、 交换机和无线接入网关设备等提供访问控制功能的设备或相关组件。
c)   测评实施包括以下内容：
1)   应核查在网络边界或区域之间是否部署访问控制设备并启用访问控制策略。
2)   应核查设备的最后一条访问控制策略是否为禁止所有网络通信。
d)   单元判定：如果 1）和 2）均为肯定，则符合本测评单元指标要求，否则不符合或部分符合本测评单元指标要求。",,,
L4|8.1.3.2|L4-ABS1-08|202,JR/T 0072—2020,measurement-unit,L4-ABS1-08 测评单元,Extracted,1,L4-ABS1-08,"测评单元（L4-ABS1-08）
该测评单元包括以下要求：
a)   测评指标： 应删除多余或无效的访问控制规则，优化访问控制列表，并保证访问控制规则数量最小化。
b)   测评对象： 网闸、 防火墙、 路由器、 交换机和无线接入网关设备等提供访问控制功能的设备或相关组件。
c)   测评实施包括以下内容：
1)   应核查是否不存在多余或无效的访问控制策略。
2)   应核查不同的访问控制策略之间的逻辑关系及前后排列顺序是否合理。
d)   单元判定：如果 1）和 2）均为肯定，则符合本测评单元指标要求，否则不符合或部分符合本测评单元指标要求。",,,
L4|8.1.3.2|L4-ABS1-09|202,JR/T 0072—2020,measurement-unit,L4-ABS1-09 测评单元,Extracted,1,L4-ABS1-09,"测评单元（L4-ABS1-09）
该测评单元包括以下要求：
a)   测评指标：应对源地址、 目的地址、源端口、 目的端口和协议等进行检查， 以允许/拒绝数据包进出。
b)   测评对象： 网闸、 防火墙、 路由器、 交换机和无线接入网关设备等提供访问控制功能的设备或相关组件。
c)   测评实施包括以下内容：
1)   应核查设备的访问控制策略中是否设定了源地址、 目的地址、源端口、 目的端口和协议等相关配置参数。
2)   应测试验证访问控制策略中设定的相关配置参数是否有效。
d)   单元判定：如果 1）和 2）均为肯定，则符合本测评单元指标要求，否则不符合或部分符合本测评单元指标要求。",,,
L4|8.1.3.2|L4-ABS1-11|203,JR/T 0072—2020,measurement-unit,L4-ABS1-11 测评单元,Extracted,1,L4-ABS1-11,"测评单元（L4-ABS1-11）
该测评单元包括以下要求：
a)   测评指标： 应在网络边界通过通信协议转换或通信协议隔离等方式进行数据交换。
b)   测评对象： 网闸等提供通信协议转换或通信协议隔离功能的设备或相关组件。
c)   测评实施包括以下内容：
1)   应核查是否采取通信协议转换或通信协议隔离等方式进行数据交换。
2)   应通过发送带通用协议的数据等测试方式，测试验证设备是否能够有效阻断。
d)   单元判定：如果 1）和 2）均为肯定，则符合本测评单元指标要求，否则不符合或部分符合本测评单元指标要求。",,,
L4|8.1.3.2|L4-ABS1-12|203,JR/T 0072—2020,measurement-unit,L4-ABS1-12 测评单元,Extracted,1,L4-ABS1-12,"测评单元（L4-ABS1-12）
该测评单元包括以下要求：
a)   测评指标： 应对网络设备系统自带的服务端口进行梳理，关掉不必要的系统服务端口 ，并建立相应的端口开放审批制度 。（F4）
b)   测评对象： 网闸等提供通信协议转换或通信协议隔离功能的设备或相关组件。
c)   测评实施包括以下内容：
1)   应核查是否梳理网络设备自带端口，并关闭不必要端口。
2)   应核查是否制定端口开放审批制度。
d)   单元判定：如果 1）和 2）均为肯定，则符合本测评单元指标要求，否则不符合或部分符合本测评单元指标要求。",,,
L4|8.1.3.2|L4-ABS1-13|203,JR/T 0072—2020,measurement-unit,L4-ABS1-13 测评单元,Extracted,1,L4-ABS1-13,"测评单元（L4-ABS1-13）
该测评单元包括以下要求：
a)   测评指标： 应每季度检查并锁定或撤销网络设备中不必要的用户账号 。（F4）
b)   测评对象： 网闸等提供通信协议转换或通信协议隔离功能的设备或相关组件。
c)   测评实施： 应核查是否按季度检查并锁定或撤销网络设备中不必要的用户账号。
d)   单元判定： 如果以上测评实施内容为肯定，则符合本测评单元指标要求，否则不符合本测评单元指标要求。",,,
L4|8.1.3.3|L4-ABS1-14|203,JR/T 0072—2020,measurement-unit,L4-ABS1-14 测评单元,Extracted,1,L4-ABS1-14,"测评单元（L4-ABS1-14）
该测评单元包括以下要求：
a)   测评指标： 应在关键网络节点处检测、 防止或限制从外部发起的网络攻击行为。
b)   测评对象：抗 APT 攻击系统、网络回溯系统、威胁情报检测系统、抗 DDoS 攻击系统和入侵保护系统或相关组件。
c)   测评实施包括以下内容：
1)   应核查相关系统或组件是否能够检测从外部发起的网络攻击行为。
2)   应核查相关系统或组件的规则库版本或威胁情报库是否已经更新到最新版本。
3)   应核查相关系统或组件的配置信息或安全策略是否能够覆盖网络所有关键节点。
4)   应测试验证相关系统或组件的配置信息或安全策略是否有效。
d)   单元判定： 如果 1）～4）均为肯定，则符合本测评单元指标要求，否则不符合或部分符合本测评单元指标要求。",,,
L4|8.1.3.3|L4-ABS1-15|204,JR/T 0072—2020,measurement-unit,L4-ABS1-15 测评单元,Extracted,1,L4-ABS1-15,"测评单元（L4-ABS1-15）
该测评单元包括以下要求：
a)   测评指标： 应在关键网络节点处检测、 防止或限制从内部发起的网络攻击行为。
b)   测评对象：抗 APT 攻击系统、网络回溯系统、威胁情报检测系统、抗 DDoS 攻击系统和入侵保护系统或相关组件。
c)   测评实施包括以下内容：
1)   应核查相关系统或组件是否能够检测到从内部发起的网络攻击行为。
2)   应核查相关系统或组件的规则库版本或威胁情报库是否已经更新到最新版本。
3)   应核查相关系统或组件的配置信息或安全策略是否能够覆盖网络所有关键节点。
4)   应测试验证相关系统或组件的配置信息或安全策略是否有效。
d)   单元判定： 如果 1）～4）均为肯定，则符合本测评单元指标要求，否则不符合或部分符合本测评单元指标要求。",,,
L4|8.1.3.3|L4-ABS1-16|204,JR/T 0072—2020,measurement-unit,L4-ABS1-16 测评单元,Extracted,1,L4-ABS1-16,"测评单元（L4-ABS1-16）
该测评单元包括以下要求：
a)   测评指标： 应采取技术措施对网络行为进行分析，实现对网络攻击特别是新型网络攻击行为的分析。
b)   测评对象： 抗 APT 攻击系统、 网络回溯系统和威胁情报检测系统或相关组件。
c)   测评实施包括以下内容：
1)   应核查是否部署相关系统或组件对新型网络攻击进行检测和分析。
2)   应测试验证是否对网络行为进行分析，实现对网络攻击特别是未知的新型网络攻击的检测和分析。
d)   单元判定：如果 1）和 2）均为肯定，则符合本测评单元指标要求，否则不符合或部分符合本测评单元指标要求。",,,
L4|8.1.3.3|L4-ABS1-17|204,JR/T 0072—2020,measurement-unit,L4-ABS1-17 测评单元,Extracted,1,L4-ABS1-17,"测评单元（L4-ABS1-17）
该测评单元包括以下要求：
a)   测评指标： 当检测到攻击行为时，记录攻击源 IP、攻击类型、攻击目标、攻击时间，在发生严重入侵事件时应提供报警。
b)   测评对象：抗 APT 攻击系统、网络回溯系统、威胁情报检测系统、抗 DDoS 攻击系统和入侵保护系统或相关组件。
c)   测评实施包括以下内容：
1)   应核查相关系统或组件的记录是否包括攻击源 IP、攻击类型、攻击目标、攻击时间等相关内容。
2)   应测试验证相关系统或组件的报警策略是否有效。
d)   单元判定：如果 1）和 2）均为肯定，则符合本测评单元指标要求，否则不符合或部分符合本测评单元指标要求。",,,
L4|8.1.3.3|L4-ABS1-18|204,JR/T 0072—2020,measurement-unit,L4-ABS1-18 测评单元,Extracted,1,L4-ABS1-18,"测评单元（L4-ABS1-18）
该测评单元包括以下要求：
a)   测评指标： 应采取技术手段对高级持续威胁进行监测、 发现 。（F4）
b)   测评对象：抗 APT 攻击系统、网络回溯系统、威胁情报检测系统、抗 DDoS 攻击系统和入侵保护系统或相关组件。
c)   测评实施： 应核查相关系统或组件是否采取技术手段对高级持续威胁进行监测、 发现。
d)   单元判定： 如果以上测评实施内容为肯定，则符合本测评单元指标要求，否则不符合本测评单元指标要求。",,,
L4|8.1.3.3|L4-ABS1-19|204,JR/T 0072—2020,measurement-unit,L4-ABS1-19 测评单元,Extracted,1,L4-ABS1-19,"测评单元（L4-ABS1-19）
该测评单元包括以下要求：
a)   测评指标： 入侵检测的管理系统应做到分级管理，对系统的部署做到逐级分布 。（F4）
b)   测评对象：抗 APT 攻击系统、网络回溯系统、威胁情报检测系统、抗 DDoS 攻击系统和入侵保护系统或相关组件。
c)   测评实施包括以下内容：
1)   应核查入侵检测的管理系统是否做到分级管理。
2)   应核查对系统的部署是否做到逐级分布。
d)   单元判定：如果 1）和 2）均为肯定，则符合本测评单元指标要求，否则不符合或部分符合本测评单元指标要求。",,,
L4|8.1.3.3|L4-ABS1-20|205,JR/T 0072—2020,measurement-unit,L4-ABS1-20 测评单元,Extracted,1,L4-ABS1-20,"测评单元（L4-ABS1-20）
该测评单元包括以下要求：
a)   测评指标： 应采用联动防护机制，及时识别网络攻击行为，并实现快速处置 。（F4）
b)   测评对象：抗 APT 攻击系统、网络回溯系统、威胁情报检测系统、抗 DDoS 攻击系统和入侵保护系统或相关组件。
c)   测评实施： 应核查是否采用联动防护机制及时识别网络攻击行为，并实现快速处置。
d)   单元判定： 如果以上测评实施内容为肯定，则符合本测评单元指标要求，否则不符合本测评单元指标要求。",,,
L4|8.1.3.4|L4-ABS1-21|205,JR/T 0072—2020,measurement-unit,L4-ABS1-21 测评单元,Extracted,1,L4-ABS1-21,"测评单元（L4-ABS1-21）
该测评单元包括以下要求：
a)   测评指标： 应在关键网络节点处对恶意代码进行检测和清除，并维护恶意代码防护机制的升级和更新。
b)   测评对象： 防病毒网关和 UTM 等提供防恶意代码功能的系统或相关组件。
c)   测评实施包括以下内容：
1)   应核查在关键网络节点处是否部署防恶意代码产品等技术措施。
2)   应核查防恶意代码产品运行是否正常，恶意代码库是否已经更新到最新。
3)   应测试验证相关系统或组件的安全策略是否有效。
d)   单元判定： 如果 1）～3）均为肯定，则符合本测评单元指标要求，否则不符合或部分符合本测评单元指标要求。",,,
L4|8.1.3.4|L4-ABS1-22|205,JR/T 0072—2020,measurement-unit,L4-ABS1-22 测评单元,Extracted,1,L4-ABS1-22,"测评单元（L4-ABS1-22）
该测评单元包括以下要求：
a)   测评指标： 应在关键网络节点处对垃圾邮件进行检测和防护，并维护垃圾邮件防护机制的升级和更新。
b)   测评对象： 防垃圾邮件网关等提供防垃圾邮件功能的系统或相关组件。
c)   测评实施包括以下内容：
1)   应核查在关键网络节点处是否部署了防垃圾邮件产品等技术措施。
2)   应核查防垃圾邮件产品运行是否正常， 防垃圾邮件规则库是否已经更新到最新。
3)   应测试验证相关系统或组件的安全策略是否有效。
d)   单元判定： 如果 1）～3）均为肯定，则符合本测评单元指标要求，否则不符合或部分符合本测评单元指标要求。",,,
L4|8.1.3.5|L4-ABS1-23|205,JR/T 0072—2020,measurement-unit,L4-ABS1-23 测评单元,Extracted,1,L4-ABS1-23,"测评单元（L4-ABS1-23）
该测评单元包括以下要求：
a)   测评指标： 应在网络边界、 重要网络节点进行安全审计，审计覆盖到每个用户，对重要的用户行为和重要安全事件进行审计。
b)   测评对象： 综合安全审计系统等。
c)   测评实施包括以下内容：
1)   应核查是否部署了综合安全审计系统或类似功能的系统平台。
2)   应核查安全审计范围是否覆盖到每个用户。
3)   应核查是否对重要的用户行为和重要安全事件进行了审计。
d)   单元判定： 如果 1）～3）均为肯定，则符合本测评单元指标要求，否则不符合或部分符合本测评单元指标要求。",,,
L4|8.1.3.5|L4-ABS1-24|206,JR/T 0072—2020,measurement-unit,L4-ABS1-24 测评单元,Extracted,1,L4-ABS1-24,"测评单元（L4-ABS1-24）
该测评单元包括以下要求：
a)   测评指标： 应记录无线网络接入行为，形成日志进行留存，保存时间不少于 6 个月 。（F4）
b)   测评对象： 综合安全审计系统等。
c)   测评实施包括以下内容：
1)   应核查是否有记录无线网络接入行为，并形成日志进行留存。
2)   应核查日志保存时间不少于 6 个月。
d)   单元判定：如果 1）和 2）均为肯定，则符合本测评单元指标要求，否则不符合或部分符合本测评单元指标要求。",,,
L4|8.1.3.5|L4-ABS1-25|206,JR/T 0072—2020,measurement-unit,L4-ABS1-25 测评单元,Extracted,1,L4-ABS1-25,"测评单元（L4-ABS1-25）
该测评单元包括以下要求：
a)   测评指标： 审计记录应包括事件的日期和时间、 用户、事件类型、事件是否成功及其他与审计相关的信息。
b)   测评对象： 综合安全审计系统等。
c)   测评实施： 应核查审计记录信息是否包括事件的日期和时间、 用户、事件类型、事件是否成功及其他与审计相关的信息。
d)   单元判定： 如果以上测评实施内容为肯定 ，则符合本测评单元指标要求，否则不符合本测评单元指标要求。",,,
L4|8.1.3.5|L4-ABS1-26|206,JR/T 0072—2020,measurement-unit,L4-ABS1-26 测评单元,Extracted,1,L4-ABS1-26,"测评单元（L4-ABS1-26）
该测评单元包括以下要求：
a)   测评指标： 应对审计记录进行保护，定期备份，避免受到未预期的删除、修改或覆盖等，审计记录保存时间不少于 6 个月 。（F4）
b)   测评对象： 综合安全审计系统等。
c)   测评实施包括以下内容：
1)   应核查是否采取了技术措施能够对审计记录进行保护。
2)   应核查是否采取技术措施对审计记录进行定期备份。
3)   应核查审计记录保存时间是否不少于 6 个月。
d)   单元判定： 如果 1）～3）均为肯定，则符合本测评单元指标要求，否则不符合或部分符合本测评单元指标要求。",,,
L4|8.1.3.5|L4-ABS1-27|206,JR/T 0072—2020,measurement-unit,L4-ABS1-27 测评单元,Extracted,1,L4-ABS1-27,"测评单元（L4-ABS1-27）
该测评单元包括以下要求：
a)   测评指标： 所有的审计手段需要具备统一的时间戳，保持审计的时间标记一致 。（F4）
b)   测评对象： 综合安全审计系统等。
c)   测评实施包括以下内容：
1)   应访谈网络安全管理员是否采用了技术手段进行网络设备时钟同步。
2)   应核查是否所有的审计手段都具备统一的时间戳。
3)   应抽查相关网络设备，核查是否时间一致。
d)   单元判定： 如果 1）～3）均为肯定，则符合本测评单元指标要求，否则不符合本测评单元指标要求。",,,
L4|8.1.4.1|L4-CES1-01|207,JR/T 0072—2020,measurement-unit,L4-CES1-01 测评单元,Extracted,1,L4-CES1-01,"测评单元（L4-CES1-01）
该测评单元包括以下要求：
a)   测评指标： 应对登录的用户进行身份标识和鉴别，身份标识具有唯一性 ，应实现身份鉴别信息防窃取和防重用 。静态口令应在 8 位以上 ，由字母、数字 、符号等混合组成 ，至少每 90 天更换口令一次 ，不允许新设定的口令与前三次旧口令相同 。 应用系统用户口令应在满足口令复杂度要求的基础上定期更换 。（F4）
b)   测评对象： 终端和服务器等设备中的操作系统（包括宿主机和虚拟机操作系统） 、 网络设备（包括虚拟网络设备） 、 安全设备（包括虚拟安全设备） 、 移动终端、 移动终端管理系统、 移动终端管理客户端、 感知节点设备、 网关节点设备、控制设备、业务应用系统、 数据库管理系统、 中间件和系统管理软件及系统设计文档等。
c)   测评实施包括以下内容：
1)   应核查用户在登录时是否采用了身份鉴别措施。
2)   应核查用户列表确认用户身份标识是否具有唯一性。
3)   应核查用户配置信息或测试验证是否不存在空口令用户。
4)   应核查用户身份鉴别信息是否具有防窃取和防重用措施。
5)   应核查除应用系统用户以外的用户静态口令是否在 8 位以上， 由字母、 数字、 符号等混合组成并至少每90 天更换一次，不允许新设定的口令与前三次旧口令相同。
6)   应核查应用系统用户静态口令是否满足 8 位以上，由字母、数字、符号混合组成并定期更换。
d)   单元判定： 如果 1）～6）均为肯定，则符合本测评单元指标要求，否则不符合或部分符合本测评单元指标要求。",,,
L4|8.1.4.1|L4-CES1-02|207,JR/T 0072—2020,measurement-unit,L4-CES1-02 测评单元,Extracted,1,L4-CES1-02,"测评单元（L4-CES1-02）
该测评单元包括以下要求：
a)   测评指标： 应具有登录失败处理功能，应配置并启用结束会话、 限制登录间隔、 限制非法登录次数和当登录连接超时自动退出等相关措施 。（F4）
b)   测评对象： 终端和服务器等设备中的操作系统（包括宿主机和虚拟机操作系统） 、 网络设备（包括虚拟网络设备） 、 安全设备（包括虚拟安全设备） 、 移动终端、 移动终端管理系统、 移动终端
管理客户端、感知节点设备、 网关节点设备、控制设备、业务应用系统、 数据库管理系统、 中间件和系统管理软件及系统设计文档等。
c)   测评实施包括以下内容：
1)   应核查是否配置并启用了登录失败处理功能。
2)   应核查是否配置并启用了限制非法登录功能，非法登录达到一定次数后采取特定动作，如账户锁定、 限制登录间隔等。
3)   应核查是否配置并启用了登录连接超时及自动退出功能。
d)   单元判定： 如果 1）～3）均为肯定，则符合本测评单元指标要求，否则不符合或部分符合本测评单元指标要求。",,,
L4|8.1.4.1|L4-CES1-04|208,JR/T 0072—2020,measurement-unit,L4-CES1-04 测评单元,Extracted,1,L4-CES1-04,"测评单元（L4-CES1-04）
该测评单元包括以下要求：
a)   测评指标： 当进行远程管理时，应对终端进行身份标识和鉴别，采用密码技术防止鉴别信息在网络传输过程中被窃听 。（F4）
b)   测评对象： 终端和服务器等设备中的操作系统（包括宿主机和虚拟机操作系统） 、 网络设备（包括虚拟网络设备） 、 安全设备（包括虚拟安全设备） 、 移动终端、 移动终端管理系统、 移动终端管理客户端、 感知节点设备、 网关节点设备、控制设备、业务应用系统、 数据库管理系统、 中间件和系统管理软件及系统设计文档等。
c)   测评实施：
1)   应核查是否对终端进行身份标识和鉴别。
2)   应核查是否采用密码技术等安全方式对系统进行远程管理， 防止鉴别信息在网络传输过程中被窃听。
d)   单元判定：如果 1）和 2）均为肯定，则符合本测评单元指标要求，否则不符合或部分符合本测评单元指标要求。",,,
L4|8.1.4.1|L4-CES1-05|208,JR/T 0072—2020,measurement-unit,L4-CES1-05 测评单元,Extracted,1,L4-CES1-05,"测评单元（L4-CES1-05）
该测评单元包括以下要求：
a)   测评指标： 应采用口令、 密码技术、 生物技术等两种或两种以上组合的鉴别技术对用户进行身份鉴别，且其中一种鉴别技术至少应使用密码技术来实现。
b)   测评对象： 终端和服务器等设备中的操作系统（包括宿主机和虚拟机操作系统） 、 网络设备（包括虚拟网络设备） 、 安全设备（包括虚拟安全设备） 、 移动终端、 移动终端管理系统、 移动终端管理客户端、 感知节点设备、 网关节点设备、控制设备、业务应用系统、 数据库管理系统、 中间件和系统管理软件及系统设计文档等。
c)   测评实施包括以下内容：
1)   应核查是否采用动态口令、 数字证书、 生物技术和设备指纹等两种或两种以上组合的鉴别技术对用户身份进行鉴别。
2)   应核查其中一种鉴别技术是否使用密码技术来实现。
d)   单元判定：如果 1）和 2）均为肯定，则符合本测评单元指标要求，否则不符合或部分符合本测评单元指标要求。",,,
L4|8.1.4.2|L4-CES1-07|209,JR/T 0072—2020,measurement-unit,L4-CES1-07 测评单元,Extracted,1,L4-CES1-07,"测评单元（L4-CES1-07）
该测评单元包括以下要求：
a)   测评指标： 应重命名或删除默认账户，修改默认账户和预设账户的默认口令 。（F4）
b)   测评对象： 终端和服务器等设备中的操作系统（包括宿主机和虚拟机操作系统） 、 网络设备（包括虚拟网络设备） 、 安全设备（包括虚拟安全设备） 、 移动终端、 移动终端管理系统、 移动终端管理客户端、感知节点设备、 网关节点设备、控制设备、业务应用系统、 数据库管理系统、 中间件和系统管理软件及系统设计文档等。
c)   测评实施包括以下内容：
1)   应核查是否已经重命名默认账户或默认账户已被删除。
2)   应核查是否已修改默认账户和预设账户的默认口令。
d)   单元判定：如果 1）或 2）为肯定，则符合本测评单元指标要求，否则不符合或部分符合本测评单元指标要求。",,,
L4|8.1.4.2|L4-CES1-08|209,JR/T 0072—2020,measurement-unit,L4-CES1-08 测评单元,Extracted,1,L4-CES1-08,"测评单元（L4-CES1-08）
该测评单元包括以下要求：
a)   测评指标： 应用系统应强制首次登录的用户修改默认账户或预设账户的默认口令 。（F4）
b)   测评对象： 业务应用系统。
c)   测评实施包括以下内容：
1)   应核查应用系统是否对首次登录的用户强制修改默认账户或预设账户的默认口令。
2)   应核查是否已修改默认账户或预设账户的默认口令。
d)   单元判定：如果 1）和 2）均为肯定，则符合本测评单元指标要求，否则不符合或部分符合本测评单元指标要求。",,,
L4|8.1.4.2|L4-CES1-09|209,JR/T 0072—2020,measurement-unit,L4-CES1-09 测评单元,Extracted,1,L4-CES1-09,"测评单元（L4-CES1-09）
该测评单元包括以下要求：
a)   测评指标： 宜通过技术手段定期检测是否存在多余的、 过期的账户 。（F4）
b)   测评对象： 终端和服务器等设备中的操作系统（包括宿主机和虚拟机操作系统） 、 网络设备（包括虚拟网络设备） 、 安全设备（包括虚拟安全设备） 、 移动终端、 移动终端管理系统、 移动终端管理客户端、感知节点设备、 网关节点设备、控制设备、业务应用系统、 数据库管理系统、 中间件和系统管理软件及系统设计文档等。
c)   测评实施： 应核查是否通过技术手段定期检测多余的、 过期的账户。
d)   单元判定： 如果以上测评实施内容为肯定，则符合本测评单元指标要求，否则不符合本测评单元指标要求。",,,
L4|8.1.4.2|L4-CES1-10|210,JR/T 0072—2020,measurement-unit,L4-CES1-10 测评单元,Extracted,1,L4-CES1-10,"测评单元（L4-CES1-10）
该测评单元包括以下要求：
a)   测评指标： 应及时删除或停用多余的、过期的账户，避免共享账户的存在。
b)   测评对象： 终端和服务器等设备中的操作系统（包括宿主机和虚拟机操作系统） 、 网络设备（包括虚拟网络设备） 、 安全设备（包括虚拟安全设备） 、 移动终端、 移动终端管理系统、 移动终端管理客户端、 感知节点设备、 网关节点设备、控制设备、业务应用系统、 数据库管理系统、 中间件和系统管理软件及系统设计文档等。
c)   测评实施包括以下内容：
1)   应核查是否不存在多余或过期账户，管理员用户与账户之间是否一一对应。
2)   应测试验证多余的、过期的账户是否被删除或停用。
d)   单元判定：如果 1）和 2）均为肯定，则符合本测评单元指标要求，否则不符合或部分符合本测评单元指标要求。",,,
L4|8.1.4.2|L4-CES1-11|210,JR/T 0072—2020,measurement-unit,L4-CES1-11 测评单元,Extracted,1,L4-CES1-11,"测评单元（L4-CES1-11）
该测评单元包括以下要求：
a)   测评指标： 应授予管理用户所需的最小权限，实现管理用户的权限分离。
b)   测评对象： 终端和服务器等设备中的操作系统（包括宿主机和虚拟机操作系统） 、 网络设备（包括虚拟网络设备） 、 安全设备（包括虚拟安全设备） 、 移动终端、 移动终端管理系统、 移动终端管理客户端、感知节点设备、 网关节点设备、控制设备、业务应用系统、 数据库管理系统、 中间件和系统管理软件及系统设计文档等。
c)   测评实施包括以下内容：
1)   应核查是否进行角色划分。
2)   应核查管理用户的权限是否已进行分离。
3)   应核查管理用户权限是否为其工作任务所需的最小权限。
d)   单元判定： 如果 1）～3）均为肯定，则符合本测评单元指标要求，否则不符合或部分符合本测评单元指标要求。",,,
L4|8.1.4.2|L4-CES1-12|210,JR/T 0072—2020,measurement-unit,L4-CES1-12 测评单元,Extracted,1,L4-CES1-12,"测评单元（L4-CES1-12）
该测评单元包括以下要求：
a)   测评指标： 应严格限制默认账户或预设账户的权限，如默认账户或预设账户的权限应为空权限或某单一功能专用权限等 。（F4）
b)   测评对象： 终端和服务器等设备中的操作系统（包括宿主机和虚拟机操作系统） 、 网络设备（包括虚拟网络设备） 、 安全设备（包括虚拟安全设备） 、 移动终端、 移动终端管理系统、 移动终端管理客户端、感知节点设备、 网关节点设备、控制设备、业务应用系统、 数据库管理系统、 中间件和系统管理软件及系统设计文档等。
c)   测评实施： 应核查是否严格限制默认账户或预设账户的权限，如将默认账户或预设账户的权限设置为空权限或某单一功能专用权限等。
d)   单元判定： 如果以上测评实施内容为肯定，则符合本测评单元指标要求，否则不符合本测评单元指标要求。",,,
L4|8.1.4.3|L4-CES1-16|211,JR/T 0072—2020,measurement-unit,L4-CES1-16 测评单元,Extracted,1,L4-CES1-16,"测评单元（L4-CES1-16）
该测评单元包括以下要求：
a)   测评指标： 应启用安全审计功能，审计覆盖到每个用户，对重要的用户行为和重要安全事件进行审计。
b)   测评对象： 终端和服务器等设备中的操作系统（包括宿主机和虚拟机操作系统） 、 网络设备（包括虚拟网络设备） 、 安全设备（包括虚拟安全设备） 、 移动终端、 移动终端管理系统、 移动终端管理客户端、感知节点设备、 网关节点设备、控制设备、业务应用系统、 数据库管理系统、 中间件和系统管理软件及系统设计文档等。
c)   测评实施包括以下内容：
1)   应核查是否开启了安全审计功能。
2)   应核查安全审计范围是否覆盖到每个用户。
3)   应核查是否对重要的用户行为和重要安全事件进行审计。
d)   单元判定： 如果 1）～3）均为肯定，则符合本测评单元指标要求，否则不符合或部分符合本测评单元指标要求。",,,
L4|8.1.4.3|L4-CES1-17|211,JR/T 0072—2020,measurement-unit,L4-CES1-17 测评单元,Extracted,1,L4-CES1-17,"测评单元（L4-CES1-17）
该测评单元包括以下要求：
a)   测评指标： 审计记录应包括事件的日期和时间、事件类型、主体标识、 客体标识和结果等。
b)   测评对象： 终端和服务器等设备中的操作系统（包括宿主机和虚拟机操作系统） 、 网络设备（包括虚拟网络设备） 、 安全设备（包括虚拟安全设备） 、 移动终端、 移动终端管理系统、 移动终端管理客户端、感知节点设备、 网关节点设备、控制设备、业务应用系统、 数据库管理系统、 中间件和系统管理软件及系统设计文档等。
c)   测评实施： 应核查审计记录信息是否包括事件的日期和时间、 用户、事件类型、事件是否成功及其他与审计相关的信息。
d)   单元判定： 如果以上测评实施内容为肯定 ，则符合本测评单元指标要求，否则不符合本测评单元指标要求。",,,
L4|8.1.4.3|L4-CES1-18|212,JR/T 0072—2020,measurement-unit,L4-CES1-18 测评单元,Extracted,1,L4-CES1-18,"测评单元（L4-CES1-18）
该测评单元包括以下要求：
a)   测评指标： 应对审计记录进行保护，定期备份，避免受到未预期的删除、修改或覆盖等，审计记录保存时间应不少于 6 个月 。（F4）
b)   测评对象： 终端和服务器等设备中的操作系统（包括宿主机和虚拟机操作系统） 、 网络设备（包括虚拟网络设备） 、 安全设备（包括虚拟安全设备） 、 移动终端、 移动终端管理系统、 移动终端管理客户端、感知节点设备、 网关节点设备、控制设备、业务应用系统、 数据库管理系统、 中间件和系统管理软件及系统设计文档等。
c)   测评实施包括以下内容：
1)   应核查是否采取了保护措施对审计记录进行保护。
2)   应核查是否采取技术措施对审计记录进行定期备份，并核查其备份策略。
3)   应核查审计记录保存时间是否不少于 6 个月。
d)   单元判定： 如果 1）～3）均为肯定，则符合本测评单元指标要求，否则不符合或部分符合本测评单元指标要求。",,,
L4|8.1.4.3|L4-CES1-19|212,JR/T 0072—2020,measurement-unit,L4-CES1-19 测评单元,Extracted,1,L4-CES1-19,"测评单元（L4-CES1-19）
该测评单元包括以下要求：
a)   测评指标： 应对审计进程或程序进行保护， 防止未经授权的中断 。（F4）
b)   测评对象： 终端和服务器等设备中的操作系统（包括宿主机和虚拟机操作系统） 、 网络设备（包括虚拟网络设备） 、 安全设备（包括虚拟安全设备） 、 移动终端、 移动终端管理系统、 移动终端管理客户端、感知节点设备、 网关节点设备、控制设备、业务应用系统、 数据库管理系统、 中间件和系统管理软件及系统设计文档等。
c)   测评实施： 应测试验证通过非审计管理员的其他账户来中断审计进程或程序，验证审计进程或程序是否受到保护。
d)   单元判定： 如果以上测评实施内容为肯定 ，则符合本测评单元指标要求，否则不符合本测评单元指标要求。",,,
L4|8.1.4.3|L4-CES1-21|212,JR/T 0072—2020,measurement-unit,L4-CES1-21 测评单元,Extracted,1,L4-CES1-21,"测评单元（L4-CES1-21）
该测评单元包括以下要求：
a)   测评指标： 审计记录产生时的时间应由系统范围内唯一确定的时钟产生， 以确保审计分析的一致性与正确性 。（F4）
b)   测评对象： 终端和服务器等设备中的操作系统（包括宿主机和虚拟机操作系统） 、 网络设备（包括虚拟网络设备） 、 安全设备（包括虚拟安全设备） 、 移动终端、 移动终端管理系统、 移动终端管理客户端、感知节点设备、 网关节点设备、控制设备、业务应用系统、 数据库管理系统、 中间件和系统管理软件及系统设计文档等。
c)   测评实施： 应测试验证审计记录产生时的时间是否由系统范围内唯一确定的时钟产生。
d)   单元判定： 如果以上测评实施内容为肯定 ，则符合本测评单元指标要求，否则不符合本测评单元指标要求。",,,
L4|8.1.4.4|L4-CES1-22|213,JR/T 0072—2020,measurement-unit,L4-CES1-22 测评单元,Extracted,1,L4-CES1-22,"测评单元（L4-CES1-22）
该测评单元包括以下要求：
a)   测评指标： 应遵循最小安装的原则，仅安装需要的组件和应用程序。
b)   测评对象： 终端和服务器等设备中的操作系统（包括宿主机和虚拟机操作系统） 、 网络设备（包括虚拟网络设备） 、 安全设备（包括虚拟安全设备） 、 移动终端、 移动终端管理系统、 移动终端管理客户端、 感知节点设备、 网关节点设备和控制设备等。
c)   测评实施包括以下内容：
1） 应核查是否遵循最小安装原则。
2） 应核查是否未安装非必要的组件和应用程序。
d)   单元判定：如果 1）和 2）均为肯定，则符合本测评单元指标要求，否则不符合或部分符合本测评单元指标要求。",,,
L4|8.1.4.4|L4-CES1-23|213,JR/T 0072—2020,measurement-unit,L4-CES1-23 测评单元,Extracted,1,L4-CES1-23,"测评单元（L4-CES1-23）
该测评单元包括以下要求：
a)   测评指标： 应关闭不需要的系统服务、 默认共享和高危端口。
b)   测评对象： 终端和服务器等设备中的操作系统（包括宿主机和虚拟机操作系统） 、 网络设备（包括虚拟网络设备） 、 安全设备（包括虚拟安全设备） 、 移动终端、 移动终端管理系统、 移动终端管理客户端、 感知节点设备、 网关节点设备和控制设备等。
c)   测评实施包括以下内容：
1)   应核查是否关闭了非必要的系统服务和默认共享。
2)   应核查是否不存在非必要的高危端口。
d)   单元判定：如 1）和 2）均为肯定，则符合本测评单元指标要求，否则不符合或部分符合本测评单元指标要求。",,,
L4|8.1.4.4|L4-CES1-24|213,JR/T 0072—2020,measurement-unit,L4-CES1-24 测评单元,Extracted,1,L4-CES1-24,"测评单元（L4-CES1-24）
该测评单元包括以下要求：
a)   测评指标： 应通过设定终端接入方式或网络地址范围对通过网络进行管理的管理终端进行限制。
b)   测评对象： 终端和服务器等设备中的操作系统（包括宿主机和虚拟机操作系统） 、 网络设备（包括虚拟网络设备） 、 安全设备（包括虚拟安全设备） 、 移动终端、 移动终端管理系统、 移动终端管理客户端、 感知节点设备、 网关节点设备和控制设备等。
c)   测评实施： 应核查配置文件或参数等是否对终端接入范围进行限制。
d)   单元判定： 如果以上测评实施内容为肯定 ，则符合本测评单元指标要求，否则不符合本测评单元指标要求。",,,
L4|8.1.4.4|L4-CES1-26|214,JR/T 0072—2020,measurement-unit,L4-CES1-26 测评单元,Extracted,1,L4-CES1-26,"测评单元（L4-CES1-26）
该测评单元包括以下要求：
a)   测评指标： 应能通过使用漏洞扫描工具、 人工漏洞排查分析等漏洞检查手段，及时发现可能存在的已知漏洞，并在经过充分测试评估后，及时修补漏洞 。（F4）
b)   测评对象： 终端和服务器等设备中的操作系统（包括宿主机和虚拟机操作系统） 、 网络设备（包括虚拟网络设备） 、 安全设备（包括虚拟安全设备） 、 移动终端、 移动终端管理系统、 移动终端管理客户端、感知节点设备、 网关节点设备、控制设备、业务应用系统、 数据库管理系统、 中间件和系统管理软件等。
c)   测评实施包括以下内容：
1)   应核查是否使用漏洞扫描工具、 人工漏洞排查分析等检查手段开展漏洞检查工作。
2)   应核查是否不存在高风险漏洞或在充分测试评估后及时修补漏洞。
d)   单元判定：如果 1）和 2）均为肯定，则符合本测评单元指标要求，否则不符合或部分符合本测评单元指标要求。",,,
L4|8.1.4.4|L4-CES1-27|214,JR/T 0072—2020,measurement-unit,L4-CES1-27 测评单元,Extracted,1,L4-CES1-27,"测评单元（L4-CES1-27）
该测评单元包括以下要求：
a)   测评指标：应能够检测到对所有节点进行入侵的行为，并在发生严重入侵事件时提供报警 。（F4）
b)   测评对象： 终端和服务器等设备中的操作系统（包括宿主机和虚拟机操作系统） 、 网络设备（包括虚拟网络设备） 、 安全设备（包括虚拟安全设备） 、 移动终端、 移动终端管理系统、 移动终端管理客户端、 感知节点设备、 网关节点设备和控制设备等。
c)   测评实施包括以下内容：
1)   应核查是否采取技术措施对所有节点进行入侵检测。
2)   应核查是否能对严重入侵事件进行报警，如声音、 邮件、 短信等方式 。。
d)   单元判定：如果 1）和 2）均为肯定，则符合本测评单元指标要求，否则不符合或部分符合本测评单元指标要求。",,,
L4|8.1.4.4|L4-CES1-28|214,JR/T 0072—2020,measurement-unit,L4-CES1-28 测评单元,Extracted,1,L4-CES1-28,"测评单元（L4-CES1-28）
该测评单元包括以下要求：
a)   测评指标：所有安全计算环境设备应全部专用化，生产设备不得进行与业务不相关的操作 。（F4）
b)   测评对象： 终端和服务器等设备中的操作系统（包括宿主机和虚拟机操作系统） 、 网络设备（包括虚拟网络设备） 、 安全设备（包括虚拟安全设备） 、 移动终端、 移动终端管理系统、 移动终端管理客户端、 感知节点设备、 网关节点设备和控制设备等。
c)   测评实施包括以下内容：
1)   应核查各安全计算环境设备的业务用途是否专用化。
2)   应核查各安全计算环境设备是否未进行过与业务用途不相关的操作。
d)   单元判定：如果 1）和 2）均为肯定，则符合本测评单元指标要求，否则不符合或部分符合本测评单元指标要求。",,,
L4|8.1.4.9|L4-CES1-38|217,JR/T 0072—2020,measurement-unit,L4-CES1-38 测评单元,Extracted,1,L4-CES1-38,"测评单元（L4-CES1-38）
该测评单元包括以下要求：
a)   测评指标： 应提供重要数据的本地数据备份与恢复功能，采取实时备份与异步备份或增量备份与完全备份的方式，增量数据备份每天一次 ，完全数据备份可根据系统的业务连续性保障相关指标（如 RPO，RTO） 以及系统数据的重要程度 、 行业监管要求，制定备份策略 。 备份介质场外存放，数据保存期限依照国家相关规定 。（F4）
b)   测评对象： 配置数据和业务数据。
c)   测评实施包括以下内容：
1)   应核查备份策略设置是否合理、配置是否正确。
2)   应核查是否按照备份策略进行本地备份。
3)   应核查备份结果是否与备份策略一致。
4)   应核查近期恢复测试记录是否能够进行正常的数据恢复。
5)   应核查备份介质是否场外存放。
6)   应核查备份数据保存期限是否满足国家相关规定。
d)   单元判定： 如果 1）～6）均为肯定，则符合本测评单元指标要求，否则不符合或部分符合本测评单元指标要求。",,,
L4|8.1.4.9|L4-CES1-39|218,JR/T 0072—2020,measurement-unit,L4-CES1-39 测评单元,Extracted,1,L4-CES1-39,"测评单元（L4-CES1-39）
该测评单元包括以下要求：
a)   测评指标： 应提供异地实时备份功能，利用通信网络将重要数据实时备份至备份场地。
b)   测评对象： 配置数据和业务数据。
c)   测评实施： 应核查是否提供异地实时备份功能，并通过网络将重要配置数据、 重要业务数据实时备份至备份场地。
d)   单元判定： 如果以上测评实施内容为肯定 ，则符合本测评单元指标要求，否则不符合本测评单元指标要求。",,,
L4|8.1.4.9|L4-CES1-40|218,JR/T 0072—2020,measurement-unit,L4-CES1-40 测评单元,Extracted,1,L4-CES1-40,"测评单元（L4-CES1-40）
该测评单元包括以下要求：
a)   测评指标： 应提供重要数据处理系统的热冗余，保证系统的高可用性。
b)   测评对象： 重要数据处理系统。
c)   测评实施包括以下内容：应核查重要数据处理系统（包括边界路由器、边界防火墙、核心交换机、应用服务器和数据库服务器等）是否采用热冗余方式部署。
d)   单元判定： 如果以上测评实施内容为肯定，则符合本测评单元指标要求，否则不符合本测评单元指标要求。",,,
L4|8.1.4.9|L4-CES1-41|218,JR/T 0072—2020,measurement-unit,L4-CES1-41 测评单元,Extracted,1,L4-CES1-41,"测评单元（L4-CES1-41）
该测评单元包括以下要求：
a)   测评指标： 应建立异地灾难备份中心，提供业务应用的实时切换。
b)   测评对象： 灾难备份中心及相关组件。
c)   测评实施包括以下内容：
1)   应核查是否建立异地灾难备份中心，配备灾难恢复所需的通信线路、 网络设备和数据处理设备。
2)   应核查是否提供业务应用的实时切换功能。
d)   单元判定：如果 1）和 2）均为肯定，则符合本测评单元指标要求，否则不符合或部分符合本测评单元指标要求。",,,
L4|8.1.5.1|L4-SMC1-01|221,JR/T 0072—2020,measurement-unit,L4-SMC1-01 测评单元,Extracted,1,L4-SMC1-01,"测评单元（L4-SMC1-01）
该测评单元包括以下要求：
a)   测评指标： 应对系统管理员进行身份鉴别， 只允许其通过特定的命令或操作界面进行系统管理操作，并对这些操作进行审计。
b)   测评对象： 提供集中系统管理功能的系统。
c)   测评实施包括以下内容：
1)   应核查是否对系统管理员进行身份鉴别。
2)   应核查是否只允许系统管理员通过特定的命令或操作界面进行系统管理操作。
3)   应核查是否对系统管理操作进行审计。
d)   单元判定： 如果 1）～3）均为肯定，则符合本测评单元指标要求，否则不符合或部分符合本测评单元指标要求。",,,
L4|8.1.5.1|L4-SMC1-02|222,JR/T 0072—2020,measurement-unit,L4-SMC1-02 测评单元,Extracted,1,L4-SMC1-02,"测评单元（L4-SMC1-02）
该测评单元包括以下要求：
a)   测评指标： 应通过系统管理员对系统的资源和运行进行配置、控制和管理，包括用户身份、 系统资源配置、 系统加载和启动、 系统运行的异常处理、数据和设备的备份与恢复等。
b)   测评对象： 提供集中系统管理功能的系统。
c)   测评实施： 应核查是否通过系统管理员对系统的资源和运行进行配置、控制和管理，包括用户身份、 系统资源配置、 系统加载和启动、 系统运行的异常处理、数据和设备的备份与恢复等。
d)   单元判定： 如果以上测评实施内容为肯定 ，则符合本测评单元指标要求，否则不符合本测评单元指标要求。",,,
L4|8.1.5.1|L4-SMC1-03|222,JR/T 0072—2020,measurement-unit,L4-SMC1-03 测评单元,Extracted,1,L4-SMC1-03,"测评单元（L4-SMC1-03）
该测评单元包括以下要求：
a)   测评指标： 应每月对设备的配置文件进行备份，发生变动时应及时备份 。（F4）
b)   测评对象： 提供集中系统管理功能的系统。
c)   测评实施包括以下内容：
1)   应核查是否每月对设备的配置文件进行备份。
2)   应核查系统发生变动时是否及时备份。
d)   单元判定：如果 1）和 2）均为肯定，则符合本测评单元指标要求，否则不符合或部分符合本测评单元指标要求。",,,
L4|8.1.5.1|L4-SMC1-04|222,JR/T 0072—2020,measurement-unit,L4-SMC1-04 测评单元,Extracted,1,L4-SMC1-04,"测评单元（L4-SMC1-04）
该测评单元包括以下要求：
a)   测评指标： 应使用自动化监控平台对设备运行状况进行实时监测 ，运维人员应每天定期查看并记录系统运行状况 。（F4）
b)   测评对象： 提供集中系统管理功能的系统和运维人员。
c)   测评实施包括以下内容：
1)   应核查是否使用自动化监控平台对设备运行状况进行实时监测。
2)   应核查运维人员是否每天定期查看并记录系统运行状况。
d)   单元判定：如果 1）和 2）均为肯定，则符合本测评单元指标要求，否则不符合或部分符合本测评单元指标要求。",,,
L4|8.1.5.1|L4-SMC1-05|222,JR/T 0072—2020,measurement-unit,L4-SMC1-05 测评单元,Extracted,1,L4-SMC1-05,"测评单元（L4-SMC1-05）
该测评单元包括以下要求：
a)   测评指标： 应每月检验网络设备软件版本信息 ，并通过有效测试验证进行相应的升级， 同时留存测试验证相关记录 。（F4）
b)   测评对象： 提供集中系统管理功能的系统。
c)   测评实施包括以下内容：
1)   应核查是否每月检验网络设备软件版本信息，并通过有效测试验证进行相应的升级。
2)   应核查是否具有网络设备软件版本升级测试验证相关记录。
d)   单元判定：如果 1）和 2）均为肯定，则符合本测评单元指标要求，否则不符合或部分符合本测评单元指标要求。",,,
L4|8.1.5.2|L4-SMC1-06|223,JR/T 0072—2020,measurement-unit,L4-SMC1-06 测评单元,Extracted,1,L4-SMC1-06,"测评单元（L4-SMC1-06）
该测评单元包括以下要求：
a)   测评指标： 应对审计管理员进行身份鉴别， 只允许其通过特定的命令或操作界面进行安全审计操作，并对这些操作进行审计。
b)   测评对象： 综合安全审计系统、 数据库审计系统等提供集中审计功能的系统。
c)   测评实施包括以下内容：
1)   应核查是否对审计管理员进行身份鉴别。
2)   应核查是否只允许审计管理员通过特定的命令或操作界面进行安全审计操作。
3)   应核查是否对安全审计操作进行审计。
d)   单元判定： 如果 1）～3）均为肯定，则符合本测评单元指标要求，否则不符合或部分符合本测评单元指标要求。",,,
L4|8.1.5.2|L4-SMC1-07|223,JR/T 0072—2020,measurement-unit,L4-SMC1-07 测评单元,Extracted,1,L4-SMC1-07,"测评单元（L4-SMC1-07）
该测评单元包括以下要求：
a)   测评指标： 应通过审计管理员对审计记录进行分析，并根据分析结果进行处理，包括根据安全审计策略对审计记录进行存储、 管理和查询等。
b)   测评对象： 综合安全审计系统、 数据库审计系统等提供集中审计功能的系统。
c)   测评实施： 应核查是否通过审计管理员对审计记录进行分析，并根据分析结果进行处理，包括根据安全审计策略对审计记录进行存储、 管理和查询等。
d)   单元判定： 如果以上测评实施内容为肯定 ，则符合本测评单元指标要求，否则不符合本测评单元指标要求。",,,
L4|8.1.5.2|L4-SMC1-08|223,JR/T 0072—2020,measurement-unit,L4-SMC1-08 测评单元,Extracted,1,L4-SMC1-08,"测评单元（L4-SMC1-08）
该测评单元包括以下要求：
a)   测评指标： 应严格限制审计数据的访问控制权限 ， 限制管理用户对审计数据的访问，实现管理用户和审计用户的权限分离，避免非授权的删除、修改或覆盖 。（F4）
b)   测评对象： 综合安全审计系统、 数据库审计系统等提供集中审计功能的系统。
c)   测评实施包括以下内容：
1)   应核查是否严格限制审计数据的访问控制权限， 限制管理用户对审计数据的访问。
2)   应核查管理用户和审计用户的权限是否分离。
d)   单元判定：如果 1）和 2）均为肯定，则符合本测评单元指标要求，否则不符合或部分符合本测评单元指标要求。",,,
L4|8.1.5.3|L4-SMC1-09|223,JR/T 0072—2020,measurement-unit,L4-SMC1-09 测评单元,Extracted,1,L4-SMC1-09,"测评单元（L4-SMC1-09）
该测评单元包括以下要求：
a)   测评指标： 应对安全管理员进行身份鉴别， 只允许其通过特定的命令或操作界面进行安全管理操作，并对这些操作进行审计。
b)   测评对象： 提供集中安全管理功能的系统。
c)   测评实施包括以下内容：
1)   应核查是否对安全管理员进行身份鉴别。
2)   应核查是否只允许安全管理员通过特定的命令或操作界面进行安全审计操作。
3)   应核查是否对安全管理操作进行审计。
d)   单元判定： 如果 1）～3）均为肯定，则符合本测评单元指标要求，否则不符合或部分符合本测评单元指标要求。",,,
L4|8.1.5.3|L4-SMC1-10|224,JR/T 0072—2020,measurement-unit,L4-SMC1-10 测评单元,Extracted,1,L4-SMC1-10,"测评单元（L4-SMC1-10）
该测评单元包括以下要求：
a)   测评指标： 应通过安全管理员对系统中的安全策略进行配置，包括安全参数的设置，主体、 客体进行统一安全标记，对主体进行授权，配置可信验证策略等。
b)   测评对象： 提供集中安全管理功能的系统。
c)   测评实施： 应核查是否通过安全管理员对系统中的安全策略进行配置，包括安全参数的设置，主体、 客体进行统一安全标记，对主体进行授权，配置可信验证策略等。
d)   单元判定： 如果以上测评实施内容为肯定 ，则符合本测评单元指标要求，否则不符合本测评单元指标要求。",,,
L4|8.1.5.4|L4-SMC1-11|224,JR/T 0072—2020,measurement-unit,L4-SMC1-11 测评单元,Extracted,1,L4-SMC1-11,"测评单元（L4-SMC1-11）
该测评单元包括以下要求：
a)   测评指标： 应划分出特定的管理区域，对分布在网络中的安全设备或安全组件进行管控。
b)   测评对象： 网络拓扑。
c)   测评实施包括以下内容：
1)   应核查是否划分出单独的网络区域用于部署安全设备或安全组件。
2)   应核查各个安全设备或安全组件是否集中部署在单独的网络区域内。
d)   单元判定：如果 1）和 2）均为肯定，则符合本测评单元指标要求，否则不符合或部分符合本测评单元指标要求。",,,
L4|8.1.5.4|L4-SMC1-12|224,JR/T 0072—2020,measurement-unit,L4-SMC1-12 测评单元,Extracted,1,L4-SMC1-12,"测评单元（L4-SMC1-12）
该测评单元包括以下要求：
a)   测评指标： 应能够建立一条安全的信息传输路径，对网络中的安全设备或安全组件进行管理。
b)   测评对象： 路由器、 交换机和防火墙等设备或相关组件。
c)   测评实施包括以下内容：
1)   应核查是否采用安全方式（如 SSH、HTTPS、IPSec VPN 等）对安全设备或安全组件进行管理。
2)   应核查是否使用独立的带外管理网络对安全设备或安全组件进行管理。
d)   单元判定：如果 1）或 2）为肯定，则符合本测评单元指标要求，否则不符合本测评单元指标要求。",,,
L4|8.1.5.4|L4-SMC1-13|224,JR/T 0072—2020,measurement-unit,L4-SMC1-13 测评单元,Extracted,1,L4-SMC1-13,"测评单元（L4-SMC1-13）
该测评单元包括以下要求：
a)   测评指标： 应对网络链路、 安全设备、 网络设备和服务器等的运行状况进行集中监测。
b)   测评对象： 综合网管系统等提供运行状态监测功能的系统。
c)   测评实施包括以下内容：
1)   应核查是否部署了具备运行状态监测功能的系统或设备， 能够对网络链路、 安全设备、 网络设备和服务器等的运行状况进行集中监测。
2)   应测试验证运行状态监测系统是否根据网络链路、 安全设备、 网络设备和服务器等的工作状态、 依据设定的阀值（或默认阀值） 实时报警。
d)   单元判定：如果 1）和 2）均为肯定，则符合本测评单元指标要求，否则不符合或部分符合本测评单元指标要求。",,,
L4|8.1.5.4|L4-SMC1-14|224,JR/T 0072—2020,measurement-unit,L4-SMC1-14 测评单元,Extracted,1,L4-SMC1-14,"测评单元（L4-SMC1-14）
该测评单元包括以下要求：
a)   测评指标： 应对分散在各个设备上的安全事件、 审计数据进行收集汇总和集中分析，并保证审计记录的留存时间符合法律法规要求 。（F4）
b)   测评对象： 综合安全审计系统、 数据库审计系统等提供集中审计功能的系统。
c)   测评实施包括以下内容：
1)   应核查各个设备是否配置并启用了相关策略，将安全事件、 审计数据发送到独立于设备自身的外部集中安全审计系统中。
2)   应核查是否部署统一的集中安全审计系统，统一收集和存储各设备日志，并根据需要进行集中审计分析。
3)   应核查审计记录的留存时间是否至少为 6 个月。
d)   单元判定： 如果 1）～3）均为肯定，则符合本测评单元指标要求，否则不符合或部分符合本测评单元指标要求。",,,
L4|8.1.5.4|L4-SMC1-15|225,JR/T 0072—2020,measurement-unit,L4-SMC1-15 测评单元,Extracted,1,L4-SMC1-15,"测评单元（L4-SMC1-15）
该测评单元包括以下要求：
a)   测评指标： 应对安全策略、 恶意代码、补丁升级等安全相关事项进行集中管理。
b)   测评对象： 提供集中安全管控功能的系统。
c)   测评实施包括以下内容：
1)   应核查是否能够对安全策略（如防火墙访问控制策略 、入侵保护系统防护策略 、WAF 安全防护策略等）进行集中管理。
2)   应核查是否实现对操作系统防恶意代码系统及网络恶意代码防护设备的集中管理，实现对防恶意代码病毒规则库的升级进行集中管理。
3)   应核查是否实现对各个系统或设备的补丁升级进行集中管理。
d)   单元判定： 如果 1）～3）均为肯定，则符合本测评单元指标要求，否则不符合或部分符合本测评单元指标要求。",,,
L4|8.1.5.4|L4-SMC1-16|225,JR/T 0072—2020,measurement-unit,L4-SMC1-16 测评单元,Extracted,1,L4-SMC1-16,"测评单元（L4-SMC1-16）
该测评单元包括以下要求：
a)   测评指标： 应能对网络中发生的各类安全事件进行识别、报警、 分析、 响应和处置 。（F4）
b)   测评对象： 提供集中安全管控功能的系统。
c)   测评实施包括以下内容：
1)   应核查是否部署了相关系统平台能够对各类安全事件进行分析、 响应和处置，并通过声光等方式实时报警。
2)   应核查监测范围是否能够覆盖网络所有关键路径。
d)   单元判定：如果 1）和 2）均为肯定，则符合本测评单元指标要求，否则不符合或部分符合本测评单元指标要求。",,,
L4|8.1.5.4|L4-SMC1-17|225,JR/T 0072—2020,measurement-unit,L4-SMC1-17 测评单元,Extracted,1,L4-SMC1-17,"测评单元（L4-SMC1-17）
该测评单元包括以下要求：
a)   测评指标： 应保证系统范围内的时间由唯一确定的时钟产生， 以保证各种数据的管理和分析在时间上的一致性。
b)   测评对象： 综合安全审计系统等。
c)   测评实施： 应核查是否在系统范围内统一使用了唯一确定的时钟源。
d)   单元判定： 如果以上测评实施内容为肯定 ，则符合本测评单元指标要求，否则不符合本测评单元指标要求。",,,
L4|8.1.5.4|L4-SMC1-18|225,JR/T 0072—2020,measurement-unit,L4-SMC1-18 测评单元,Extracted,1,L4-SMC1-18,"测评单元（L4-SMC1-18）
该测评单元包括以下要求：
a)   测评指标：应具有对高频度发生的相同安全事件进行合并告警，避免出现告警风暴的能力 。（F4）
b)   测评对象： 综合安全审计系统等。
c)   测评实施： 应核查是否具有对高频度发生的相同安全事件进行合并告警，避免出现告警风暴的能力。
d)   单元判定： 如果以上测评实施内容为肯定 ，则符合本测评单元指标要求，否则不符合本测评单元指标要求。",,,
L4|8.2.2.1|L4-CNS2-02|274,JR/T 0072—2020,measurement-unit,L4-CNS2-02 测评单元,Extracted,1,L4-CNS2-02,"测评单元（L4-CNS2-02）
该测评单元包括以下要求：
a)   测评指标：应实现不同云服务客户虚拟网络之间及同一云服务客户不同虚拟网络之间的隔离。（F4）
b)   测评对象： 网络资源隔离措施、 综合网管系统和云管理平台。
c)   测评实施包括以下内容：
1)   应核查云服务客户之间是否采取网络隔离措施。
2)   应核查同一云服务客户不同虚拟网络之间是否采取网络隔离措施。
3)   应核查云服务客户之间是否设置并启用网络资源隔离策略。
4)   应核查同一云服务客户不同虚拟网络之间是否设置并启用网络资源隔离策略。
5)   应测试验证不同云服务客户之间的网络隔离措施是否有效。
6)   应测试验证同一云服务客户不同虚拟网络之间的网络隔离措施是否有效。
d)   单元判定： 如果1） ～6）均为肯定，则符合本测评单元指标要求，否则不符合或部分符合本测评单元指标要求。",,,
L4|8.2.2.1|L4-CNS2-03|275,JR/T 0072—2020,measurement-unit,L4-CNS2-03 测评单元,Extracted,1,L4-CNS2-03,"测评单元（L4-CNS2-03）
该测评单元包括以下要求：
a)   测评指标： 应实现云计算平台的业务网络与管理网络安全隔离 。（F4）
b)   测评对象： 网络资源隔离措施、 综合网管系统和云管理平台。
c)   测评实施包括以下内容：
1)   应核查业务网络与管理网络之间是否存在隔离措施。
2)   应测试验证业务网络与管理网络之间的隔离措施是否有效。
d)   单元判定： 如果1）和2）均为肯定，则符合本测评单元指标要求，否则不符合或部分符合本测评单元指标要求。",,,
L4|8.2.2.1|L4-CNS2-04|275,JR/T 0072—2020,measurement-unit,L4-CNS2-04 测评单元,Extracted,1,L4-CNS2-04,"测评单元（L4-CNS2-04）
该测评单元包括以下要求：
a)   测评指标： 应具有根据云服务客户业务需求提供通信传输、边界防护、入侵防范等安全机制的能力。
b)   测评对象： 防火墙、入侵检测系统、入侵保护系统和抗APT攻击系统等安全设备。
c)   测评实施包括以下内容：
1)   应核查云计算平台是否具备为云服务客户提供通信传输、边界防护、入侵防范等安全防护机制的能力。
2)   应核查上述安全防护机制是否满足云服务客户的业务需求。
d)   单元判定： 如果1）和2）均为肯定，则符合本测评单元指标要求，否则不符合或部分符合本测评单元指标要求。",,,
L4|8.2.2.1|L4-CNS2-05|275,JR/T 0072—2020,measurement-unit,L4-CNS2-05 测评单元,Extracted,1,L4-CNS2-05,"测评单元（L4-CNS2-05）
该测评单元包括以下要求：
a)   测评指标： 应具有根据云服务客户业务需求自主设置安全策略的能力，包括划分安全区域 、 定义访问路径、选择安全组件、配置安全策略 。（F4）
b)   测评对象： 云管理平台、 网络管理平台、 网络设备和安全访问路径。
c)   测评实施包括以下内容：
1)   应核查云计算平台是否支持云服务客户自主定义安全策略，包括划分安全区域、 定义访问路径、选择安全组件、配置安全策略。
2)   应核查云服务客户是否能够自主设置安全策略，包括划分安全区域、 定义访问路径、选择安全组件、配置安全策略。
d)   单元判定： 如果1）和2）均为肯定，则符合本测评单元指标要求，否则不符合或部分符合本测评单元指标要求。",,,
L4|8.2.2.1|L4-CNS2-10|276,JR/T 0072—2020,measurement-unit,L4-CNS2-10 测评单元,Extracted,1,L4-CNS2-10,"测评单元（L4-CNS2-10）
该测评单元包括以下要求：
a)   测评指标： 对于团体云部署模式，应保证除广域网外为金融行业服务的网络物理硬件不与其他行业共享 。（F4）
b)   测评对象： 网络拓扑和云计算平台建设方案。
c)   测评实施包括以下内容：
1)   应核查云计算平台建设方案中是否对除广域网外为金融行业服务的网络物理硬件做出专用要求。
2)   应核查网络拓扑图中是否除广域网外为金融行业服务的交换机、 路由器等网络设备均为金融行业专用。
d)   单元判定： 如果1）和2）均为肯定，则符合本测评单元指标要求，否则不符合或部分符合本测评单元指标要求。",,,
L4|8.2.2.1|L4-CNS2-11|276,JR/T 0072—2020,measurement-unit,L4-CNS2-11 测评单元,Extracted,1,L4-CNS2-11,"测评单元（L4-CNS2-11）
该测评单元包括以下要求：
a)   测评指标： 应支持云服务客户监控所拥有各网络节点间的流量 。（F4）
b)   测评对象： 云计算平台监控措施和云计算平台建设方案。
c)   测评实施： 应核查云计算平台是否支持云服务客户监控所拥有各网络节点间的流量。
d)   单元判定： 如果以上测评实施内容为肯定，则符合本测评单元指标要求 ，否则不符合本测评单元指标要求。",,,
L4|8.2.3.1|L4-ABS2-01|277,JR/T 0072—2020,measurement-unit,L4-ABS2-01 测评单元,Extracted,1,L4-ABS2-01,"测评单元（L4-ABS2-01）
该测评单元包括以下要求：
a)   测评指标： 应在虚拟化网络边界部署访问控制机制，并设置访问控制规则。
b)   测评对象： 访问控制机制、 网络边界设备和虚拟化网络边界设备。
c)   测评实施包括以下内容：
1)   应核查是否在虚拟化网络边界部署访问控制机制，并设置访问控制规则。
2)   应核查并测试验证云计算平台和云服务客户业务系统虚拟化网络边界访问控制规则和访问控制策略是否有效。
3)   应核查并测试验证云计算平台的网络边界设备或虚拟化网络边界设备安全保障机制、访问控制规则和访问控制策略等是否有效。
4)   应核查并测试验证不同云服务客户间访问控制规则和访问控制策略是否有效。
5)   应核查并测试验证云服务客户不同安全保护等级业务系统之间访问控制规则和访问控制策略是否有效。
d)   单元判定： 如果1） ～5）均为肯定，则符合本测评单元指标要求，否则不符合或部分符合本测评单元指标要求。",,,
L4|8.2.3.1|L4-ABS2-02|277,JR/T 0072—2020,measurement-unit,L4-ABS2-02 测评单元,Extracted,1,L4-ABS2-02,"测评单元（L4-ABS2-02）
该测评单元包括以下要求：
a)   测评指标： 应在不同等级的网络区域边界部署访问控制机制，设置访问控制规则。
b)   测评对象： 网闸、 防火墙、 路由器和交换机等提供访问控制功能的设备。
c)   测评实施包括以下内容：
1)   应核查是否在不同等级的网络区域边界部署访问控制机制，设置访问控制规则。
2)   应核查不同安全等级网络区域边界的访问控制规则和访问控制策略是否有效。
3)   应测试验证不同安全等级的网络区域间进行非法访问时，是否可以正确拒绝该非法访问。
d)   单元判定： 如果1） ～3）均为肯定，则符合本测评单元指标要求，否则不符合或部分符合本测评单元指标要求。",,,
L4|8.2.3.1|L4-ABS2-03|277,JR/T 0072—2020,measurement-unit,L4-ABS2-03 测评单元,Extracted,1,L4-ABS2-03,"测评单元（L4-ABS2-03）
该测评单元包括以下要求：
a)   测评指标： 应实现虚拟机之间、 虚拟机与资源管理和调度平台之间、 虚拟机与外部网络之间的安全访问控制 。（F4）
b)   测评对象： 云计算平台。
c)   测评实施： 应核查云计算平台是否具备不同层面的访问控制能力，如在虚拟防火墙、虚拟路由器、虚拟交换机上配置访问控制策略，实现虚拟机之间、 虚拟机与管理平台之间、 虚拟机与外部网络之间访问控制。
d)   单元判定： 如果以上测评实施内容为肯定，则符合本测评单元指标要求 ，否则不符合本测评单元指标要求。",,,
L4|8.2.3.1|L4-ABS2-04|277,JR/T 0072—2020,measurement-unit,L4-ABS2-04 测评单元,Extracted,1,L4-ABS2-04,"测评单元（L4-ABS2-04）
该测评单元包括以下要求：
a)   测评指标： 应对云计算平台管理员访问管理网络进行访问控制 。（F4）
b)   测评对象： 云计算平台管理员访问控制策略。
c)   测评实施包括以下内容：
1)   应核查是否支持云计算平台管理员访问网络的身份验证和权限控制。
2)   应核查云计算平台对网络资源管理员的访问控制措施是否有效。
d)   单元判定： 如果1）和2）均为肯定，则符合本测评单元指标要求，否则不符合或部分符合本测评单元指标要求。",,,
L4|8.2.3.1|L4-ABS2-05|278,JR/T 0072—2020,measurement-unit,L4-ABS2-05 测评单元,Extracted,1,L4-ABS2-05,"测评单元（L4-ABS2-05）
该测评单元包括以下要求：
a)   测评指标： 应支持云服务客户通过VPN访问云计算平台 。（F4）
b)   测评对象： 云计算平台。
c)   测评实施包括以下内容：
1)   核查云计算平台是否支持向云服务客户提供 VPN。
2)   核查云服务客户是否可以通过 VPN 访问云计算平台。
d)   单元判定： 如果1）和2）均为肯定，则符合本测评单元指标要求，否则不符合或部分符合本测评单元指标要求。",,,
L4|8.2.3.1|L4-ABS2-06|278,JR/T 0072—2020,measurement-unit,L4-ABS2-06 测评单元,Extracted,1,L4-ABS2-06,"测评单元（L4-ABS2-06）
该测评单元包括以下要求：
a)   测评指标： 应支持云服务客户自行在虚拟网络边界设置访问控制规则 。（F4）
b)   测评对象： 访问控制机制、 网络边界设备和虚拟化网络边界设备。
c)   测评实施包括以下内容：
1)   核查云计算平台是否允许云服务客户在虚拟网络边界设置访问控制规则。
2)   核查云服务客户设置的访问控制规则等是否有效。
3)   测试虚拟化网络边界访问控制设备，验证是否可以正确拒绝违反访问控制规则的非法访问。
d)   单元判定： 如果1） ～3）均为肯定，则符合本测评单元指标要求，否则不符合或部分符合本测评单元指标要求。",,,
L4|8.2.3.1|L4-ABS2-07|278,JR/T 0072—2020,measurement-unit,L4-ABS2-07 测评单元,Extracted,1,L4-ABS2-07,"测评单元（L4-ABS2-07）
该测评单元包括以下要求：
a)   测评指标： 应支持云服务客户自行划分子网、 设置访问控制规则 。（F4）
b)   测评对象： 访问控制机制、 网络边界设备和虚拟化网络边界设备。
c)   测评实施包括以下内容：
1)   应核查云计算平台是否允许云服务客户自行划分子网、 设置访问控制规则。
2)   应核查云服务客户自行划分子网、 设置访问控制规则等是否有效。
3)   应测试虚拟化网络边界访问控制设备，验证是否可以正确拒绝违反访问控制规则的非法访问。
d)   单元判定： 如果1） ～3）均为肯定，则符合本测评单元指标要求，否则不符合或部分符合本测评单元指标要求。",,,
L4|8.2.3.2|L4-ABS2-08|278,JR/T 0072—2020,measurement-unit,L4-ABS2-08 测评单元,Extracted,1,L4-ABS2-08,"测评单元（L4-ABS2-08）
该测评单元包括以下要求：
a)   测评指标： 应能检测到云服务客户发起的网络攻击行为，并能记录攻击类型、 攻击时间、 攻击流量等。
b)   测评对象：抗APT攻击系统、网络回溯系统、威胁情报检测系统、抗DDoS攻击系统和入侵保护系统或相关组件。
c)   测评实施包括以下内容：
1)   应核查是否采取了入侵防范措施对网络入侵行为进行防范，如部署抗 APT 攻击系统、 网络回溯系统和网络入侵保护系统等入侵防范设备或相关组件。
2)   应核查部署的抗 APT 攻击系统、 网络入侵保护系统等入侵防范设备或相关组件的规则库升级方式，核查规则库是否进行及时更新。
3)   应核查部署的抗 APT 攻击系统、 网络入侵保护系统等入侵防范设备或相关组件是否具备异常流量、 大规模攻击流量、 高级持续性攻击的检测功能， 以及报警功能和清洗处置功能。
4)   应测试验证抗 APT 攻击系统、 网络入侵保护系统等入侵防范设备或相关组件对异常流量和未知威胁的监控策略是否有效（如模拟产生攻击动作，验证入侵防范设备或相关组件是否能记录攻击类型、 攻击时间、攻击流量）。
5)   应测试验证抗 APT 攻击系统、 网络入侵保护系统等入侵防范设备或相关组件对云服务客户网络攻击行为的报警策略是否有效（如模拟产生攻击动作，验证抗 APT 攻击系统或网络入侵保护系统是否能实时报警）。
6)   应核查抗 APT 攻击系统、网络入侵保护系统等入侵防范设备或相关组件是否具有对 SQL 注入、跨站脚本等攻击行为的发现和阻断能力。
7)   应核查抗 APT 攻击系统、 网络入侵保护系统等入侵防范设备或相关组件是否能够检测出具有恶意行为、过分占用计算资源和带宽资源等恶意行为的虚拟机。
8)   应核查云管理平台对云服务客户攻击行为的防范措施，核查是否能够对云服务客户的网络攻击行为进行记录，记录应包括攻击类型、 攻击时间和攻击流量等内容。
9)   应核查云管理平台或入侵防范设备是否能够对云计算平台内部发起的恶意攻击或恶意外连行为进行限制，核查是否能够对内部行为进行监控。
10) 通过对外攻击发生器伪造对外攻击行为，核查云服务客户的网络攻击日志，确认是否正确记录相应的攻击行为，攻击行为日志记录是否包含攻击类型、攻击时间、攻击者 IP 和攻击流量规模等内容。
11) 应核查运行虚拟机监控器（VMM）、容器监控器和云管理平台软件的物理主机，确认其安全加固手段是否能够避免或减少虚拟化共享带来的安全漏洞。
d)   单元判定：如果1）～11）均为肯定，则符合本测评单元指标要求，否则不符合或部分符合本测评单元指标要求。",,,
L4|8.2.3.2|L4-ABS2-09|279,JR/T 0072—2020,measurement-unit,L4-ABS2-09 测评单元,Extracted,1,L4-ABS2-09,"测评单元（L4-ABS2-09）
该测评单元包括以下要求：
a)   测评指标： 应能检测到对虚拟网络节点的网络攻击行为，并能记录攻击类型、 攻击时间、 攻击流量等。
b)   测评对象：抗APT攻击系统、网络回溯系统、威胁情报检测系统、抗DDoS攻击系统和入侵保护系统或相关组件。
c)   测评实施包括以下内容：
1)   应核查是否部署网络攻击行为检测设备或相关组件对虚拟网络节点的网络攻击行为进行防范，并能记录攻击类型、攻击时间、 攻击流量等。
2)   应核查网络攻击行为检测设备或相关组件的规则库是否为最新。
3)   应测试验证网络攻击行为检测设备或相关组件对异常流量和未知威胁的监控策略是否有效。
d)   单元判定： 如果1） ～3）均为肯定，则符合本测评单元指标要求，否则不符合或部分符合本测评单元指标要求。",,,
L4|8.2.3.2|L4-ABS2-10|279,JR/T 0072—2020,measurement-unit,L4-ABS2-10 测评单元,Extracted,1,L4-ABS2-10,"测评单元（L4-ABS2-10）
该测评单元包括以下要求：
a)   测评指标： 应能检测到虚拟机与宿主机、 虚拟机与虚拟机之间的异常流量。
b)   测评对象：虚拟机、宿主机、抗APT攻击系统、 网络回溯系统、威胁情报检测系统、抗DDoS攻击系统和入侵保护系统或相关组件。
c)   测评实施包括以下内容：
1)   应核查是否具备虚拟机与宿主机之间、虚拟机与虚拟机之间的异常流量的检测功能。
2)   应测试验证对异常流量的监测策略是否有效。
d)   单元判定： 如果1）和2）均为肯定，则符合本测评单元指标要求，否则不符合或部分符合本测评单元指标要求。",,,
L4|8.2.3.2|L4-ABS2-11|280,JR/T 0072—2020,measurement-unit,L4-ABS2-11 测评单元,Extracted,1,L4-ABS2-11,"测评单元（L4-ABS2-11）
该测评单元包括以下要求：
a)   测评指标： 应在检测到网络攻击行为、 异常流量情况时进行告警。
b)   测评对象：虚拟机、宿主机、抗APT攻击系统、 网络回溯系统、威胁情报检测系统、抗DDoS攻击系统和入侵保护系统或相关组件。
c)   测评实施包括以下内容：
1)   应核查检测到网络攻击行为、 异常流量时是否进行告警。
2)   应测试验证其对异常流量的监测策略是否有效。
d)   单元判定： 如果1）和2）均为肯定，则符合本测评单元指标要求，否则不符合或部分符合本测评单元指标要求。",,,
L4|8.2.3.2|L4-ABS2-12|280,JR/T 0072—2020,measurement-unit,L4-ABS2-12 测评单元,Extracted,1,L4-ABS2-12,"测评单元（L4-ABS2-12）
该测评单元包括以下要求：
a)   测评指标： 应检测和防护云计算平台内部虚拟机发起的针对云计算平台的攻击， 能够定位发起攻击的虚拟机，记录攻击类型、 攻击时间、 攻击流量等信息 。（F4）
b)   测评对象： 安全服务、 安全组件、监测信息。
c)   测评实施包括以下内容：
1)   应核查云计算平台是否对内部虚拟机发起的针对云计算平台的攻击进行识别、检测与防护。
2)   应核查云计算平台是否能够定位发起攻击的虚拟机，记录攻击类型、 攻击时间、攻击流量。
d)   单元判定： 如果1）和2）均为肯定，则符合本测评单元指标要求，否则不符合或部分符合本测评单元指标要求。",,,
L4|8.2.3.2|L4-ABS2-13|280,JR/T 0072—2020,measurement-unit,L4-ABS2-13 测评单元,Extracted,1,L4-ABS2-13,"测评单元（L4-ABS2-13）
该测评单元包括以下要求：
a)   测评指标：云服务客户通过互联网提供金融服务时，应支持DoS/DDoS攻击防护，通过清洗DoS/DDoS攻击流量，保障网络、服务器及上层应用的可用性 。（F4）
b)   测评对象： 入侵保护系统、DoS/DDoS防护模块或相关组件。
c)   测评实施包括以下内容：
1)   应核查系统是否具备对 DoS/DDoS 攻击的防护措施。
2)   应核查历史记录或测试验证对 DoS/DDoS 攻击的防护措施是否有效（如模拟产生攻击动作，验证入侵保护系统和相关组件等）。
d)   单元判定： 如果1）和2）均为肯定，则符合本测评单元指标要求，否则不符合或部分符合本测评单元指标要求。",,,
L4|8.2.3.2|L4-ABS2-14|280,JR/T 0072—2020,measurement-unit,L4-ABS2-14 测评单元,Extracted,1,L4-ABS2-14,"测评单元（L4-ABS2-14）
该测评单元包括以下要求：
a)   测评指标：云服务客户通过互联网提供金融服务时 ，应支持检测Web应用漏洞，拦截SQL注入、XSS攻击等多种Web应用攻击行为 。（F4）
b)   测评对象： 入侵保护系统、Web应用防火墙或相关组件。
c)   测评实施包括以下内容：
1)   应核查相关系统或设备是否具备 Web 应用漏洞检测功能 ，包括拦截 SQL 注入、XSS 攻击相关功能。
2)   应测试验证或核查历史记录判断相关系统或设备的检测措施是否有效。
d)   单元判定： 如果1）和2）均为肯定，则符合本测评单元指标要求，否则不符合或部分符合本测评单元指标要求。",,,
L4|8.2.3.3|L4-ABS2-15|281,JR/T 0072—2020,measurement-unit,L4-ABS2-15 测评单元,Extracted,1,L4-ABS2-15,"测评单元（L4-ABS2-15）
该测评单元包括以下要求：
a)   测评指标： 应对云服务商和云服务客户在远程管理时执行的特权命令进行审计，至少包括虚拟机删除、虚拟机重启。
b)   测评对象： 堡垒机或相关组件。
c)   测评实施包括以下内容：
1)   应核查云服务商（含第三方运维服务商）和云服务客户在远程管理时执行的远程特权命令是否有相关审计记录。
2)   应测试验证云服务商或云服务客户远程删除或重启虚拟机后，是否有产生相应审计记录。
d)   单元判定： 如果1）和2）均为肯定，则符合本测评单元指标要求，否则不符合或部分符合本测评单元指标要求。",,,
L4|8.2.3.3|L4-ABS2-16|281,JR/T 0072—2020,measurement-unit,L4-ABS2-16 测评单元,Extracted,1,L4-ABS2-16,"测评单元（L4-ABS2-16）
该测评单元包括以下要求：
a)   测评指标： 应保证云服务商对云服务客户系统和数据的操作可被云服务客户审计。
b)   测评对象： 综合审计系统或相关组件。
c)   测评实施包括以下内容：
1)   应核查是否能够保证云服务商对云服务客户系统和数据的操作（如增、删、 改、 查等操作）可被云服务客户审计。
2)   应测试验证云服务商对云服务客户系统和数据的操作是否可被云服务客户审计。
d)   单元判定： 如果1）和2）均为肯定，则符合本测评单元指标要求，否则不符合或部分符合本测评单元指标要求。",,,
L4|8.3.2.1|L4-CNS3-01|294,JR/T 0072—2020,measurement-unit,L4-CNS3-01 测评单元,Extracted,1,L4-CNS3-01,"测评单元（L4-CNS3-01）
该测评单元包括以下要求：
a)   测评指标： 应在移动终端与服务器之间建立安全的信息传输通道，例如使用有效安全版本的 TLS或 IPSec 等协议 。（F4）
b)   测评对象： 路由器、 交换机、 无线接入设备和防火墙等提供网络通信功能的设备或相关组件的协议。
c)   测评实施： 应劫持移动端与服务器之间传输协议，核查传输协议类型和版本是否安全。
d)   单元判定： 如果以上测评实施内容为肯定，则符合本测评单元指标要求，否则不符合本测评单元指标要求。",,,
L4|8.3.2.1|L4-CNS3-02|295,JR/T 0072—2020,measurement-unit,L4-CNS3-02 测评单元,Extracted,1,L4-CNS3-02,"测评单元（L4-CNS3-02）
该测评单元包括以下要求：
a)   测评指标： 客户端应用软件与服务器应进行双向认证，可通过密钥、证书等密码技术手段实现服务器与客户端应用软件之间的安全认证 。（F4）
b)   测评对象： 客户端认证协议。
c)   测评实施包括以下内容：
1)   应核查客户端应用软件与服务器应是否采用双向协议。
2)   应核查认证方式是否为安全认证方式。
d)   单元判定：如果 1）和 2）均为肯定，则符合本测评单元指标要求，否则不符合或部分符合本测评单元指标要求。",,,
L4|8.3.3.1|L4-ABS3-01|295,JR/T 0072—2020,measurement-unit,L4-ABS3-01 测评单元,Extracted,1,L4-ABS3-01,"测评单元（L4-ABS3-01）
该测评单元包括以下要求：
a)   测评指标： 应保证有线网络与无线网络边界之间的访问和数据流通过无线接入网关设备。
b)   测评对象： 无线接入网关设备。
c)   测评实施： 应核查有线网络与无线网络边界之间是否部署无线接入网关设备。
d)   单元判定： 如果以上测评实施内容为肯定，则符合本测评单元指标要求，否则不符合本测评单元指标要求。",,,
L4|8.3.3.3|L4-ABS3-03|296,JR/T 0072—2020,measurement-unit,L4-ABS3-03 测评单元,Extracted,1,L3-ABS3-03,"测评单元（L3-ABS3-03）
该测评单元包括以下要求：
a)   测评指标： 应能够检测到非授权无线接入设备和非授权移动终端的接入行为。
b)   测评对象： 终端准入控制系统、 移动终端管理系统或相关组件。
c)   测评实施包括以下内容：
1)   应核查是否能够检测非授权无线接入设备和移动终端的接入行为。
2)   应测试验证是否能够检测非授权无线接入设备和移动终端的接入行为。
d)   单元判定：如果 1）和 2）均为肯定，则符合本测评单元指标要求，否则不符合或部分符合本测评单元指标要求。",,,
L4|8.3.3.3|L4-ABS3-04|296,JR/T 0072—2020,measurement-unit,L4-ABS3-04 测评单元,Extracted,1,L4-ABS3-04,"测评单元（L4-ABS3-04）
该测评单元包括以下要求：
a)   测评指标： 应能够检测到针对无线接入设备的网络扫描、DDoS 攻击、密钥破解、 中间人攻击和欺骗攻击等行为。
b)   测评对象：抗 APT 攻击系统、网络回溯系统、威胁情报检测系统、抗 DDoS 攻击系统和入侵保护系统或相关组件。
c)   测评实施包括以下内容：
1)   应核查是否能够对网络扫描、DDoS 攻击、密钥破解、中间人攻击和欺骗攻击等行为进行检测。
2)   应核查规则库版本是否及时更新。
d)   单元判定：如果 1）和 2）均为肯定，则符合本测评单元指标要求，否则不符合或部分符合本测评单元指标要求。",,,
L4|8.3.3.3|L4-ABS3-05|296,JR/T 0072—2020,measurement-unit,L4-ABS3-05 测评单元,Extracted,1,L4-ABS3-05,"测评单元（L4-ABS3-05）
该测评单元包括以下要求：
a)   测评指标： 应能够检测到无线接入设备的SSID 广播、WPS 等高风险功能的开启状态。
b)   测评对象： 无线接入设备或相关组件。
c)   测评实施： 应核查是否能够检测无线接入设备的SSID 广播、WPS 等高风险功能的开启状态。
d)   单元判定： 如果以上测评实施内容为肯定，则符合本测评单元指标要求，否则不符合本测评单元指标要求。",,,
L4|8.3.3.3|L4-ABS3-06|296,JR/T 0072—2020,measurement-unit,L4-ABS3-06 测评单元,Extracted,1,L4-ABS3-06,"测评单元（L4-ABS3-06）
该测评单元包括以下要求：
a)   测评指标： 应禁用无线接入设备和无线接入网关存在风险的功能，如： SSID 广播、WEP 认证等。
b)   测评对象： 无线接入设备和无线接入网关设备。
c)   测评实施： 应核查是否关闭了SSID 广播、WEP 认证等存在风险的功能。
d)   单元判定： 如果以上测评实施内容为肯定，则符合本测评单元指标要求，否则不符合本测评单元指标要求。",,,
L4|8.3.3.3|L4-ABS3-07|296,JR/T 0072—2020,measurement-unit,L4-ABS3-07 测评单元,Extracted,1,L4-ABS3-07,"测评单元（L4-ABS3-07）
该测评单元包括以下要求：
a)   测评指标： 应禁止多个 AP 使用同一个鉴别密钥。
b)   测评对象： 无线接入设备。
c)   测评实施： 应核查是否分别使用了不同的鉴别密钥。
d)   单元判定： 如果以上测评实施内容为肯定，则符合本测评单元指标要求，否则不符合本测评单元指标要求。",,,
L4|8.3.3.3|L4-ABS3-08|297,JR/T 0072—2020,measurement-unit,L4-ABS3-08 测评单元,Extracted,1,L4-ABS3-08,"测评单元（L4-ABS3-08）
该测评单元包括以下要求：
a)   测评指标： 应能够阻断非授权无线接入设备或非授权移动终端。
b)   测评对象： 终端准入控制系统、 移动终端管理系统或相关组件。
c)   测评实施包括以下内容：
1)   应核查是否能够阻断非授权无线接入设备或非授权移动终端接入。
2)   应测试验证是否能够阻断非授权无线接入设备或非授权移动终端接入。
d)   单元判定：如果 1）和 2）均为肯定，则符合本测评单元指标要求，否则不符合或部分符合本测评单元指标要求。",,,
L4|8.4.2.1|L4-ABS4-01|303,JR/T 0072—2020,measurement-unit,L4-ABS4-01 测评单元,Extracted,1,L4-ABS4-01,"测评单元（L4-ABS4-01）
该测评单元包括以下要求：
a)   测评指标： 应保证只有授权的感知节点可以接入，应保证感知节点、 感知网关节点及处理应用层任意两者间相互鉴别和授权，非授权的感知节点、感知网关节点、处理应用层不能相互接入 。（F4）
b)   测评对象： 感知节点设备、感知网关节点及处理应用层和设计文档。
c)   测评实施包括以下内容：
1)   应核查感知节点、 感知网关节点及处理应用层任意两者间是否可相互进行鉴别和授权，是否至少支持基于网络标识、MAC 地址、通信协议、通信端口、 口令其一的身份鉴别机制。
2)   应对边界和感知层网络进行渗透测试，测试验证是否不存在绕过相关接入控制措施以及身份鉴别机制的方法。
d)   单元判定：如果 1）和 2）均为肯定，则符合本测评单元指标要求，否则不符合或部分符合本测评单元指标要求。",,,
L4|8.4.2.1|L4-ABS4-02|303,JR/T 0072—2020,measurement-unit,L4-ABS4-02 测评单元,Extracted,1,L4-ABS4-02,"测评单元（L4-ABS4-02）
该测评单元包括以下要求：
a)   测评指标： 每个感知节点和感知网关节点应具备传感网络中唯一标识，且该标识不应被非授权访问所篡改 。（F4）
b)   测评对象： 感知节点和感知网关节点设备的功能和系统设计文档、产品白皮书。
c)   测评实施包括以下内容：
1)   应核查感知节点和感知网关节点设备的功能和系统设计文档、产品白皮书，是否可创建永久唯一标识符。
2)   应核查感知节点和感知网关节点设备，创建的传感网络中唯一标识是否不可被非授权访问所篡改。
d)   单元判定：如果 1）和 2）均为肯定，则符合本测评单元指标要求，否则不符合或部分符合本测评单元指标要求。",,,
L4|8.4.2.1|L4-ABS4-03|304,JR/T 0072—2020,measurement-unit,L4-ABS4-03 测评单元,Extracted,1,L4-ABS4-03,"测评单元（L4-ABS4-03）
该测评单元包括以下要求：
a)   测评指标： 具有指令接收功能的感知节点设备，应保证只有授权过的系统、 终端可以对感知节点下发指令 。（F4）
b)   测评对象： 感知节点设备和设计文档。
c)   测评实施包括以下内容：
1)   应核查感知节点设备接入机制设计文档是否具有防止非法系统、 终端设备下发指令的设计内容。
2)   应对边界和感知层网络进行渗透测试，测试验证是否不存在非法下发指令的可能。
d)   单元判定：如果 1）和 2）均为肯定，则符合本测评单元指标要求，否则不符合或部分符合本测评单元指标要求。",,,
L4|8.4.2.2|L4-ABS4-05|304,JR/T 0072—2020,measurement-unit,L4-ABS4-05 测评单元,Extracted,1,L4-ABS4-05,"测评单元（L4-ABS4-05）
该测评单元包括以下要求：
a)   测评指标： 应能够限制与感知节点通信的目标地址， 以避免对陌生地址的攻击行为。
b)   测评对象： 感知节点设备和设计文档。
c)   测评实施包括以下内容：
1)   应核查感知层安全设计文档，是否有对感知节点通信目标地址的控制措施说明。
2)   应核查感知节点设备，是否配置了对感知节点通信目标地址的控制措施，相关参数配置是否符合设计要求。
3)   应对感知节点设备进行渗透测试，测试是否能够限制感知节点设备对违反访问控制策略的通信目标地址进行访问或攻击。
d)   单元判定：如果 1）至 3）均为肯定，则符合本测评单元指标要求，否则不符合或部分符合本测评单元指标要求。",,,
L4|8.4.2.2|L4-ABS4-06|304,JR/T 0072—2020,measurement-unit,L4-ABS4-06 测评单元,Extracted,1,L4-ABS4-06,"测评单元（L4-ABS4-06）
该测评单元包括以下要求：
a)   测评指标： 应能够限制与网关节点通信的目标地址， 以避免对陌生地址的攻击行为。
b)   测评对象： 网关节点设备和设计文档。
c)   测评实施包括以下内容：
1)   应核查感知层安全设计文档，是否有对网关节点通信目标地址的控制措施说明。
2)   应核查网关节点设备，是否配置了对网关节点通信目标地址的控制措施，相关参数配置是否符合设计要求。
3)   应对感知节点设备进行渗透测试，测试是否能够限制网关节点设备对违反访问控制策略的通信目标地址进行访问或攻击。
d)   单元判定：如果 1）至 3）均为肯定，则符合本测评单元指标要求，否则不符合或部分符合本测评单元指标要求。",,,
L4|8.4.2.2|L4-ABS4-07|305,JR/T 0072—2020,measurement-unit,L4-ABS4-07 测评单元,Extracted,1,L4-ABS4-07,"测评单元（L4-ABS4-07）
该测评单元包括以下要求：
a)   测评指标： 当感知网关节点检测到攻击行为时 ，应上报攻击源 IP、攻击类型 、攻击时间等信息。 （F4）
b)   测评对象： 网关节点设备和报警信息。
c)   测评实施包括以下内容：
1)   应测试验证当感知网关节点受到攻击行为是否进行报警。
2)   应测试验证报警信息是否包含攻击源 IP、攻击类型、 攻击时间等。
d)   单元判定： 如果 1）和 2）均为肯定 ，则符合本测评单元指标要求 ， 否则不符合或部分符合本测评单元指标要求。",,,
L4|8.4.3.2|L4-CES4-07|307,JR/T 0072—2020,measurement-unit,L4-CES4-07 测评单元,Extracted,1,L4-CES4-07,"测评单元（L4-CES4-07）
该测评单元包括以下要求：
a)   测评指标： 应具备过滤非法节点和伪造节点所发送的数据的能力。
b)   测评对象： 网关节点设备。
c)   测评实施包括以下内容：
1)   应核查是否具备过滤非法节点和伪造节点发送的数据的功能。
2)   应测试验证是否能够过滤非法节点和伪造节点发送的数据。
d)   单元判定： 如果 1）和 2）均为肯定 ，则符合本测评单元指标要求 ， 否则不符合或部分符合本测评单元指标要求。",,,
